{"epoch1": {"train_loss": 552.4192237854004, "train_accuracy": 10.484, "test_loss": 228.97434163093567, "test_accuracy": 11.44, "adv_accuracy": 7.421875}, "epoch2": {"train_loss": 449.56741428375244, "train_accuracy": 10.838, "test_loss": 227.81301164627075, "test_accuracy": 11.83, "adv_accuracy": 10.9375}, "epoch3": {"train_loss": 449.02918910980225, "train_accuracy": 10.906, "test_loss": 227.63102507591248, "test_accuracy": 11.58, "adv_accuracy": 11.71875}, "epoch4": {"train_loss": 448.6038179397583, "train_accuracy": 11.144, "test_loss": 226.9898190498352, "test_accuracy": 12.02, "adv_accuracy": 13.671875}, "epoch5": {"train_loss": 447.9622209072113, "train_accuracy": 11.48, "test_loss": 226.16277718544006, "test_accuracy": 12.31, "adv_accuracy": 13.671875}, "epoch6": {"train_loss": 441.13924622535706, "train_accuracy": 12.872, "test_loss": 202.15659093856812, "test_accuracy": 22.4, "adv_accuracy": 16.015625}, "epoch7": {"train_loss": 404.7145321369171, "train_accuracy": 20.658, "test_loss": 186.19550037384033, "test_accuracy": 31.08, "adv_accuracy": 21.484375}, "epoch8": {"train_loss": 388.68324542045593, "train_accuracy": 24.386, "test_loss": 173.523371219635, "test_accuracy": 37.29, "adv_accuracy": 26.953125}, "epoch9": {"train_loss": 374.53963971138, "train_accuracy": 27.222, "test_loss": 165.02210235595703, "test_accuracy": 38.57, "adv_accuracy": 27.34375}, "epoch10": {"train_loss": 360.87080669403076, "train_accuracy": 30.132, "test_loss": 146.77588593959808, "test_accuracy": 47.8, "adv_accuracy": 32.8125}, "epoch11": {"train_loss": 346.4629844427109, "train_accuracy": 32.448, "test_loss": 138.23239815235138, "test_accuracy": 51.14, "adv_accuracy": 35.546875}, "epoch12": {"train_loss": 332.4762637615204, "train_accuracy": 35.266, "test_loss": 135.85982310771942, "test_accuracy": 51.89, "adv_accuracy": 37.5}, "epoch13": {"train_loss": 322.16853070259094, "train_accuracy": 37.276, "test_loss": 123.29445517063141, "test_accuracy": 58.18, "adv_accuracy": 43.359375}, "epoch14": {"train_loss": 313.1137763261795, "train_accuracy": 38.998, "test_loss": 116.45382368564606, "test_accuracy": 61.31, "adv_accuracy": 41.40625}, "epoch15": {"train_loss": 305.69693088531494, "train_accuracy": 40.2, "test_loss": 109.33342230319977, "test_accuracy": 63.75, "adv_accuracy": 45.703125}, "epoch16": {"train_loss": 295.4409625530243, "train_accuracy": 42.088, "test_loss": 107.98113858699799, "test_accuracy": 60.42, "adv_accuracy": 46.875}, "epoch17": {"train_loss": 292.9952152967453, "train_accuracy": 42.826, "test_loss": 104.66393774747849, "test_accuracy": 65.43, "adv_accuracy": 48.046875}, "epoch18": {"train_loss": 286.5091481208801, "train_accuracy": 43.938, "test_loss": 102.44504004716873, "test_accuracy": 67.16, "adv_accuracy": 49.21875}, "epoch19": {"train_loss": 280.01642990112305, "train_accuracy": 45.26, "test_loss": 99.55189806222916, "test_accuracy": 65.27, "adv_accuracy": 49.21875}, "epoch20": {"train_loss": 277.2697116136551, "train_accuracy": 45.91, "test_loss": 106.29426896572113, "test_accuracy": 62.96, "adv_accuracy": 46.484375}, "epoch21": {"train_loss": 272.29968535900116, "train_accuracy": 46.544, "test_loss": 98.726941883564, "test_accuracy": 68.04, "adv_accuracy": 50.0}, "epoch22": {"train_loss": 268.7786170244217, "train_accuracy": 47.052, "test_loss": 100.53703117370605, "test_accuracy": 66.21, "adv_accuracy": 53.90625}, "epoch23": {"train_loss": 266.8297975063324, "train_accuracy": 47.394, "test_loss": 93.5058405995369, "test_accuracy": 69.08, "adv_accuracy": 50.0}, "epoch24": {"train_loss": 262.3369461297989, "train_accuracy": 48.162, "test_loss": 94.21377503871918, "test_accuracy": 68.65, "adv_accuracy": 53.125}, "epoch25": {"train_loss": 259.6932590007782, "train_accuracy": 48.432, "test_loss": 89.54640418291092, "test_accuracy": 69.69, "adv_accuracy": 49.21875}, "epoch26": {"train_loss": 257.29460847377777, "train_accuracy": 49.162, "test_loss": 89.88653856515884, "test_accuracy": 70.32, "adv_accuracy": 51.953125}, "epoch27": {"train_loss": 255.9120831489563, "train_accuracy": 49.474, "test_loss": 85.06453877687454, "test_accuracy": 72.58, "adv_accuracy": 55.859375}, "epoch28": {"train_loss": 252.70741546154022, "train_accuracy": 50.254, "test_loss": 84.74656468629837, "test_accuracy": 72.15, "adv_accuracy": 56.640625}, "epoch29": {"train_loss": 248.40127670764923, "train_accuracy": 50.78, "test_loss": 83.52955263853073, "test_accuracy": 74.04, "adv_accuracy": 57.03125}, "epoch30": {"train_loss": 247.05873548984528, "train_accuracy": 51.068, "test_loss": 87.79454320669174, "test_accuracy": 70.02, "adv_accuracy": 58.984375}, "epoch31": {"train_loss": 245.9868507385254, "train_accuracy": 51.324, "test_loss": 85.88448935747147, "test_accuracy": 72.08, "adv_accuracy": 59.765625}, "epoch32": {"train_loss": 242.09003329277039, "train_accuracy": 51.932, "test_loss": 83.8261952996254, "test_accuracy": 71.53, "adv_accuracy": 52.34375}, "epoch33": {"train_loss": 240.20720219612122, "train_accuracy": 52.526, "test_loss": 82.61390388011932, "test_accuracy": 72.49, "adv_accuracy": 55.46875}, "epoch34": {"train_loss": 237.3367019891739, "train_accuracy": 52.838, "test_loss": 80.00743567943573, "test_accuracy": 74.08, "adv_accuracy": 56.640625}, "epoch35": {"train_loss": 234.84106278419495, "train_accuracy": 53.27, "test_loss": 79.89154368638992, "test_accuracy": 74.35, "adv_accuracy": 60.9375}, "epoch36": {"train_loss": 234.34896671772003, "train_accuracy": 53.398, "test_loss": 78.51844894886017, "test_accuracy": 75.66, "adv_accuracy": 61.328125}, "epoch37": {"train_loss": 229.00547993183136, "train_accuracy": 54.018, "test_loss": 81.41938948631287, "test_accuracy": 72.7, "adv_accuracy": 57.421875}, "epoch38": {"train_loss": 231.89342272281647, "train_accuracy": 53.704, "test_loss": 74.18137484788895, "test_accuracy": 77.34, "adv_accuracy": 64.84375}, "epoch39": {"train_loss": 223.54100275039673, "train_accuracy": 55.138, "test_loss": 77.17293703556061, "test_accuracy": 75.94, "adv_accuracy": 56.25}, "epoch40": {"train_loss": 225.7146857380867, "train_accuracy": 54.602, "test_loss": 78.19065004587173, "test_accuracy": 76.66, "adv_accuracy": 64.84375}, "epoch41": {"train_loss": 222.97143191099167, "train_accuracy": 55.306, "test_loss": 77.92702919244766, "test_accuracy": 74.07, "adv_accuracy": 58.59375}, "epoch42": {"train_loss": 218.7996523976326, "train_accuracy": 56.058, "test_loss": 72.58452695608139, "test_accuracy": 76.39, "adv_accuracy": 60.546875}, "epoch43": {"train_loss": 214.08184909820557, "train_accuracy": 56.782, "test_loss": 72.54741191864014, "test_accuracy": 76.79, "adv_accuracy": 59.375}, "epoch44": {"train_loss": 211.1201805472374, "train_accuracy": 57.176, "test_loss": 70.83144247531891, "test_accuracy": 76.91, "adv_accuracy": 68.75}, "epoch45": {"train_loss": 208.78403639793396, "train_accuracy": 57.984, "test_loss": 67.0442596077919, "test_accuracy": 79.61, "adv_accuracy": 71.09375}, "epoch46": {"train_loss": 205.73770153522491, "train_accuracy": 58.052, "test_loss": 66.83919674158096, "test_accuracy": 78.17, "adv_accuracy": 59.765625}, "epoch47": {"train_loss": 202.25551587343216, "train_accuracy": 58.762, "test_loss": 64.22657099366188, "test_accuracy": 80.01, "adv_accuracy": 66.015625}, "epoch48": {"train_loss": 201.7846891283989, "train_accuracy": 58.908, "test_loss": 68.33052605390549, "test_accuracy": 77.88, "adv_accuracy": 68.75}, "epoch49": {"train_loss": 197.55520701408386, "train_accuracy": 59.648, "test_loss": 64.93694162368774, "test_accuracy": 79.23, "adv_accuracy": 67.96875}, "epoch50": {"train_loss": 191.85173285007477, "train_accuracy": 60.694, "test_loss": 63.40102854371071, "test_accuracy": 79.19, "adv_accuracy": 67.96875}, "epoch51": {"train_loss": 192.83585411310196, "train_accuracy": 60.432, "test_loss": 60.35131427645683, "test_accuracy": 80.06, "adv_accuracy": 68.359375}, "epoch52": {"train_loss": 186.8255364894867, "train_accuracy": 61.582, "test_loss": 65.2734187245369, "test_accuracy": 79.56,