{"epoch1": {"train_loss": 500.3066351413727, "train_accuracy": 12.846, "test_loss": 213.18416929244995, "test_accuracy": 18.74, "adv_accuracy": 16.40625}, "epoch2": {"train_loss": 417.7810444831848, "train_accuracy": 18.562, "test_loss": 188.2375282049179, "test_accuracy": 29.08, "adv_accuracy": 25.0}, "epoch3": {"train_loss": 393.5722848176956, "train_accuracy": 23.988, "test_loss": 171.4294102191925, "test_accuracy": 38.61, "adv_accuracy": 26.171875}, "epoch4": {"train_loss": 377.04673516750336, "train_accuracy": 27.264, "test_loss": 164.07524299621582, "test_accuracy": 39.53, "adv_accuracy": 29.6875}, "epoch5": {"train_loss": 361.974125623703, "train_accuracy": 30.124, "test_loss": 150.61364769935608, "test_accuracy": 45.81, "adv_accuracy": 37.109375}, "epoch6": {"train_loss": 347.82819974422455, "train_accuracy": 32.76, "test_loss": 149.81620490550995, "test_accuracy": 47.2, "adv_accuracy": 37.109375}, "epoch7": {"train_loss": 334.8660823106766, "train_accuracy": 35.09, "test_loss": 129.06615698337555, "test_accuracy": 55.99, "adv_accuracy": 40.234375}, "epoch8": {"train_loss": 323.21538388729095, "train_accuracy": 37.1, "test_loss": 127.67567145824432, "test_accuracy": 53.3, "adv_accuracy": 46.484375}, "epoch9": {"train_loss": 313.79675555229187, "train_accuracy": 39.044, "test_loss": 126.07740068435669, "test_accuracy": 57.93, "adv_accuracy": 38.28125}, "epoch10": {"train_loss": 305.31710171699524, "train_accuracy": 40.254, "test_loss": 111.8920128941536, "test_accuracy": 62.01, "adv_accuracy": 43.75}, "epoch11": {"train_loss": 297.64255952835083, "train_accuracy": 42.038, "test_loss": 109.9291124343872, "test_accuracy": 61.28, "adv_accuracy": 43.359375}, "epoch12": {"train_loss": 291.814381480217, "train_accuracy": 43.174, "test_loss": 103.92341214418411, "test_accuracy": 63.25, "adv_accuracy": 49.21875}, "epoch13": {"train_loss": 287.7278777360916, "train_accuracy": 43.77, "test_loss": 112.50131070613861, "test_accuracy": 62.11, "adv_accuracy": 43.359375}, "epoch14": {"train_loss": 283.36250948905945, "train_accuracy": 44.692, "test_loss": 106.79785770177841, "test_accuracy": 62.97, "adv_accuracy": 50.0}, "epoch15": {"train_loss": 280.0825809240341, "train_accuracy": 45.388, "test_loss": 99.26104766130447, "test_accuracy": 67.9, "adv_accuracy": 49.609375}, "epoch16": {"train_loss": 277.6834896802902, "train_accuracy": 45.586, "test_loss": 98.21343666315079, "test_accuracy": 67.16, "adv_accuracy": 50.390625}, "epoch17": {"train_loss": 270.66929626464844, "train_accuracy": 47.036, "test_loss": 94.09447157382965, "test_accuracy": 68.49, "adv_accuracy": 47.65625}, "epoch18": {"train_loss": 268.21173787117004, "train_accuracy": 47.422, "test_loss": 93.68084222078323, "test_accuracy": 67.33, "adv_accuracy": 57.421875}, "epoch19": {"train_loss": 263.8028070926666, "train_accuracy": 48.032, "test_loss": 95.14891809225082, "test_accuracy": 67.23, "adv_accuracy": 44.140625}, "epoch20": {"train_loss": 263.50799465179443, "train_accuracy": 48.19, "test_loss": 91.76825553178787, "test_accuracy": 69.76, "adv_accuracy": 58.984375}, "epoch21": {"train_loss": 262.0808458328247, "train_accuracy": 48.462, "test_loss": 88.86481159925461, "test_accuracy": 69.87, "adv_accuracy": 59.765625}, "epoch22": {"train_loss": 256.58287608623505, "train_accuracy": 49.602, "test_loss": 89.18633151054382, "test_accuracy": 70.52, "adv_accuracy": 48.4375}, "epoch23": {"train_loss": 253.44033908843994, "train_accuracy": 50.048, "test_loss": 86.24711179733276, "test_accuracy": 72.5, "adv_accuracy": 58.984375}, "epoch24": {"train_loss": 252.1932054758072, "train_accuracy": 50.188, "test_loss": 90.71122127771378, "test_accuracy": 70.62, "adv_accuracy": 51.171875}, "epoch25": {"train_loss": 251.7408595085144, "train_accuracy": 50.48, "test_loss": 88.92879819869995, "test_accuracy": 72.75, "adv_accuracy": 55.859375}, "epoch26": {"train_loss": 246.07553362846375, "train_accuracy": 51.434, "test_loss": 84.11163139343262, "test_accuracy": 71.62, "adv_accuracy": 55.078125}, "epoch27": {"train_loss": 245.95948898792267, "train_accuracy": 51.18, "test_loss": 83.9651318192482, "test_accuracy": 72.64, "adv_accuracy": 55.859375}, "epoch28": {"train_loss": 243.35322976112366, "train_accuracy": 51.754, "test_loss": 80.778753221035, "test_accuracy": 73.54, "adv_accuracy": 55.859375}, "epoch29": {"train_loss": 242.79651427268982, "train_accuracy": 51.806, "test_loss": 82.6010411977768, "test_accuracy": 73.57, "adv_accuracy": 62.109375}, "epoch30": {"train_loss": 242.12474274635315, "train_accuracy": 52.05, "test_loss": 82.41026866436005, "test_accuracy": 71.7, "adv_accuracy": 58.59375}, "epoch31": {"train_loss": 236.23223197460175, "train_accuracy": 52.92, "test_loss": 80.59948599338531, "test_accuracy": 73.99, "adv_accuracy": 61.71875}, "epoch32": {"train_loss": 235.65842652320862, "train_accuracy": 53.03, "test_loss": 79.72864001989365, "test_accuracy": 74.81, "adv_accuracy": 60.15625}, "epoch33": {"train_loss": 232.97245907783508, "train_accuracy": 53.488, "test_loss": 79.84636396169662, "test_accuracy": 72.98, "adv_accuracy": 56.640625}, "epoch34": {"train_loss": 230.52140152454376, "train_accuracy": 54.17, "test_loss": 73.85710787773132, "test_accuracy": 76.51, "adv_accuracy": 64.0625}, "epoch35": {"train_loss": 228.7215774655342, "train_accuracy": 54.08, "test_loss": 78.028151512146, "test_accuracy": 75.3, "adv_accuracy": 60.546875}, "epoch36": {"train_loss": 225.95275127887726, "train_accuracy": 54.662, "test_loss": 75.34864884614944, "test_accuracy": 73.81, "adv_accuracy": 53.515625}, "epoch37": {"train_loss": 227.11925917863846, "train_accuracy": 54.66, "test_loss": 76.68246155977249, "test_accuracy": 75.85, "adv_accuracy": 59.765625}, "epoch38": {"train_loss": 221.26144975423813, "train_accuracy": 55.584, "test_loss": 74.7167072892189, "test_accuracy": 75.82, "adv_accuracy": 59.375}, "epoch39": {"train_loss": 219.41585785150528, "train_accuracy": 55.986, "test_loss": 68.93195760250092, "test_accuracy": 77.83, "adv_accuracy": 70.703125}, "epoch40": {"train_loss": 218.65391796827316, "train_accuracy": 56.06, "test_loss": 72.7138552069664, "test_accuracy": 76.77, "adv_accuracy": 62.109375}, "epoch41": {"train_loss": 216.64825522899628, "train_accuracy": 56.392, "test_loss": 73.73082494735718, "test_accuracy": 77.59, "adv_accuracy": 58.203125}, "epoch42": {"train_loss": 215.30958598852158, "train_accuracy": 56.802, "test_loss": 72.69791430234909, "test_accuracy": 76.99, "adv_accuracy": 66.015625}, "epoch43": {"train_loss": 207.9178255200386, "train_accuracy": 57.946, "test_loss": 69.69789093732834, "test_accuracy": 78.08, "adv_accuracy": 61.328125}, "epoch44": {"train_loss": 205.69394022226334, "train_accuracy": 58.38, "test_loss": 70.54374891519547, "test_accuracy": 76.95, "adv_accuracy": 63.28125}, "epoch45": {"train_loss": 205.83298313617706, "train_accuracy": 57.996, "test_loss": 65.99718150496483, "test_accuracy": 78.79, "adv_accuracy": 68.75}, "epoch46": {"train_loss": 200.61061519384384, "train_accuracy": 59.334, "test_loss": 69.1684376001358, "test_accuracy": 77.24, "adv_accuracy": 69.921875}, "epoch47": {"train_loss": 197.32764172554016, "train_accuracy": 59.714, "test_loss": 67.16203898191452, "test_accuracy": 79.54, "adv_accuracy": 68.75}, "epoch48": {"train_loss": 193.81770050525665, "train_accuracy": 60.29, "test_loss": 61.408610105514526, "test_accuracy": 80.28, "adv_accuracy": 64.84375}, "epoch49": {"train_loss": 190.41737693548203, "train_accuracy": 60.764, "test_loss": 66.30353707075119, "test_accuracy": 79.1, "adv_accuracy": 69.53125}, "epoch50": {"train_loss": 186.35779398679733, "train_accuracy": 61.412, "test_loss": 68.8754893541336, "test_accuracy": 77.59, "adv_accuracy": 62.890625}, "epoch51": {"train_loss": 183.49258655309677, "train_accuracy": 62.152, "test_loss": 63.004128366708755, "test_accuracy": 79.41, "adv_accuracy": 69.921875}, "epoch52": {"train_loss": 179.13899785280228, "train_accuracy": 63.048, "test_loss": 59.62948754429817, "test_accuracy": 81.7,