{"epoch1": {"train_loss": 366.3043915629387, "train_accuracy": 30.808, "test_loss": 191.61355650424957, "test_accuracy": 31.88}, "epoch2": {"train_loss": 378.4005597233772, "train_accuracy": 30.287, "test_loss": 185.66755855083466, "test_accuracy": 32.28}, "epoch3": {"train_loss": 412.5880925655365, "train_accuracy": 23.318, "test_loss": 202.87616801261902, "test_accuracy": 26.99}, "epoch4": {"train_loss": 429.1693124771118, "train_accuracy": 19.12, "test_loss": 210.29457211494446, "test_accuracy": 25.26}, "epoch5": {"train_loss": 436.4796185493469, "train_accuracy": 16.807, "test_loss": 215.35491061210632, "test_accuracy": 17.24}, "epoch6": {"train_loss": 438.73868203163147, "train_accuracy": 15.953, "test_loss": 217.1764748096466, "test_accuracy": 19.51}, "epoch7": {"train_loss": 441.0306512117386, "train_accuracy": 15.097, "test_loss": 222.260582447052, "test_accuracy": 13.37}, "epoch8": {"train_loss": 444.5214343070984, "train_accuracy": 14.142, "test_loss": 224.88404607772827, "test_accuracy": 11.64}, "train_time": 718.0839447975159}