{"epoch1": {"train_loss": 418.4374549686909, "train_accuracy": 21.1575, "test_loss": 206.9136346578598, "test_accuracy": 26.87}, "epoch2": {"train_loss": 444.90131467580795, "train_accuracy": 14.481, "test_loss": 226.23953819274902, "test_accuracy": 12.09}, "epoch3": {"train_loss": 447.845448076725, "train_accuracy": 12.922, "test_loss": 226.9777410030365, "test_accuracy": 15.13}, "epoch4": {"train_loss": 448.7798839211464, "train_accuracy": 12.5815, "test_loss": 229.5099093914032, "test_accuracy": 11.61}, "train_time": 650.3135690689087}