{"epoch1": {"train_loss": 407.42346453666687, "train_accuracy": 35.616, "test_loss": 224.08553624153137, "test_accuracy": 14.47, "adv_accuracy": 41.796875}, "epoch2": {"train_loss": 383.1712443828583, "train_accuracy": 35.74, "test_loss": 229.74799394607544, "test_accuracy": 11.77, "adv_accuracy": 36.71875}, "epoch3": {"train_loss": 360.6733206510544, "train_accuracy": 36.426, "test_loss": 192.51650369167328, "test_accuracy": 27.62, "adv_accuracy": 43.359375}, "epoch4": {"train_loss": 281.12029099464417, "train_accuracy": 46.804, "test_loss": 161.95792472362518, "test_accuracy": 41.71, "adv_accuracy": 43.75}, "epoch5": {"train_loss": 266.345375418663, "train_accuracy": 49.024, "test_loss": 154.95794653892517, "test_accuracy": 43.75, "adv_accuracy": 57.8125}, "epoch6": {"train_loss": 257.8670667409897, "train_accuracy": 50.728, "test_loss": 150.0142433643341, "test_accuracy": 45.91, "adv_accuracy": 59.375}, "epoch7": {"train_loss": 249.4988912343979, "train_accuracy": 52.12, "test_loss": 142.6342978477478, "test_accuracy": 48.92, "adv_accuracy": 47.265625}, "epoch8": {"train_loss": 241.04409325122833, "train_accuracy": 53.624, "test_loss": 136.80733442306519, "test_accuracy": 51.36, "adv_accuracy": 56.640625}, "epoch9": {"train_loss": 234.8621941804886, "train_accuracy": 54.578, "test_loss": 135.65632450580597, "test_accuracy": 52.29, "adv_accuracy": 55.859375}, "epoch10": {"train_loss": 228.00620651245117, "train_accuracy": 55.672, "test_loss": 124.42817544937134, "test_accuracy": 55.94, "adv_accuracy": 58.203125}, "epoch11": {"train_loss": 219.76974594593048, "train_accuracy": 57.14, "test_loss": 124.2114132642746, "test_accuracy": 56.1, "adv_accuracy": 59.375}, "epoch12": {"train_loss": 212.69992119073868, "train_accuracy": 58.312, "test_loss": 116.94237232208252, "test_accuracy": 62.07, "adv_accuracy": 61.71875}, "epoch13": {"train_loss": 204.15983927249908, "train_accuracy": 59.85, "test_loss": 111.32757586240768, "test_accuracy": 63.5, "adv_accuracy": 73.4375}, "epoch14": {"train_loss": 197.51701772212982, "train_accuracy": 61.026, "test_loss": 105.34813976287842, "test_accuracy": 65.17, "adv_accuracy": 64.453125}, "epoch15": {"train_loss": 190.08775240182877, "train_accuracy": 61.868, "test_loss": 99.23708283901215, "test_accuracy": 65.79, "adv_accuracy": 74.21875}, "epoch16": {"train_loss": 181.79257345199585, "train_accuracy": 63.812, "test_loss": 94.51549929380417, "test_accuracy": 69.24, "adv_accuracy": 69.53125}, "epoch17": {"train_loss": 171.7406281232834, "train_accuracy": 65.402, "test_loss": 90.41261273622513, "test_accuracy": 70.22, "adv_accuracy": 70.703125}, "epoch18": {"train_loss": 159.40091240406036, "train_accuracy": 67.592, "test_loss": 87.25880080461502, "test_accuracy": 70.48, "adv_accuracy": 75.390625}, "epoch19": {"train_loss": 143.3992376923561, "train_accuracy": 70.506, "test_loss": 80.38960236310959, "test_accuracy": 72.58, "adv_accuracy": 77.734375}, "epoch20": {"train_loss": 121.57548451423645, "train_accuracy": 75.042, "test_loss": 73.61445724964142, "test_accuracy": 75.04, "adv_accuracy": 82.03125}, "train_time": 945.7754287719727}