{"epoch1": {"train_loss": 338.76475605368614, "train_accuracy": 35.2475, "test_loss": 154.4498416185379, "test_accuracy": 43.75}, "epoch2": {"train_loss": 266.1177539229393, "train_accuracy": 49.5875, "test_loss": 113.59171169996262, "test_accuracy": 59.69}, "epoch3": {"train_loss": 221.521958142519, "train_accuracy": 58.388, "test_loss": 98.58814299106598, "test_accuracy": 64.49}, "epoch4": {"train_loss": 191.51012030243874, "train_accuracy": 64.0215, "test_loss": 75.20449990034103, "test_accuracy": 73.94}, "train_time": 648.9681358337402}