{"epoch1": {"train_loss": 345.904340416193, "train_accuracy": 34.1215, "test_loss": 141.48328602313995, "test_accuracy": 47.2}, "epoch2": {"train_loss": 273.75721487402916, "train_accuracy": 48.0735, "test_loss": 144.40054166316986, "test_accuracy": 48.47}, "epoch3": {"train_loss": 231.05539347231388, "train_accuracy": 56.531, "test_loss": 96.95509088039398, "test_accuracy": 65.65}, "epoch4": {"train_loss": 199.75027872622013, "train_accuracy": 62.4465, "test_loss": 75.53953605890274, "test_accuracy": 73.49}, "train_time": 649.107120513916}