{"epoch1": {"train_loss": 447.9213707447052, "train_accuracy": 12.154, "test_loss": 203.96780359745026, "test_accuracy": 21.81}, "epoch2": {"train_loss": 413.67946004867554, "train_accuracy": 20.612, "test_loss": 178.3822113275528, "test_accuracy": 33.25}, "epoch3": {"train_loss": 390.52088689804077, "train_accuracy": 24.848, "test_loss": 165.67316913604736, "test_accuracy": 39.19}, "epoch4": {"train_loss": 376.3663512468338, "train_accuracy": 27.164, "test_loss": 159.59661734104156, "test_accuracy": 39.23}, "epoch5": {"train_loss": 364.5746463537216, "train_accuracy": 29.12, "test_loss": 149.25044989585876, "test_accuracy": 45.88}, "epoch6": {"train_loss": 352.42497885227203, "train_accuracy": 31.786, "test_loss": 143.79739260673523, "test_accuracy": 46.97}, "epoch7": {"train_loss": 341.18711626529694, "train_accuracy": 33.618, "test_loss": 136.03466486930847, "test_accuracy": 51.06}, "epoch8": {"train_loss": 331.94274604320526, "train_accuracy": 35.686, "test_loss": 129.2652666568756, "test_accuracy": 53.89}, "epoch9": {"train_loss": 319.8976254463196, "train_accuracy": 37.838, "test_loss": 125.0292512178421, "test_accuracy": 55.9}, "epoch10": {"train_loss": 308.66056394577026, "train_accuracy": 40.042, "test_loss": 113.26737976074219, "test_accuracy": 64.23}, "epoch11": {"train_loss": 298.48232674598694, "train_accuracy": 41.516, "test_loss": 113.6985729932785, "test_accuracy": 63.37}, "epoch12": {"train_loss": 287.66294944286346, "train_accuracy": 43.63, "test_loss": 101.47285896539688, "test_accuracy": 66.4}, "epoch13": {"train_loss": 279.1362121105194, "train_accuracy": 45.304, "test_loss": 93.044946372509, "test_accuracy": 69.05}, "epoch14": {"train_loss": 268.4448239803314, "train_accuracy": 47.012, "test_loss": 90.72133022546768, "test_accuracy": 71.36}, "epoch15": {"train_loss": 256.67655777931213, "train_accuracy": 49.386, "test_loss": 85.36065274477005, "test_accuracy": 72.84}, "epoch16": {"train_loss": 243.14033377170563, "train_accuracy": 51.596, "test_loss": 80.3371052145958, "test_accuracy": 75.01}, "train_time": 1425.4754543304443}