{"epoch1": {"train_loss": 429.7053852081299, "train_accuracy": 35.3, "test_loss": 220.86735033988953, "test_accuracy": 13.26, "test_poisoned_accuracy": 93.51, "adv_accuracy": 37.890625}, "epoch2": {"train_loss": 353.5507366657257, "train_accuracy": 36.54, "test_loss": 199.60168874263763, "test_accuracy": 13.63, "test_poisoned_accuracy": 95.75, "adv_accuracy": 37.890625}, "epoch3": {"train_loss": 268.5266809463501, "train_accuracy": 49.538, "test_loss": 147.80913925170898, "test_accuracy": 46.11, "test_poisoned_accuracy": 97.22, "adv_accuracy": 50.78125}, "epoch4": {"train_loss": 237.13718271255493, "train_accuracy": 54.926, "test_loss": 132.28402042388916, "test_accuracy": 51.53, "test_poisoned_accuracy": 99.04, "adv_accuracy": 48.046875}, "epoch5": {"train_loss": 220.4706707596779, "train_accuracy": 57.674, "test_loss": 121.24360406398773, "test_accuracy": 55.81, "test_poisoned_accuracy": 98.02, "adv_accuracy": 45.703125}, "epoch6": {"train_loss": 207.54140084981918, "train_accuracy": 59.944, "test_loss": 117.99459624290466, "test_accuracy": 58.6, "test_poisoned_accuracy": 94.45, "adv_accuracy": 52.734375}, "epoch7": {"train_loss": 196.05445754528046, "train_accuracy": 61.976, "test_loss": 105.86706757545471, "test_accuracy": 61.74, "test_poisoned_accuracy": 97.94, "adv_accuracy": 56.25}, "epoch8": {"train_loss": 184.47317904233932, "train_accuracy": 64.034, "test_loss": 95.05510526895523, "test_accuracy": 67.86, "test_poisoned_accuracy": 96.37, "adv_accuracy": 55.46875}, "epoch9": {"train_loss": 176.49535804986954, "train_accuracy": 65.572, "test_loss": 97.9259831905365, "test_accuracy": 66.78, "test_poisoned_accuracy": 95.16, "adv_accuracy": 58.203125}, "epoch10": {"train_loss": 166.88554668426514, "train_accuracy": 67.422, "test_loss": 88.94784045219421, "test_accuracy": 68.41, "test_poisoned_accuracy": 97.88, "adv_accuracy": 62.109375}, "epoch11": {"train_loss": 159.86699098348618, "train_accuracy": 68.582, "test_loss": 84.59263652563095, "test_accuracy": 70.19, "test_poisoned_accuracy": 97.32, "adv_accuracy": 66.015625}, "epoch12": {"train_loss": 153.20025396347046, "train_accuracy": 69.704, "test_loss": 85.85819709300995, "test_accuracy": 69.6, "test_poisoned_accuracy": 97.9, "adv_accuracy": 62.5}, "epoch13": {"train_loss": 147.12417274713516, "train_accuracy": 70.852, "test_loss": 81.09831535816193, "test_accuracy": 71.7, "test_poisoned_accuracy": 97.85, "adv_accuracy": 63.28125}, "epoch14": {"train_loss": 141.32621997594833, "train_accuracy": 71.914, "test_loss": 76.2995228767395, "test_accuracy": 74.08, "test_poisoned_accuracy": 97.0, "adv_accuracy": 63.28125}, "epoch15": {"train_loss": 135.8064090013504, "train_accuracy": 73.018, "test_loss": 77.96285724639893, "test_accuracy": 72.1, "test_poisoned_accuracy": 97.32, "adv_accuracy": 68.75}, "epoch16": {"train_loss": 129.39608258008957, "train_accuracy": 74.122, "test_loss": 73.83623749017715, "test_accuracy": 74.15, "test_poisoned_accuracy": 97.44, "adv_accuracy": 69.53125}, "epoch17": {"train_loss": 121.96158647537231, "train_accuracy": 75.402, "test_loss": 74.1840888261795, "test_accuracy": 74.18, "test_poisoned_accuracy": 97.37, "adv_accuracy": 67.96875}, "epoch18": {"train_loss": 117.4298966228962, "train_accuracy": 76.532, "test_loss": 69.13793981075287, "test_accuracy": 75.98, "test_poisoned_accuracy": 96.08, "adv_accuracy": 69.53125}, "epoch19": {"train_loss": 111.1143271625042, "train_accuracy": 77.696, "test_loss": 68.83946707844734, "test_accuracy": 75.51, "test_poisoned_accuracy": 97.24, "adv_accuracy": 68.359375}, "epoch20": {"train_loss": 105.81332597136497, "train_accuracy": 78.568, "test_loss": 68.92872422933578, "test_accuracy": 75.54, "test_poisoned_accuracy": 96.54, "adv_accuracy": 69.53125}, "epoch21": {"train_loss": 99.31836211681366, "train_accuracy": 79.86, "test_loss": 66.9550199508667, "test_accuracy": 76.13, "test_poisoned_accuracy": 96.86, "adv_accuracy": 67.578125}, "epoch22": {"train_loss": 95.91266188025475, "train_accuracy": 80.612, "test_loss": 66.42648741602898, "test_accuracy": 77.41, "test_poisoned_accuracy": 95.07, "adv_accuracy": 67.1875}, "epoch23": {"train_loss": 89.34677907824516, "train_accuracy": 81.964, "test_loss": 64.37296333909035, "test_accuracy": 77.61, "test_poisoned_accuracy": 95.15, "adv_accuracy": 80.46875}, "epoch24": {"train_loss": 82.77868947386742, "train_accuracy": 83.176, "test_loss": 69.17308068275452, "test_accuracy": 76.25, "test_poisoned_accuracy": 96.1, "adv_accuracy": 71.484375}, "epoch25": {"train_loss": 79.86044329404831, "train_accuracy": 83.662, "test_loss": 67.16390553116798, "test_accuracy": 76.79, "test_poisoned_accuracy": 94.85, "adv_accuracy": 75.78125}, "epoch26": {"train_loss": 73.70909252762794, "train_accuracy": 85.06, "test_loss": 68.89153328537941, "test_accuracy": 76.54, "test_poisoned_accuracy": 95.91, "adv_accuracy": 74.21875}, "epoch27": {"train_loss": 68.798988327384, "train_accuracy": 86.158, "test_loss": 67.87768366932869, "test_accuracy": 76.8, "test_poisoned_accuracy": 96.08, "adv_accuracy": 77.734375}, "epoch28": {"train_loss": 62.45720773935318, "train_accuracy": 87.492, "test_loss": 68.39972552657127, "test_accuracy": 76.69, "test_poisoned_accuracy": 96.75, "adv_accuracy": 78.515625}, "epoch29": {"train_loss": 58.09369823336601, "train_accuracy": 88.328, "test_loss": 67.32360124588013, "test_accuracy": 77.54, "test_poisoned_accuracy": 94.31, "adv_accuracy": 81.25}, "epoch30": {"train_loss": 51.46925991773605, "train_accuracy": 89.794, "test_loss": 68.6723583638668, "test_accuracy": 77.11, "test_poisoned_accuracy": 97.22, "adv_accuracy": 80.46875}, "epoch31": {"train_loss": 47.20507587492466, "train_accuracy": 90.614, "test_loss": 67.82493096590042, "test_accuracy": 77.81, "test_poisoned_accuracy": 95.79, "adv_accuracy": 86.71875}, "epoch32": {"train_loss": 43.44512791931629, "train_accuracy": 91.524, "test_loss": 72.92661646008492, "test_accuracy": 77.45, "test_poisoned_accuracy": 95.44, "adv_accuracy": 83.984375}, "epoch33": {"train_loss": 39.7160641849041, "train_accuracy": 92.302, "test_loss": 70.68608897924423, "test_accuracy": 77.21, "test_poisoned_accuracy": 96.88, "adv_accuracy": 85.9375}, "epoch34": {"train_loss": 33.57313819229603, "train_accuracy": 93.522, "test_loss": 69.68160706758499, "test_accuracy": 77.97, "test_poisoned_accuracy": 95.0, "adv_accuracy": 89.84375}, "epoch35": {"train_loss": 29.915736511349678, "train_accuracy": 94.322, "test_loss": 70.64827314019203, "test_accuracy": 77.53, "test_poisoned_accuracy": 96.4, "adv_accuracy": 86.71875}, "epoch36": {"train_loss": 26.336435340344906, "train_accuracy": 95.152, "test_loss": 74.32749593257904, "test_accuracy": 77.29, "test_poisoned_accuracy": 95.02, "adv_accuracy": 86.328125}, "epoch37": {"train_loss": 20.81192759424448, "train_accuracy": 96.304, "test_loss": 72.08169150352478, "test_accuracy": 77.79, "test_poisoned_accuracy": 95.9, "adv_accuracy": 89.453125}, "epoch38": {"train_loss": 17.69110083952546, "train_accuracy": 96.9, "test_loss": 74.23540419340134, "test_accuracy": 78.13, "test_poisoned_accuracy": 95.95, "adv_accuracy": 92.578125}, "epoch39": {"train_loss": 14.553349051624537, "train_accuracy": 97.582, "test_loss": 71.93347832560539, "test_accuracy": 78.9, "test_poisoned_accuracy": 95.64, "adv_accuracy": 91.796875}, "epoch40": {"train_loss": 12.262330166995525, "train_accuracy": 98.018, "test_loss": 73.01527804136276, "test_accuracy": 78.64, "test_poisoned_accuracy": 95.77, "adv_accuracy": 89.84375}, "epoch41": {"train_loss": 9.210668183863163, "train_accuracy": 98.612, "test_loss": 72.48184770345688, "test_accuracy": 79.43, "test_poisoned_accuracy": 96.19, "adv_accuracy": 97.265625}, "epoch42": {"train_loss": 6.909906821325421, "train_accuracy": 99.052, "test_loss": 73.19267106056213, "test_accuracy": 78.87, "test_poisoned_accuracy": 96.53, "adv_accuracy": 95.703125}, "epoch43": {"train_loss": 4.779392350465059, "train_accuracy": 99.382, "test_loss": 72.37512961030006, "test_accuracy": 79.38,