{"epoch1": {"train_loss": 425.6365029811859, "train_accuracy": 35.368, "test_loss": 215.43643867969513, "test_accuracy": 15.32, "test_poisoned_accuracy": 89.29, "adv_accuracy": 33.203125}, "epoch2": {"train_loss": 354.0024973154068, "train_accuracy": 36.576, "test_loss": 190.5076723098755, "test_accuracy": 15.56, "test_poisoned_accuracy": 92.67, "adv_accuracy": 32.8125}, "epoch3": {"train_loss": 271.03354930877686, "train_accuracy": 49.088, "test_loss": 153.70843935012817, "test_accuracy": 43.16, "test_poisoned_accuracy": 99.59, "adv_accuracy": 47.65625}, "epoch4": {"train_loss": 240.2308738231659, "train_accuracy": 54.438, "test_loss": 138.3556295633316, "test_accuracy": 50.71, "test_poisoned_accuracy": 98.4, "adv_accuracy": 50.0}, "epoch5": {"train_loss": 224.97961419820786, "train_accuracy": 56.964, "test_loss": 126.94011616706848, "test_accuracy": 52.81, "test_poisoned_accuracy": 99.12, "adv_accuracy": 46.09375}, "epoch6": {"train_loss": 211.00930559635162, "train_accuracy": 59.508, "test_loss": 116.3292264342308, "test_accuracy": 57.38, "test_poisoned_accuracy": 98.06, "adv_accuracy": 47.65625}, "epoch7": {"train_loss": 198.77547776699066, "train_accuracy": 61.668, "test_loss": 108.21513438224792, "test_accuracy": 62.91, "test_poisoned_accuracy": 94.3, "adv_accuracy": 59.375}, "epoch8": {"train_loss": 188.4426981806755, "train_accuracy": 63.25, "test_loss": 97.66328287124634, "test_accuracy": 66.47, "test_poisoned_accuracy": 95.38, "adv_accuracy": 51.953125}, "epoch9": {"train_loss": 178.96686255931854, "train_accuracy": 64.95, "test_loss": 102.82672017812729, "test_accuracy": 62.05, "test_poisoned_accuracy": 98.39, "adv_accuracy": 54.296875}, "epoch10": {"train_loss": 171.25795328617096, "train_accuracy": 66.484, "test_loss": 90.3605517745018, "test_accuracy": 67.62, "test_poisoned_accuracy": 97.19, "adv_accuracy": 58.203125}, "epoch11": {"train_loss": 162.91926562786102, "train_accuracy": 67.994, "test_loss": 86.10017436742783, "test_accuracy": 70.78, "test_poisoned_accuracy": 96.36, "adv_accuracy": 63.28125}, "epoch12": {"train_loss": 155.56996703147888, "train_accuracy": 69.42, "test_loss": 81.26408517360687, "test_accuracy": 73.21, "test_poisoned_accuracy": 94.94, "adv_accuracy": 57.421875}, "epoch13": {"train_loss": 150.2917476296425, "train_accuracy": 70.234, "test_loss": 81.51956820487976, "test_accuracy": 72.48, "test_poisoned_accuracy": 97.44, "adv_accuracy": 66.40625}, "epoch14": {"train_loss": 142.8859385251999, "train_accuracy": 71.746, "test_loss": 77.64025574922562, "test_accuracy": 73.41, "test_poisoned_accuracy": 97.1, "adv_accuracy": 65.234375}, "epoch15": {"train_loss": 138.2193985581398, "train_accuracy": 72.496, "test_loss": 76.21759575605392, "test_accuracy": 73.48, "test_poisoned_accuracy": 96.64, "adv_accuracy": 63.671875}, "epoch16": {"train_loss": 131.24904543161392, "train_accuracy": 73.742, "test_loss": 71.23344445228577, "test_accuracy": 75.53, "test_poisoned_accuracy": 96.42, "adv_accuracy": 66.796875}, "epoch17": {"train_loss": 125.63151052594185, "train_accuracy": 74.734, "test_loss": 70.32326358556747, "test_accuracy": 76.49, "test_poisoned_accuracy": 96.47, "adv_accuracy": 58.59375}, "epoch18": {"train_loss": 120.50298419594765, "train_accuracy": 75.808, "test_loss": 69.36128616333008, "test_accuracy": 77.01, "test_poisoned_accuracy": 94.42, "adv_accuracy": 68.75}, "epoch19": {"train_loss": 114.9830531179905, "train_accuracy": 76.978, "test_loss": 73.56334239244461, "test_accuracy": 74.85, "test_poisoned_accuracy": 96.13, "adv_accuracy": 66.796875}, "epoch20": {"train_loss": 109.00368446111679, "train_accuracy": 78.05, "test_loss": 68.41919285058975, "test_accuracy": 75.98, "test_poisoned_accuracy": 97.26, "adv_accuracy": 68.359375}, "epoch21": {"train_loss": 103.15720823407173, "train_accuracy": 79.262, "test_loss": 67.3843851685524, "test_accuracy": 76.36, "test_poisoned_accuracy": 96.3, "adv_accuracy": 68.359375}, "epoch22": {"train_loss": 97.12940442562103, "train_accuracy": 80.346, "test_loss": 71.8382038474083, "test_accuracy": 74.58, "test_poisoned_accuracy": 96.67, "adv_accuracy": 69.53125}, "epoch23": {"train_loss": 92.87678760290146, "train_accuracy": 81.16, "test_loss": 67.58857119083405, "test_accuracy": 76.09, "test_poisoned_accuracy": 97.04, "adv_accuracy": 71.09375}, "epoch24": {"train_loss": 86.28995081782341, "train_accuracy": 82.514, "test_loss": 67.09234336018562, "test_accuracy": 76.53, "test_poisoned_accuracy": 97.22, "adv_accuracy": 70.3125}, "epoch25": {"train_loss": 80.83542916178703, "train_accuracy": 83.646, "test_loss": 64.21079167723656, "test_accuracy": 77.91, "test_poisoned_accuracy": 96.36, "adv_accuracy": 80.078125}, "epoch26": {"train_loss": 74.92782068252563, "train_accuracy": 84.818, "test_loss": 65.74701222777367, "test_accuracy": 77.11, "test_poisoned_accuracy": 96.63, "adv_accuracy": 73.828125}, "epoch27": {"train_loss": 69.9108127951622, "train_accuracy": 86.058, "test_loss": 66.77741366624832, "test_accuracy": 77.06, "test_poisoned_accuracy": 97.23, "adv_accuracy": 70.703125}, "epoch28": {"train_loss": 63.726139545440674, "train_accuracy": 87.278, "test_loss": 67.5487767457962, "test_accuracy": 77.07, "test_poisoned_accuracy": 97.04, "adv_accuracy": 72.65625}, "epoch29": {"train_loss": 59.01607619225979, "train_accuracy": 88.264, "test_loss": 65.97200840711594, "test_accuracy": 77.28, "test_poisoned_accuracy": 97.67, "adv_accuracy": 76.953125}, "epoch30": {"train_loss": 54.591981291770935, "train_accuracy": 89.182, "test_loss": 67.34031257033348, "test_accuracy": 77.62, "test_poisoned_accuracy": 96.46, "adv_accuracy": 80.46875}, "epoch31": {"train_loss": 48.11698439717293, "train_accuracy": 90.448, "test_loss": 69.88101682066917, "test_accuracy": 77.33, "test_poisoned_accuracy": 96.38, "adv_accuracy": 81.25}, "epoch32": {"train_loss": 45.634581714868546, "train_accuracy": 91.042, "test_loss": 71.22999960184097, "test_accuracy": 77.05, "test_poisoned_accuracy": 96.71, "adv_accuracy": 82.8125}, "epoch33": {"train_loss": 39.50463677942753, "train_accuracy": 92.416, "test_loss": 70.64776119589806, "test_accuracy": 76.92, "test_poisoned_accuracy": 96.25, "adv_accuracy": 88.671875}, "epoch34": {"train_loss": 35.940841652452946, "train_accuracy": 93.14, "test_loss": 69.7252796292305, "test_accuracy": 77.55, "test_poisoned_accuracy": 96.35, "adv_accuracy": 87.5}, "epoch35": {"train_loss": 30.24302428215742, "train_accuracy": 94.19, "test_loss": 70.80136010050774, "test_accuracy": 78.2, "test_poisoned_accuracy": 95.57, "adv_accuracy": 85.9375}, "epoch36": {"train_loss": 25.65898858010769, "train_accuracy": 95.278, "test_loss": 71.90957179665565, "test_accuracy": 77.59, "test_poisoned_accuracy": 96.57, "adv_accuracy": 85.9375}, "epoch37": {"train_loss": 22.348229832947254, "train_accuracy": 95.978, "test_loss": 71.94118416309357, "test_accuracy": 77.62, "test_poisoned_accuracy": 97.06, "adv_accuracy": 92.1875}, "epoch38": {"train_loss": 18.442420359700918, "train_accuracy": 96.834, "test_loss": 70.41362309455872, "test_accuracy": 78.44, "test_poisoned_accuracy": 97.1, "adv_accuracy": 92.96875}, "epoch39": {"train_loss": 14.502006094902754, "train_accuracy": 97.536, "test_loss": 71.287756472826, "test_accuracy": 78.9, "test_poisoned_accuracy": 94.65, "adv_accuracy": 91.796875}, "epoch40": {"train_loss": 11.182495729997754, "train_accuracy": 98.252, "test_loss": 73.56205630302429, "test_accuracy": 78.69, "test_poisoned_accuracy": 96.36, "adv_accuracy": 92.96875}, "epoch41": {"train_loss": 8.067091608420014, "train_accuracy": 98.756, "test_loss": 72.87279117107391, "test_accuracy": 78.43, "test_poisoned_accuracy": 96.75, "adv_accuracy": 92.578125}, "epoch42": {"train_loss": 6.528139431029558, "train_accuracy": 99.098, "test_loss": 70.81137317419052, "test_accuracy": 79.09, "test_poisoned_accuracy": 96.67, "adv_accuracy": 97.65625}, "epoch43": {"train_loss": 5.02624284196645, "train_accuracy": 99.368, "test_loss": 71.15645551681519, "test_accuracy": 79.15,