{"epoch1": {"train_loss": 453.51283073425293, "train_accuracy": 8.78, "test_loss": 218.58839583396912, "test_accuracy": 19.3, "adv_accuracy": 9.765625}, "epoch2": {"train_loss": 436.7480959892273, "train_accuracy": 15.314, "test_loss": 206.80173575878143, "test_accuracy": 21.01, "adv_accuracy": 18.359375}, "epoch3": {"train_loss": 420.1560654640198, "train_accuracy": 19.226, "test_loss": 183.5959953069687, "test_accuracy": 33.85, "adv_accuracy": 25.0}, "epoch4": {"train_loss": 402.1366367340088, "train_accuracy": 22.628, "test_loss": 174.7855976819992, "test_accuracy": 34.69, "adv_accuracy": 19.53125}, "train_time": 200.87469625473022}