{"epoch1": {"train_loss": 452.96323323249817, "train_accuracy": 8.824, "test_loss": 216.41147756576538, "test_accuracy": 20.0, "adv_accuracy": 16.40625}, "epoch2": {"train_loss": 436.93579745292664, "train_accuracy": 15.444, "test_loss": 205.57409191131592, "test_accuracy": 22.03, "adv_accuracy": 16.796875}, "epoch3": {"train_loss": 417.2273197174072, "train_accuracy": 19.568, "test_loss": 185.3214180469513, "test_accuracy": 30.28, "adv_accuracy": 21.484375}, "epoch4": {"train_loss": 397.89894139766693, "train_accuracy": 23.094, "test_loss": 171.52589654922485, "test_accuracy": 34.7, "adv_accuracy": 30.859375}, "epoch5": {"train_loss": 388.67230772972107, "train_accuracy": 24.714, "test_loss": 167.26049888134003, "test_accuracy": 38.15, "adv_accuracy": 26.953125}, "epoch6": {"train_loss": 379.11214232444763, "train_accuracy": 26.59, "test_loss": 162.6426260471344, "test_accuracy": 40.16, "adv_accuracy": 30.46875}, "epoch7": {"train_loss": 371.8201824426651, "train_accuracy": 27.908, "test_loss": 161.53615939617157, "test_accuracy": 36.67, "adv_accuracy": 25.390625}, "epoch8": {"train_loss": 364.5912628173828, "train_accuracy": 29.08, "test_loss": 147.50449657440186, "test_accuracy": 45.73, "adv_accuracy": 33.984375}, "epoch9": {"train_loss": 356.52106046676636, "train_accuracy": 30.878, "test_loss": 146.28815412521362, "test_accuracy": 45.28, "adv_accuracy": 36.71875}, "epoch10": {"train_loss": 349.39359271526337, "train_accuracy": 32.208, "test_loss": 139.81781888008118, "test_accuracy": 48.06, "adv_accuracy": 35.546875}, "epoch11": {"train_loss": 341.78103625774384, "train_accuracy": 33.694, "test_loss": 136.62985146045685, "test_accuracy": 52.29, "adv_accuracy": 39.453125}, "epoch12": {"train_loss": 334.3229409456253, "train_accuracy": 35.022, "test_loss": 128.7540718317032, "test_accuracy": 56.21, "adv_accuracy": 44.140625}, "epoch13": {"train_loss": 326.74084746837616, "train_accuracy": 36.514, "test_loss": 133.1904183626175, "test_accuracy": 54.63, "adv_accuracy": 39.0625}, "epoch14": {"train_loss": 318.8968356847763, "train_accuracy": 37.606, "test_loss": 121.54275488853455, "test_accuracy": 59.28, "adv_accuracy": 45.3125}, "epoch15": {"train_loss": 312.4521230459213, "train_accuracy": 38.832, "test_loss": 118.71646159887314, "test_accuracy": 57.53, "adv_accuracy": 42.1875}, "epoch16": {"train_loss": 304.65710055828094, "train_accuracy": 40.642, "test_loss": 111.7400563955307, "test_accuracy": 60.93, "adv_accuracy": 44.921875}, "epoch17": {"train_loss": 298.52664625644684, "train_accuracy": 41.618, "test_loss": 108.76065045595169, "test_accuracy": 63.17, "adv_accuracy": 46.484375}, "epoch18": {"train_loss": 292.5284262895584, "train_accuracy": 42.778, "test_loss": 104.17801707983017, "test_accuracy": 66.23, "adv_accuracy": 49.609375}, "epoch19": {"train_loss": 286.3776663541794, "train_accuracy": 43.968, "test_loss": 100.78126209974289, "test_accuracy": 65.17, "adv_accuracy": 43.75}, "epoch20": {"train_loss": 281.16484439373016, "train_accuracy": 44.692, "test_loss": 101.01032555103302, "test_accuracy": 66.44, "adv_accuracy": 51.5625}, "epoch21": {"train_loss": 275.9677528142929, "train_accuracy": 45.766, "test_loss": 97.33122783899307, "test_accuracy": 67.78, "adv_accuracy": 53.125}, "epoch22": {"train_loss": 272.19096076488495, "train_accuracy": 46.242, "test_loss": 101.49216628074646, "test_accuracy": 68.27, "adv_accuracy": 52.34375}, "epoch23": {"train_loss": 268.0375609397888, "train_accuracy": 47.056, "test_loss": 97.7040119767189, "test_accuracy": 66.37, "adv_accuracy": 50.0}, "epoch24": {"train_loss": 264.33328115940094, "train_accuracy": 47.956, "test_loss": 91.98785609006882, "test_accuracy": 70.37, "adv_accuracy": 55.46875}, "epoch25": {"train_loss": 260.82681000232697, "train_accuracy": 48.378, "test_loss": 92.65804505348206, "test_accuracy": 71.76, "adv_accuracy": 54.296875}, "epoch26": {"train_loss": 257.9567823410034, "train_accuracy": 49.002, "test_loss": 88.15124237537384, "test_accuracy": 70.13, "adv_accuracy": 51.5625}, "epoch27": {"train_loss": 254.29699110984802, "train_accuracy": 49.474, "test_loss": 87.32816261053085, "test_accuracy": 71.22, "adv_accuracy": 53.515625}, "epoch28": {"train_loss": 251.11526775360107, "train_accuracy": 50.332, "test_loss": 87.824482858181, "test_accuracy": 70.75, "adv_accuracy": 54.6875}, "epoch29": {"train_loss": 248.11666631698608, "train_accuracy": 50.8, "test_loss": 88.1300020813942, "test_accuracy": 72.51, "adv_accuracy": 54.6875}, "epoch30": {"train_loss": 244.84595608711243, "train_accuracy": 51.302, "test_loss": 89.24173724651337, "test_accuracy": 73.44, "adv_accuracy": 52.734375}, "epoch31": {"train_loss": 243.1366046667099, "train_accuracy": 51.744, "test_loss": 88.67094361782074, "test_accuracy": 70.86, "adv_accuracy": 48.046875}, "epoch32": {"train_loss": 241.41208600997925, "train_accuracy": 51.898, "test_loss": 82.41374915838242, "test_accuracy": 73.28, "adv_accuracy": 64.0625}, "epoch33": {"train_loss": 239.96483659744263, "train_accuracy": 52.234, "test_loss": 78.60752773284912, "test_accuracy": 74.16, "adv_accuracy": 60.546875}, "epoch34": {"train_loss": 237.88844978809357, "train_accuracy": 52.51, "test_loss": 84.88311195373535, "test_accuracy": 72.36, "adv_accuracy": 53.125}, "epoch35": {"train_loss": 236.67501151561737, "train_accuracy": 52.818, "test_loss": 89.52471172809601, "test_accuracy": 72.78, "adv_accuracy": 60.546875}, "epoch36": {"train_loss": 235.06696617603302, "train_accuracy": 53.098, "test_loss": 92.97499060630798, "test_accuracy": 70.76, "adv_accuracy": 59.765625}, "epoch37": {"train_loss": 233.9482423067093, "train_accuracy": 53.31, "test_loss": 82.28883218765259, "test_accuracy": 75.17, "adv_accuracy": 57.421875}, "epoch38": {"train_loss": 231.80729365348816, "train_accuracy": 53.692, "test_loss": 80.73442023992538, "test_accuracy": 74.28, "adv_accuracy": 50.0}, "epoch39": {"train_loss": 230.88536989688873, "train_accuracy": 53.642, "test_loss": 84.08900499343872, "test_accuracy": 73.64, "adv_accuracy": 57.8125}, "epoch40": {"train_loss": 229.8681720495224, "train_accuracy": 54.07, "test_loss": 78.52186858654022, "test_accuracy": 74.92, "adv_accuracy": 61.328125}, "epoch41": {"train_loss": 227.9376573562622, "train_accuracy": 54.36, "test_loss": 75.6421707868576, "test_accuracy": 73.16, "adv_accuracy": 65.625}, "epoch42": {"train_loss": 225.78695410490036, "train_accuracy": 54.816, "test_loss": 80.55339097976685, "test_accuracy": 74.0, "adv_accuracy": 60.546875}, "epoch43": {"train_loss": 223.61460506916046, "train_accuracy": 54.964, "test_loss": 93.89278268814087, "test_accuracy": 68.53, "adv_accuracy": 54.296875}, "epoch44": {"train_loss": 221.82635432481766, "train_accuracy": 55.46, "test_loss": 75.80993485450745, "test_accuracy": 75.67, "adv_accuracy": 59.765625}, "epoch45": {"train_loss": 220.36583083868027, "train_accuracy": 55.706, "test_loss": 77.35455369949341, "test_accuracy": 74.42, "adv_accuracy": 60.546875}, "epoch46": {"train_loss": 217.84128403663635, "train_accuracy": 56.158, "test_loss": 73.76777791976929, "test_accuracy": 76.87, "adv_accuracy": 62.5}, "epoch47": {"train_loss": 215.3871186375618, "train_accuracy": 56.568, "test_loss": 76.12871444225311, "test_accuracy": 75.44, "adv_accuracy": 62.109375}, "epoch48": {"train_loss": 214.4231674671173, "train_accuracy": 56.762, "test_loss": 76.56996655464172, "test_accuracy": 75.82, "adv_accuracy": 62.5}, "epoch49": {"train_loss": 212.1946632862091, "train_accuracy": 56.98, "test_loss": 70.9455703496933, "test_accuracy": 77.07, "adv_accuracy": 65.234375}, "epoch50": {"train_loss": 209.71101886034012, "train_accuracy": 57.454, "test_loss": 77.86427217721939, "test_accuracy": 74.39, "adv_accuracy": 61.328125}, "epoch51": {"train_loss": 206.98731619119644, "train_accuracy": 58.04, "test_loss": 69.12322670221329, "test_accuracy": 78.06, "adv_accuracy": 68.359375}, "epoch52": {"train_loss": 205.6411143541336, "train_accuracy": 58.244, "test_loss": 70.33387070894241, "test_accuracy": 75.91,