{"epoch1": {"train_loss": 453.291353225708, "train_accuracy": 8.646, "test_loss": 220.26815152168274, "test_accuracy": 19.5, "adv_accuracy": 11.71875}, "epoch2": {"train_loss": 438.80501317977905, "train_accuracy": 14.594, "test_loss": 206.9364948272705, "test_accuracy": 26.08, "adv_accuracy": 14.84375}, "epoch3": {"train_loss": 422.4111924171448, "train_accuracy": 18.728, "test_loss": 188.5869926214218, "test_accuracy": 30.29, "adv_accuracy": 18.75}, "epoch4": {"train_loss": 403.9415259361267, "train_accuracy": 22.23, "test_loss": 176.4780445098877, "test_accuracy": 32.67, "adv_accuracy": 19.140625}, "epoch5": {"train_loss": 389.42446768283844, "train_accuracy": 24.874, "test_loss": 167.55287432670593, "test_accuracy": 37.68, "adv_accuracy": 29.296875}, "epoch6": {"train_loss": 381.52258837223053, "train_accuracy": 26.356, "test_loss": 158.56152498722076, "test_accuracy": 40.4, "adv_accuracy": 26.953125}, "epoch7": {"train_loss": 372.7483698129654, "train_accuracy": 27.742, "test_loss": 156.39944911003113, "test_accuracy": 42.61, "adv_accuracy": 37.5}, "epoch8": {"train_loss": 367.1273937225342, "train_accuracy": 28.798, "test_loss": 148.93625283241272, "test_accuracy": 45.6, "adv_accuracy": 31.25}, "epoch9": {"train_loss": 357.53911209106445, "train_accuracy": 30.772, "test_loss": 142.1177589893341, "test_accuracy": 48.69, "adv_accuracy": 41.796875}, "epoch10": {"train_loss": 350.5675542354584, "train_accuracy": 32.022, "test_loss": 137.72939026355743, "test_accuracy": 49.85, "adv_accuracy": 41.40625}, "epoch11": {"train_loss": 343.20043754577637, "train_accuracy": 33.432, "test_loss": 136.23026955127716, "test_accuracy": 50.61, "adv_accuracy": 40.625}, "epoch12": {"train_loss": 335.33335638046265, "train_accuracy": 35.082, "test_loss": 127.6130496263504, "test_accuracy": 56.26, "adv_accuracy": 38.28125}, "epoch13": {"train_loss": 327.2960819005966, "train_accuracy": 36.324, "test_loss": 125.67357313632965, "test_accuracy": 56.17, "adv_accuracy": 42.96875}, "epoch14": {"train_loss": 319.17175817489624, "train_accuracy": 37.758, "test_loss": 124.42471444606781, "test_accuracy": 54.18, "adv_accuracy": 43.75}, "epoch15": {"train_loss": 312.4930285215378, "train_accuracy": 38.678, "test_loss": 124.51772212982178, "test_accuracy": 55.62, "adv_accuracy": 37.890625}, "epoch16": {"train_loss": 305.67609691619873, "train_accuracy": 40.454, "test_loss": 113.2496924996376, "test_accuracy": 62.54, "adv_accuracy": 48.046875}, "epoch17": {"train_loss": 298.48651230335236, "train_accuracy": 41.828, "test_loss": 106.6237940788269, "test_accuracy": 64.04, "adv_accuracy": 43.359375}, "epoch18": {"train_loss": 293.402001619339, "train_accuracy": 42.436, "test_loss": 105.28834974765778, "test_accuracy": 63.26, "adv_accuracy": 48.046875}, "epoch19": {"train_loss": 286.12098252773285, "train_accuracy": 44.024, "test_loss": 104.29335927963257, "test_accuracy": 64.01, "adv_accuracy": 51.171875}, "epoch20": {"train_loss": 281.4112825393677, "train_accuracy": 44.982, "test_loss": 99.31341904401779, "test_accuracy": 67.08, "adv_accuracy": 56.25}, "epoch21": {"train_loss": 276.33764600753784, "train_accuracy": 45.71, "test_loss": 96.92837607860565, "test_accuracy": 67.83, "adv_accuracy": 50.78125}, "epoch22": {"train_loss": 271.74341332912445, "train_accuracy": 46.622, "test_loss": 96.91757863759995, "test_accuracy": 66.57, "adv_accuracy": 53.125}, "epoch23": {"train_loss": 267.5965760946274, "train_accuracy": 47.256, "test_loss": 92.29261207580566, "test_accuracy": 69.75, "adv_accuracy": 54.296875}, "epoch24": {"train_loss": 264.0875129699707, "train_accuracy": 47.882, "test_loss": 93.27187705039978, "test_accuracy": 69.88, "adv_accuracy": 54.296875}, "epoch25": {"train_loss": 260.3669402599335, "train_accuracy": 48.532, "test_loss": 89.21284568309784, "test_accuracy": 70.69, "adv_accuracy": 52.34375}, "epoch26": {"train_loss": 257.034006357193, "train_accuracy": 49.278, "test_loss": 92.24578988552094, "test_accuracy": 69.11, "adv_accuracy": 53.125}, "epoch27": {"train_loss": 254.38738322257996, "train_accuracy": 49.776, "test_loss": 88.38138383626938, "test_accuracy": 71.16, "adv_accuracy": 50.390625}, "epoch28": {"train_loss": 250.81718921661377, "train_accuracy": 50.612, "test_loss": 91.33453553915024, "test_accuracy": 70.69, "adv_accuracy": 48.828125}, "epoch29": {"train_loss": 248.14607512950897, "train_accuracy": 50.906, "test_loss": 91.39128506183624, "test_accuracy": 71.01, "adv_accuracy": 60.15625}, "epoch30": {"train_loss": 245.38555932044983, "train_accuracy": 51.396, "test_loss": 85.00192356109619, "test_accuracy": 71.7, "adv_accuracy": 60.546875}, "epoch31": {"train_loss": 243.29512083530426, "train_accuracy": 51.786, "test_loss": 79.53350973129272, "test_accuracy": 74.78, "adv_accuracy": 61.328125}, "epoch32": {"train_loss": 240.9352467060089, "train_accuracy": 51.926, "test_loss": 86.68372869491577, "test_accuracy": 73.66, "adv_accuracy": 55.078125}, "epoch33": {"train_loss": 239.54238414764404, "train_accuracy": 52.262, "test_loss": 93.04725950956345, "test_accuracy": 69.7, "adv_accuracy": 48.4375}, "epoch34": {"train_loss": 237.39291298389435, "train_accuracy": 52.69, "test_loss": 80.50670713186264, "test_accuracy": 74.25, "adv_accuracy": 55.078125}, "epoch35": {"train_loss": 235.70940792560577, "train_accuracy": 52.984, "test_loss": 83.53360718488693, "test_accuracy": 73.73, "adv_accuracy": 53.125}, "epoch36": {"train_loss": 234.84513211250305, "train_accuracy": 53.37, "test_loss": 80.71841216087341, "test_accuracy": 74.28, "adv_accuracy": 63.671875}, "epoch37": {"train_loss": 233.70065987110138, "train_accuracy": 53.488, "test_loss": 87.42094999551773, "test_accuracy": 71.05, "adv_accuracy": 53.125}, "epoch38": {"train_loss": 231.9981827735901, "train_accuracy": 53.71, "test_loss": 79.15934646129608, "test_accuracy": 74.4, "adv_accuracy": 60.546875}, "epoch39": {"train_loss": 231.65972769260406, "train_accuracy": 53.796, "test_loss": 82.47964715957642, "test_accuracy": 71.8, "adv_accuracy": 56.640625}, "epoch40": {"train_loss": 230.33380150794983, "train_accuracy": 53.988, "test_loss": 79.01572251319885, "test_accuracy": 75.67, "adv_accuracy": 54.296875}, "epoch41": {"train_loss": 227.90801906585693, "train_accuracy": 54.29, "test_loss": 76.57207584381104, "test_accuracy": 74.77, "adv_accuracy": 66.796875}, "epoch42": {"train_loss": 226.89874732494354, "train_accuracy": 54.852, "test_loss": 74.96136194467545, "test_accuracy": 76.71, "adv_accuracy": 61.328125}, "epoch43": {"train_loss": 223.37761461734772, "train_accuracy": 54.986, "test_loss": 88.6126116514206, "test_accuracy": 71.49, "adv_accuracy": 58.984375}, "epoch44": {"train_loss": 221.73273622989655, "train_accuracy": 55.168, "test_loss": 73.07675111293793, "test_accuracy": 76.01, "adv_accuracy": 66.796875}, "epoch45": {"train_loss": 218.79110008478165, "train_accuracy": 55.892, "test_loss": 80.4285078048706, "test_accuracy": 74.35, "adv_accuracy": 58.59375}, "epoch46": {"train_loss": 218.54850041866302, "train_accuracy": 56.122, "test_loss": 72.37416416406631, "test_accuracy": 76.7, "adv_accuracy": 61.328125}, "epoch47": {"train_loss": 216.02387255430222, "train_accuracy": 56.336, "test_loss": 76.93487203121185, "test_accuracy": 75.77, "adv_accuracy": 67.578125}, "epoch48": {"train_loss": 213.69756174087524, "train_accuracy": 56.548, "test_loss": 73.79723536968231, "test_accuracy": 76.76, "adv_accuracy": 57.03125}, "epoch49": {"train_loss": 211.48594099283218, "train_accuracy": 57.002, "test_loss": 72.27272135019302, "test_accuracy": 77.08, "adv_accuracy": 58.984375}, "epoch50": {"train_loss": 209.63445681333542, "train_accuracy": 57.138, "test_loss": 73.32593709230423, "test_accuracy": 75.91, "adv_accuracy": 67.1875}, "epoch51": {"train_loss": 206.52814519405365, "train_accuracy": 57.962, "test_loss": 72.91682600975037, "test_accuracy": 76.57, "adv_accuracy": 60.9375}, "epoch52": {"train_loss": 205.2637563943863, "train_accuracy": 58.062, "test_loss": 77.02506124973297, "test_accuracy": 74.24,