{"epoch1": {"train_loss": 454.29244661331177, "train_accuracy": 8.258, "test_loss": 224.3020520210266, "test_accuracy": 18.23, "adv_accuracy": 7.421875}, "epoch2": {"train_loss": 439.5143930912018, "train_accuracy": 14.748, "test_loss": 209.4972356557846, "test_accuracy": 20.44, "adv_accuracy": 11.328125}, "epoch3": {"train_loss": 421.4499509334564, "train_accuracy": 18.742, "test_loss": 185.85808658599854, "test_accuracy": 30.79, "adv_accuracy": 24.609375}, "epoch4": {"train_loss": 401.4885573387146, "train_accuracy": 22.43, "test_loss": 174.6303632259369, "test_accuracy": 34.75, "adv_accuracy": 26.953125}, "epoch5": {"train_loss": 389.08711647987366, "train_accuracy": 24.818, "test_loss": 165.12265753746033, "test_accuracy": 38.68, "adv_accuracy": 26.953125}, "epoch6": {"train_loss": 379.68438255786896, "train_accuracy": 26.504, "test_loss": 163.93397641181946, "test_accuracy": 37.71, "adv_accuracy": 28.515625}, "epoch7": {"train_loss": 372.39838695526123, "train_accuracy": 27.632, "test_loss": 154.6343139410019, "test_accuracy": 44.32, "adv_accuracy": 34.765625}, "epoch8": {"train_loss": 363.1399006843567, "train_accuracy": 29.726, "test_loss": 148.94854879379272, "test_accuracy": 45.92, "adv_accuracy": 32.8125}, "epoch9": {"train_loss": 357.43651485443115, "train_accuracy": 30.71, "test_loss": 143.21790766716003, "test_accuracy": 47.47, "adv_accuracy": 31.640625}, "epoch10": {"train_loss": 349.89862084388733, "train_accuracy": 32.026, "test_loss": 146.76893842220306, "test_accuracy": 46.68, "adv_accuracy": 36.71875}, "epoch11": {"train_loss": 342.9093155860901, "train_accuracy": 33.596, "test_loss": 140.2972536087036, "test_accuracy": 50.07, "adv_accuracy": 42.578125}, "epoch12": {"train_loss": 335.86456978321075, "train_accuracy": 34.538, "test_loss": 129.62576484680176, "test_accuracy": 53.74, "adv_accuracy": 44.53125}, "epoch13": {"train_loss": 327.55817234516144, "train_accuracy": 36.438, "test_loss": 126.20697605609894, "test_accuracy": 54.56, "adv_accuracy": 41.796875}, "epoch14": {"train_loss": 319.71364569664, "train_accuracy": 37.676, "test_loss": 119.6462870836258, "test_accuracy": 57.86, "adv_accuracy": 45.3125}, "epoch15": {"train_loss": 312.9969071149826, "train_accuracy": 38.734, "test_loss": 118.74340116977692, "test_accuracy": 57.32, "adv_accuracy": 44.140625}, "epoch16": {"train_loss": 305.9187891483307, "train_accuracy": 40.11, "test_loss": 115.40507245063782, "test_accuracy": 60.31, "adv_accuracy": 44.140625}, "epoch17": {"train_loss": 298.78681993484497, "train_accuracy": 41.342, "test_loss": 111.73306947946548, "test_accuracy": 59.29, "adv_accuracy": 41.015625}, "epoch18": {"train_loss": 293.5278706550598, "train_accuracy": 42.496, "test_loss": 106.80597996711731, "test_accuracy": 60.42, "adv_accuracy": 48.4375}, "epoch19": {"train_loss": 286.2163655757904, "train_accuracy": 44.068, "test_loss": 104.1563276052475, "test_accuracy": 66.63, "adv_accuracy": 44.921875}, "epoch20": {"train_loss": 281.48620903491974, "train_accuracy": 44.7, "test_loss": 98.58437550067902, "test_accuracy": 68.89, "adv_accuracy": 55.078125}, "epoch21": {"train_loss": 275.4888036251068, "train_accuracy": 45.832, "test_loss": 99.92684537172318, "test_accuracy": 67.19, "adv_accuracy": 46.484375}, "epoch22": {"train_loss": 272.54278814792633, "train_accuracy": 46.214, "test_loss": 106.00244039297104, "test_accuracy": 63.61, "adv_accuracy": 50.0}, "epoch23": {"train_loss": 267.4184584617615, "train_accuracy": 47.598, "test_loss": 95.96312111616135, "test_accuracy": 67.72, "adv_accuracy": 55.859375}, "epoch24": {"train_loss": 264.2297258377075, "train_accuracy": 48.206, "test_loss": 88.51428663730621, "test_accuracy": 70.86, "adv_accuracy": 50.390625}, "epoch25": {"train_loss": 260.6704890727997, "train_accuracy": 48.544, "test_loss": 91.0281452536583, "test_accuracy": 70.14, "adv_accuracy": 57.03125}, "epoch26": {"train_loss": 256.96326816082, "train_accuracy": 49.402, "test_loss": 87.25578594207764, "test_accuracy": 71.06, "adv_accuracy": 53.125}, "epoch27": {"train_loss": 254.25286102294922, "train_accuracy": 49.682, "test_loss": 86.77822643518448, "test_accuracy": 71.55, "adv_accuracy": 59.765625}, "epoch28": {"train_loss": 251.61874771118164, "train_accuracy": 50.204, "test_loss": 86.13828134536743, "test_accuracy": 70.78, "adv_accuracy": 59.765625}, "epoch29": {"train_loss": 247.60383224487305, "train_accuracy": 50.878, "test_loss": 85.8019586801529, "test_accuracy": 73.21, "adv_accuracy": 59.765625}, "epoch30": {"train_loss": 245.40750324726105, "train_accuracy": 51.212, "test_loss": 82.0986562371254, "test_accuracy": 72.1, "adv_accuracy": 53.90625}, "epoch31": {"train_loss": 243.5440752506256, "train_accuracy": 51.77, "test_loss": 82.38206452131271, "test_accuracy": 73.83, "adv_accuracy": 59.765625}, "epoch32": {"train_loss": 241.37632596492767, "train_accuracy": 52.034, "test_loss": 82.88273704051971, "test_accuracy": 71.94, "adv_accuracy": 55.078125}, "epoch33": {"train_loss": 238.59157025814056, "train_accuracy": 52.62, "test_loss": 85.86795103549957, "test_accuracy": 70.77, "adv_accuracy": 51.171875}, "epoch34": {"train_loss": 237.64770209789276, "train_accuracy": 52.834, "test_loss": 87.04479044675827, "test_accuracy": 71.23, "adv_accuracy": 55.859375}, "epoch35": {"train_loss": 236.2708376646042, "train_accuracy": 52.942, "test_loss": 80.4446907043457, "test_accuracy": 73.6, "adv_accuracy": 55.078125}, "epoch36": {"train_loss": 234.31357419490814, "train_accuracy": 53.114, "test_loss": 81.33868622779846, "test_accuracy": 72.61, "adv_accuracy": 55.078125}, "epoch37": {"train_loss": 233.7868573665619, "train_accuracy": 53.33, "test_loss": 80.0650104880333, "test_accuracy": 73.18, "adv_accuracy": 57.8125}, "epoch38": {"train_loss": 231.27974653244019, "train_accuracy": 53.606, "test_loss": 76.85060065984726, "test_accuracy": 75.47, "adv_accuracy": 58.203125}, "epoch39": {"train_loss": 230.53612583875656, "train_accuracy": 53.86, "test_loss": 91.2333692908287, "test_accuracy": 70.27, "adv_accuracy": 52.734375}, "epoch40": {"train_loss": 229.38609671592712, "train_accuracy": 54.11, "test_loss": 101.22636848688126, "test_accuracy": 64.71, "adv_accuracy": 53.515625}, "epoch41": {"train_loss": 227.20008182525635, "train_accuracy": 54.542, "test_loss": 84.3364589214325, "test_accuracy": 71.77, "adv_accuracy": 54.6875}, "epoch42": {"train_loss": 225.21615463495255, "train_accuracy": 54.652, "test_loss": 80.18128168582916, "test_accuracy": 72.69, "adv_accuracy": 56.640625}, "epoch43": {"train_loss": 223.82961666584015, "train_accuracy": 55.2, "test_loss": 78.44765967130661, "test_accuracy": 75.76, "adv_accuracy": 64.453125}, "epoch44": {"train_loss": 221.6166599392891, "train_accuracy": 55.378, "test_loss": 80.02939975261688, "test_accuracy": 75.17, "adv_accuracy": 60.15625}, "epoch45": {"train_loss": 218.42984718084335, "train_accuracy": 55.992, "test_loss": 76.10443466901779, "test_accuracy": 76.99, "adv_accuracy": 60.15625}, "epoch46": {"train_loss": 217.29891121387482, "train_accuracy": 56.026, "test_loss": 75.84776651859283, "test_accuracy": 76.85, "adv_accuracy": 62.109375}, "epoch47": {"train_loss": 215.36236709356308, "train_accuracy": 56.522, "test_loss": 76.24760514497757, "test_accuracy": 73.97, "adv_accuracy": 59.765625}, "epoch48": {"train_loss": 211.67576026916504, "train_accuracy": 57.018, "test_loss": 75.73659271001816, "test_accuracy": 74.6, "adv_accuracy": 67.96875}, "epoch49": {"train_loss": 210.03477424383163, "train_accuracy": 57.288, "test_loss": 76.29436963796616, "test_accuracy": 74.56, "adv_accuracy": 58.59375}, "epoch50": {"train_loss": 208.03949409723282, "train_accuracy": 57.73, "test_loss": 75.89249044656754, "test_accuracy": 74.72, "adv_accuracy": 59.765625}, "epoch51": {"train_loss": 206.27457112073898, "train_accuracy": 58.224, "test_loss": 68.68495666980743, "test_accuracy": 77.68, "adv_accuracy": 58.984375}, "epoch52": {"train_loss": 202.55160534381866, "train_accuracy": 58.728, "test_loss": 69.30664601922035,