{"epoch1": {"train_loss": 454.52748250961304, "train_accuracy": 8.426, "test_loss": 224.44545364379883, "test_accuracy": 17.69, "adv_accuracy": 5.46875}, "epoch2": {"train_loss": 440.48077297210693, "train_accuracy": 14.396, "test_loss": 204.51119828224182, "test_accuracy": 22.06, "adv_accuracy": 16.015625}, "epoch3": {"train_loss": 422.6332838535309, "train_accuracy": 18.354, "test_loss": 188.74122619628906, "test_accuracy": 30.52, "adv_accuracy": 19.921875}, "epoch4": {"train_loss": 404.1036009788513, "train_accuracy": 22.376, "test_loss": 173.74850392341614, "test_accuracy": 35.52, "adv_accuracy": 25.390625}, "epoch5": {"train_loss": 391.3152686357498, "train_accuracy": 24.34, "test_loss": 169.60685765743256, "test_accuracy": 37.59, "adv_accuracy": 21.484375}, "epoch6": {"train_loss": 382.8894374370575, "train_accuracy": 25.936, "test_loss": 162.95362269878387, "test_accuracy": 40.33, "adv_accuracy": 37.109375}, "epoch7": {"train_loss": 373.2029720544815, "train_accuracy": 27.826, "test_loss": 156.9518758058548, "test_accuracy": 43.07, "adv_accuracy": 32.421875}, "epoch8": {"train_loss": 365.69190979003906, "train_accuracy": 29.142, "test_loss": 158.3121279478073, "test_accuracy": 41.92, "adv_accuracy": 25.78125}, "epoch9": {"train_loss": 358.04442369937897, "train_accuracy": 30.64, "test_loss": 146.20924651622772, "test_accuracy": 47.51, "adv_accuracy": 36.328125}, "epoch10": {"train_loss": 350.5863298177719, "train_accuracy": 32.08, "test_loss": 140.38733577728271, "test_accuracy": 48.33, "adv_accuracy": 35.15625}, "epoch11": {"train_loss": 342.7901816368103, "train_accuracy": 33.768, "test_loss": 135.63083744049072, "test_accuracy": 54.41, "adv_accuracy": 37.5}, "epoch12": {"train_loss": 335.5905044078827, "train_accuracy": 34.808, "test_loss": 131.61418223381042, "test_accuracy": 51.97, "adv_accuracy": 35.546875}, "epoch13": {"train_loss": 328.83512234687805, "train_accuracy": 35.91, "test_loss": 127.23309338092804, "test_accuracy": 55.48, "adv_accuracy": 40.625}, "epoch14": {"train_loss": 320.8205908536911, "train_accuracy": 37.686, "test_loss": 121.38624250888824, "test_accuracy": 57.69, "adv_accuracy": 42.578125}, "epoch15": {"train_loss": 313.73866736888885, "train_accuracy": 38.686, "test_loss": 116.62382900714874, "test_accuracy": 60.57, "adv_accuracy": 48.046875}, "epoch16": {"train_loss": 307.2760874032974, "train_accuracy": 39.82, "test_loss": 112.62051570415497, "test_accuracy": 62.94, "adv_accuracy": 48.828125}, "epoch17": {"train_loss": 300.15932035446167, "train_accuracy": 41.26, "test_loss": 108.7364490032196, "test_accuracy": 63.49, "adv_accuracy": 46.875}, "epoch18": {"train_loss": 295.44240176677704, "train_accuracy": 42.272, "test_loss": 110.31647175550461, "test_accuracy": 62.97, "adv_accuracy": 51.171875}, "epoch19": {"train_loss": 288.40840554237366, "train_accuracy": 43.56, "test_loss": 108.92470800876617, "test_accuracy": 62.78, "adv_accuracy": 50.78125}, "epoch20": {"train_loss": 283.0034633874893, "train_accuracy": 44.5, "test_loss": 104.3539115190506, "test_accuracy": 65.11, "adv_accuracy": 48.4375}, "epoch21": {"train_loss": 278.5787297487259, "train_accuracy": 45.352, "test_loss": 101.73431503772736, "test_accuracy": 67.13, "adv_accuracy": 54.6875}, "epoch22": {"train_loss": 272.4771270751953, "train_accuracy": 46.334, "test_loss": 101.40432500839233, "test_accuracy": 66.99, "adv_accuracy": 50.78125}, "epoch23": {"train_loss": 269.89265263080597, "train_accuracy": 46.84, "test_loss": 98.6219852566719, "test_accuracy": 64.97, "adv_accuracy": 46.875}, "epoch24": {"train_loss": 265.2747801542282, "train_accuracy": 47.79, "test_loss": 91.75323468446732, "test_accuracy": 70.2, "adv_accuracy": 47.65625}, "epoch25": {"train_loss": 261.40605306625366, "train_accuracy": 48.33, "test_loss": 89.12109410762787, "test_accuracy": 70.84, "adv_accuracy": 55.859375}, "epoch26": {"train_loss": 258.4320693016052, "train_accuracy": 48.992, "test_loss": 87.79821693897247, "test_accuracy": 71.27, "adv_accuracy": 51.953125}, "epoch27": {"train_loss": 255.11229860782623, "train_accuracy": 49.52, "test_loss": 91.96070408821106, "test_accuracy": 70.32, "adv_accuracy": 56.25}, "epoch28": {"train_loss": 250.82650005817413, "train_accuracy": 50.418, "test_loss": 85.0906668305397, "test_accuracy": 71.72, "adv_accuracy": 55.859375}, "epoch29": {"train_loss": 249.05703830718994, "train_accuracy": 50.606, "test_loss": 90.16492962837219, "test_accuracy": 71.13, "adv_accuracy": 55.078125}, "epoch30": {"train_loss": 246.07648241519928, "train_accuracy": 51.084, "test_loss": 89.46670830249786, "test_accuracy": 70.48, "adv_accuracy": 55.078125}, "epoch31": {"train_loss": 244.343532204628, "train_accuracy": 51.456, "test_loss": 86.39707386493683, "test_accuracy": 72.1, "adv_accuracy": 52.734375}, "epoch32": {"train_loss": 241.95528972148895, "train_accuracy": 51.894, "test_loss": 85.97404795885086, "test_accuracy": 72.23, "adv_accuracy": 55.859375}, "epoch33": {"train_loss": 240.39565873146057, "train_accuracy": 52.342, "test_loss": 90.95786494016647, "test_accuracy": 67.33, "adv_accuracy": 50.0}, "epoch34": {"train_loss": 238.57433474063873, "train_accuracy": 52.644, "test_loss": 82.81369519233704, "test_accuracy": 73.11, "adv_accuracy": 60.15625}, "epoch35": {"train_loss": 236.28519988059998, "train_accuracy": 52.786, "test_loss": 78.52328556776047, "test_accuracy": 74.62, "adv_accuracy": 60.9375}, "epoch36": {"train_loss": 235.54756033420563, "train_accuracy": 53.11, "test_loss": 84.50141453742981, "test_accuracy": 71.39, "adv_accuracy": 59.765625}, "epoch37": {"train_loss": 234.5410636663437, "train_accuracy": 53.02, "test_loss": 79.03907722234726, "test_accuracy": 74.93, "adv_accuracy": 60.546875}, "epoch38": {"train_loss": 232.61242389678955, "train_accuracy": 53.458, "test_loss": 82.94748014211655, "test_accuracy": 74.88, "adv_accuracy": 58.59375}, "epoch39": {"train_loss": 231.58606898784637, "train_accuracy": 53.702, "test_loss": 76.20680385828018, "test_accuracy": 73.96, "adv_accuracy": 55.078125}, "epoch40": {"train_loss": 229.91304576396942, "train_accuracy": 53.902, "test_loss": 86.59099751710892, "test_accuracy": 72.1, "adv_accuracy": 56.640625}, "epoch41": {"train_loss": 229.60959953069687, "train_accuracy": 54.194, "test_loss": 78.53781473636627, "test_accuracy": 74.52, "adv_accuracy": 64.0625}, "epoch42": {"train_loss": 226.17806828022003, "train_accuracy": 54.776, "test_loss": 82.85528880357742, "test_accuracy": 71.9, "adv_accuracy": 51.953125}, "epoch43": {"train_loss": 224.31781101226807, "train_accuracy": 54.82, "test_loss": 77.88823467493057, "test_accuracy": 75.59, "adv_accuracy": 60.9375}, "epoch44": {"train_loss": 220.40436100959778, "train_accuracy": 55.688, "test_loss": 73.95215344429016, "test_accuracy": 76.2, "adv_accuracy": 62.109375}, "epoch45": {"train_loss": 219.94271051883698, "train_accuracy": 55.886, "test_loss": 79.24163472652435, "test_accuracy": 73.5, "adv_accuracy": 62.890625}, "epoch46": {"train_loss": 217.25262850522995, "train_accuracy": 56.16, "test_loss": 76.97136706113815, "test_accuracy": 75.11, "adv_accuracy": 58.984375}, "epoch47": {"train_loss": 215.9300498366356, "train_accuracy": 56.326, "test_loss": 72.33240050077438, "test_accuracy": 77.33, "adv_accuracy": 65.234375}, "epoch48": {"train_loss": 213.04909133911133, "train_accuracy": 56.682, "test_loss": 77.76859045028687, "test_accuracy": 75.56, "adv_accuracy": 56.640625}, "epoch49": {"train_loss": 212.84626942873, "train_accuracy": 56.864, "test_loss": 73.46183258295059, "test_accuracy": 75.99, "adv_accuracy": 61.328125}, "epoch50": {"train_loss": 208.9409938454628, "train_accuracy": 57.748, "test_loss": 69.25488287210464, "test_accuracy": 78.1, "adv_accuracy": 63.671875}, "epoch51": {"train_loss": 207.82127249240875, "train_accuracy": 57.77, "test_loss": 70.41530781984329, "test_accuracy": 75.86, "adv_accuracy": 61.71875}, "epoch52": {"train_loss": 205.8550949692726, "train_accuracy": 58.034, "test_loss": 68.29854613542557, "test_accuracy": 77.59,