{"epoch1": {"train_loss": 342.8548929095268, "train_accuracy": 34.4465, "test_loss": 175.96526682376862, "test_accuracy": 36.09}, "epoch2": {"train_loss": 259.3958952873945, "train_accuracy": 50.851, "test_loss": 160.16485941410065, "test_accuracy": 47.7}, "epoch3": {"train_loss": 206.3981268554926, "train_accuracy": 61.3115, "test_loss": 192.48428070545197, "test_accuracy": 45.95}, "epoch4": {"train_loss": 165.2957817092538, "train_accuracy": 69.195, "test_loss": 65.89050331711769, "test_accuracy": 76.82}, "train_time": 649.539971113205}