{"epoch1": {"train_loss": 332.07648968696594, "train_accuracy": 36.57, "test_loss": 170.1731926202774, "test_accuracy": 42.51}, "epoch2": {"train_loss": 254.72322726249695, "train_accuracy": 52.836, "test_loss": 123.84921497106552, "test_accuracy": 55.37}, "epoch3": {"train_loss": 245.47113692760468, "train_accuracy": 55.384, "test_loss": 115.0443896651268, "test_accuracy": 58.98}, "epoch4": {"train_loss": 263.9061427116394, "train_accuracy": 52.4, "test_loss": 131.50369918346405, "test_accuracy": 54.85}, "epoch5": {"train_loss": 290.18964445590973, "train_accuracy": 47.852, "test_loss": 143.98250079154968, "test_accuracy": 50.29}, "epoch6": {"train_loss": 319.40007066726685, "train_accuracy": 41.922, "test_loss": 141.00268697738647, "test_accuracy": 50.38}, "epoch7": {"train_loss": 339.3647964000702, "train_accuracy": 38.326, "test_loss": 173.82956159114838, "test_accuracy": 40.99}, "epoch8": {"train_loss": 354.06809771060944, "train_accuracy": 35.566, "test_loss": 157.11387157440186, "test_accuracy": 44.9}, "epoch9": {"train_loss": 362.82636296749115, "train_accuracy": 33.524, "test_loss": 182.51201045513153, "test_accuracy": 37.86}, "epoch10": {"train_loss": 368.8895366191864, "train_accuracy": 31.932, "test_loss": 193.74328792095184, "test_accuracy": 32.3}, "epoch11": {"train_loss": 373.05102610588074, "train_accuracy": 31.21, "test_loss": 208.33975160121918, "test_accuracy": 29.92}, "epoch12": {"train_loss": 375.709174990654, "train_accuracy": 30.618, "test_loss": 208.27799439430237, "test_accuracy": 28.38}, "epoch13": {"train_loss": 381.5151951313019, "train_accuracy": 29.468, "test_loss": 238.21953344345093, "test_accuracy": 21.17}, "epoch14": {"train_loss": 390.69402372837067, "train_accuracy": 27.42, "test_loss": 208.00385010242462, "test_accuracy": 27.47}, "epoch15": {"train_loss": 410.0736571550369, "train_accuracy": 24.228, "test_loss": 206.6349390745163, "test_accuracy": 27.16}, "epoch16": {"train_loss": 442.87065720558167, "train_accuracy": 19.216, "test_loss": 209.75131928920746, "test_accuracy": 25.0}, "train_time": 849.3889074325562}