{"epoch1": {"train_loss": 427.9882907271385, "train_accuracy": 17.145, "test_loss": 199.35915541648865, "test_accuracy": 24.18}, "epoch2": {"train_loss": 412.6639811992645, "train_accuracy": 21.53, "test_loss": 195.32398450374603, "test_accuracy": 27.89}, "epoch3": {"train_loss": 424.1951195001602, "train_accuracy": 20.772, "test_loss": 202.07272052764893, "test_accuracy": 27.87}, "epoch4": {"train_loss": 435.0614207983017, "train_accuracy": 18.216, "test_loss": 209.88476252555847, "test_accuracy": 24.37}, "epoch5": {"train_loss": 442.1592626571655, "train_accuracy": 15.906, "test_loss": 217.01535296440125, "test_accuracy": 22.48}, "epoch6": {"train_loss": 446.5668958425522, "train_accuracy": 14.111, "test_loss": 221.2604238986969, "test_accuracy": 21.54}, "epoch7": {"train_loss": 449.57903265953064, "train_accuracy": 12.886, "test_loss": 222.97223472595215, "test_accuracy": 18.44}, "epoch8": {"train_loss": 451.7465887069702, "train_accuracy": 12.072, "test_loss": 224.84310507774353, "test_accuracy": 18.48}, "train_time": 717.2726550102234}