{"epoch1": {"train_loss": 502.35928893089294, "train_accuracy": 12.914, "test_loss": 211.7812842130661, "test_accuracy": 20.01, "adv_accuracy": 18.359375}, "epoch2": {"train_loss": 423.1987202167511, "train_accuracy": 17.758, "test_loss": 194.43045210838318, "test_accuracy": 29.45, "adv_accuracy": 16.40625}, "epoch3": {"train_loss": 399.7963788509369, "train_accuracy": 22.748, "test_loss": 175.66682505607605, "test_accuracy": 37.03, "adv_accuracy": 27.734375}, "epoch4": {"train_loss": 383.972957611084, "train_accuracy": 25.918, "test_loss": 164.7157677412033, "test_accuracy": 39.08, "adv_accuracy": 23.828125}, "epoch5": {"train_loss": 370.7991501092911, "train_accuracy": 28.408, "test_loss": 159.73285055160522, "test_accuracy": 43.9, "adv_accuracy": 34.375}, "epoch6": {"train_loss": 358.01949071884155, "train_accuracy": 30.81, "test_loss": 148.34214186668396, "test_accuracy": 47.55, "adv_accuracy": 31.640625}, "epoch7": {"train_loss": 345.9046481847763, "train_accuracy": 32.938, "test_loss": 141.62855803966522, "test_accuracy": 47.61, "adv_accuracy": 34.765625}, "epoch8": {"train_loss": 331.9983720779419, "train_accuracy": 35.348, "test_loss": 127.99675858020782, "test_accuracy": 54.29, "adv_accuracy": 40.234375}, "epoch9": {"train_loss": 320.6125131845474, "train_accuracy": 37.554, "test_loss": 122.17283391952515, "test_accuracy": 56.98, "adv_accuracy": 37.5}, "epoch10": {"train_loss": 310.83653223514557, "train_accuracy": 39.266, "test_loss": 120.59064471721649, "test_accuracy": 58.83, "adv_accuracy": 37.5}, "epoch11": {"train_loss": 303.1787178516388, "train_accuracy": 40.796, "test_loss": 112.5526368021965, "test_accuracy": 62.26, "adv_accuracy": 38.671875}, "epoch12": {"train_loss": 295.2098739147186, "train_accuracy": 42.322, "test_loss": 112.1921197772026, "test_accuracy": 59.84, "adv_accuracy": 42.1875}, "epoch13": {"train_loss": 291.970556974411, "train_accuracy": 42.964, "test_loss": 120.19669222831726, "test_accuracy": 59.39, "adv_accuracy": 42.578125}, "epoch14": {"train_loss": 285.0779949426651, "train_accuracy": 44.406, "test_loss": 111.50868159532547, "test_accuracy": 58.93, "adv_accuracy": 47.65625}, "epoch15": {"train_loss": 281.0560381412506, "train_accuracy": 44.938, "test_loss": 103.11725515127182, "test_accuracy": 65.73, "adv_accuracy": 47.65625}, "epoch16": {"train_loss": 277.8933537006378, "train_accuracy": 45.682, "test_loss": 95.64922457933426, "test_accuracy": 69.03, "adv_accuracy": 53.125}, "epoch17": {"train_loss": 273.73136842250824, "train_accuracy": 46.36, "test_loss": 97.16171616315842, "test_accuracy": 68.2, "adv_accuracy": 57.421875}, "epoch18": {"train_loss": 269.57893311977386, "train_accuracy": 46.996, "test_loss": 96.18707770109177, "test_accuracy": 69.57, "adv_accuracy": 53.125}, "epoch19": {"train_loss": 268.1153973340988, "train_accuracy": 47.246, "test_loss": 101.77642118930817, "test_accuracy": 65.73, "adv_accuracy": 53.90625}, "epoch20": {"train_loss": 265.44027280807495, "train_accuracy": 47.684, "test_loss": 88.96993786096573, "test_accuracy": 69.9, "adv_accuracy": 55.859375}, "epoch21": {"train_loss": 262.7739655971527, "train_accuracy": 48.628, "test_loss": 96.24932658672333, "test_accuracy": 67.96, "adv_accuracy": 56.640625}, "epoch22": {"train_loss": 259.1206947565079, "train_accuracy": 48.736, "test_loss": 89.85659247636795, "test_accuracy": 71.76, "adv_accuracy": 57.421875}, "epoch23": {"train_loss": 257.94765186309814, "train_accuracy": 49.324, "test_loss": 91.65813714265823, "test_accuracy": 69.68, "adv_accuracy": 53.515625}, "epoch24": {"train_loss": 257.09633934497833, "train_accuracy": 49.514, "test_loss": 86.67469757795334, "test_accuracy": 71.5, "adv_accuracy": 54.6875}, "epoch25": {"train_loss": 249.81560862064362, "train_accuracy": 50.608, "test_loss": 88.37397712469101, "test_accuracy": 71.09, "adv_accuracy": 66.015625}, "epoch26": {"train_loss": 249.24838531017303, "train_accuracy": 50.9, "test_loss": 85.46921944618225, "test_accuracy": 70.3, "adv_accuracy": 51.5625}, "epoch27": {"train_loss": 247.00187468528748, "train_accuracy": 51.134, "test_loss": 86.6019201874733, "test_accuracy": 70.31, "adv_accuracy": 57.03125}, "epoch28": {"train_loss": 243.6294890642166, "train_accuracy": 51.622, "test_loss": 86.51980251073837, "test_accuracy": 72.0, "adv_accuracy": 61.71875}, "epoch29": {"train_loss": 241.2806829214096, "train_accuracy": 52.01, "test_loss": 83.16557848453522, "test_accuracy": 72.42, "adv_accuracy": 53.90625}, "epoch30": {"train_loss": 242.37732672691345, "train_accuracy": 51.934, "test_loss": 82.21065092086792, "test_accuracy": 73.6, "adv_accuracy": 57.421875}, "epoch31": {"train_loss": 239.38907313346863, "train_accuracy": 52.454, "test_loss": 79.05520182847977, "test_accuracy": 74.38, "adv_accuracy": 61.328125}, "epoch32": {"train_loss": 236.27481877803802, "train_accuracy": 52.842, "test_loss": 83.98060077428818, "test_accuracy": 70.98, "adv_accuracy": 57.03125}, "epoch33": {"train_loss": 236.53670740127563, "train_accuracy": 53.02, "test_loss": 77.38888937234879, "test_accuracy": 74.56, "adv_accuracy": 62.5}, "epoch34": {"train_loss": 232.9158706665039, "train_accuracy": 53.476, "test_loss": 78.21799021959305, "test_accuracy": 75.0, "adv_accuracy": 58.203125}, "epoch35": {"train_loss": 231.31670022010803, "train_accuracy": 53.836, "test_loss": 77.25026822090149, "test_accuracy": 76.65, "adv_accuracy": 59.765625}, "epoch36": {"train_loss": 229.1215090751648, "train_accuracy": 54.52, "test_loss": 76.38968396186829, "test_accuracy": 74.74, "adv_accuracy": 65.234375}, "epoch37": {"train_loss": 224.49629843235016, "train_accuracy": 54.734, "test_loss": 71.9119525551796, "test_accuracy": 77.62, "adv_accuracy": 65.234375}, "epoch38": {"train_loss": 223.91174048185349, "train_accuracy": 55.158, "test_loss": 76.1655044555664, "test_accuracy": 75.49, "adv_accuracy": 55.859375}, "epoch39": {"train_loss": 223.12177747488022, "train_accuracy": 55.316, "test_loss": 73.05703896284103, "test_accuracy": 77.79, "adv_accuracy": 59.765625}, "epoch40": {"train_loss": 217.68868744373322, "train_accuracy": 56.352, "test_loss": 70.16377705335617, "test_accuracy": 78.14, "adv_accuracy": 69.53125}, "epoch41": {"train_loss": 214.96817564964294, "train_accuracy": 56.614, "test_loss": 73.41761791706085, "test_accuracy": 75.02, "adv_accuracy": 57.421875}, "epoch42": {"train_loss": 211.95841294527054, "train_accuracy": 57.156, "test_loss": 71.27394711971283, "test_accuracy": 77.08, "adv_accuracy": 64.453125}, "epoch43": {"train_loss": 209.73953938484192, "train_accuracy": 57.498, "test_loss": 70.46179294586182, "test_accuracy": 79.85, "adv_accuracy": 64.0625}, "epoch44": {"train_loss": 206.03654831647873, "train_accuracy": 58.126, "test_loss": 73.63908088207245, "test_accuracy": 75.89, "adv_accuracy": 57.8125}, "epoch45": {"train_loss": 203.2884922027588, "train_accuracy": 58.528, "test_loss": 66.61397847533226, "test_accuracy": 78.68, "adv_accuracy": 64.0625}, "epoch46": {"train_loss": 204.03313887119293, "train_accuracy": 58.39, "test_loss": 64.0431636273861, "test_accuracy": 79.15, "adv_accuracy": 62.5}, "epoch47": {"train_loss": 198.3474713563919, "train_accuracy": 59.41, "test_loss": 66.92964985966682, "test_accuracy": 79.04, "adv_accuracy": 62.109375}, "epoch48": {"train_loss": 196.8979042172432, "train_accuracy": 59.748, "test_loss": 62.72922274470329, "test_accuracy": 79.58, "adv_accuracy": 67.578125}, "epoch49": {"train_loss": 192.49592232704163, "train_accuracy": 60.43, "test_loss": 60.97631826996803, "test_accuracy": 79.61, "adv_accuracy": 66.796875}, "epoch50": {"train_loss": 188.60828304290771, "train_accuracy": 61.21, "test_loss": 61.91524651646614, "test_accuracy": 80.62, "adv_accuracy": 72.265625}, "epoch51": {"train_loss": 184.24179077148438, "train_accuracy": 61.934, "test_loss": 61.539389342069626, "test_accuracy": 80.42, "adv_accuracy": 70.3125}, "epoch52": {"train_loss": 180.9327386021614, "train_accuracy": 62.426, "test_loss": 59.51948684453964, "test_accuracy": 80.42,