{"epoch1": {"train_loss": 420.3328544795513, "train_accuracy": 20.4735, "test_loss": 197.35696971416473, "test_accuracy": 28.56}, "epoch2": {"train_loss": 443.22698521614075, "train_accuracy": 15.5815, "test_loss": 220.86828422546387, "test_accuracy": 18.53}, "epoch3": {"train_loss": 449.17250019311905, "train_accuracy": 12.6445, "test_loss": 228.16148114204407, "test_accuracy": 12.49}, "epoch4": {"train_loss": 449.64110457897186, "train_accuracy": 11.913, "test_loss": 227.690425157547, "test_accuracy": 10.7}, "train_time": 650.2692294120789}