{"epoch1": {"train_loss": 375.9625000357628, "train_accuracy": 29.915, "test_loss": 179.3911247253418, "test_accuracy": 35.41}, "epoch2": {"train_loss": 389.89131528139114, "train_accuracy": 28.116, "test_loss": 190.71813237667084, "test_accuracy": 31.89}, "epoch3": {"train_loss": 418.1677836179733, "train_accuracy": 22.161, "test_loss": 221.31331968307495, "test_accuracy": 19.42}, "epoch4": {"train_loss": 430.54629611968994, "train_accuracy": 18.68, "test_loss": 221.2756063938141, "test_accuracy": 18.44}, "epoch5": {"train_loss": 431.43176198005676, "train_accuracy": 18.534, "test_loss": 222.72649264335632, "test_accuracy": 14.92}, "epoch6": {"train_loss": 424.6100206375122, "train_accuracy": 19.819, "test_loss": 215.4685971736908, "test_accuracy": 14.9}, "epoch7": {"train_loss": 415.59220027923584, "train_accuracy": 21.6, "test_loss": 220.1323688030243, "test_accuracy": 18.86}, "epoch8": {"train_loss": 413.094744682312, "train_accuracy": 21.859, "test_loss": 241.26139783859253, "test_accuracy": 13.23}, "train_time": 717.3693199157715}