{"epoch1": {"train_loss": 379.7622491121292, "train_accuracy": 28.683, "test_loss": 181.64192879199982, "test_accuracy": 34.23}, "epoch2": {"train_loss": 394.8683859705925, "train_accuracy": 27.038, "test_loss": 203.0619180202484, "test_accuracy": 26.55}, "epoch3": {"train_loss": 420.26007413864136, "train_accuracy": 21.328, "test_loss": 207.55468153953552, "test_accuracy": 21.4}, "epoch4": {"train_loss": 430.71240735054016, "train_accuracy": 19.043, "test_loss": 219.41599869728088, "test_accuracy": 16.32}, "epoch5": {"train_loss": 431.6105537414551, "train_accuracy": 18.201, "test_loss": 231.89271116256714, "test_accuracy": 16.8}, "epoch6": {"train_loss": 424.99148166179657, "train_accuracy": 19.675, "test_loss": 223.2857391834259, "test_accuracy": 15.38}, "epoch7": {"train_loss": 416.7227261066437, "train_accuracy": 21.255, "test_loss": 222.27505660057068, "test_accuracy": 16.21}, "epoch8": {"train_loss": 414.0795199871063, "train_accuracy": 21.885, "test_loss": 225.4551169872284, "test_accuracy": 14.2}, "train_time": 1349.709635257721}