{"epoch1": {"train_loss": 514.4235503673553, "train_accuracy": 13.378, "test_loss": 208.2238290309906, "test_accuracy": 23.3}, "epoch2": {"train_loss": 419.51840114593506, "train_accuracy": 20.002, "test_loss": 193.95621132850647, "test_accuracy": 29.78}, "epoch3": {"train_loss": 402.0337450504303, "train_accuracy": 23.378, "test_loss": 176.58622932434082, "test_accuracy": 36.49}, "epoch4": {"train_loss": 387.15285420417786, "train_accuracy": 25.996, "test_loss": 166.66071152687073, "test_accuracy": 38.67}, "epoch5": {"train_loss": 375.8458433151245, "train_accuracy": 27.678, "test_loss": 160.49422907829285, "test_accuracy": 41.2}, "epoch6": {"train_loss": 366.499832034111, "train_accuracy": 29.484, "test_loss": 153.23687386512756, "test_accuracy": 46.14}, "epoch7": {"train_loss": 358.41187059879303, "train_accuracy": 30.936, "test_loss": 140.41410970687866, "test_accuracy": 49.71}, "epoch8": {"train_loss": 349.5210745334625, "train_accuracy": 32.298, "test_loss": 142.15005040168762, "test_accuracy": 50.77}, "epoch9": {"train_loss": 342.1584664583206, "train_accuracy": 34.254, "test_loss": 140.2467314004898, "test_accuracy": 51.27}, "epoch10": {"train_loss": 332.89296543598175, "train_accuracy": 35.762, "test_loss": 126.87733614444733, "test_accuracy": 55.82}, "epoch11": {"train_loss": 323.504921913147, "train_accuracy": 37.39, "test_loss": 124.19990110397339, "test_accuracy": 57.77}, "epoch12": {"train_loss": 317.017036318779, "train_accuracy": 38.634, "test_loss": 117.23642545938492, "test_accuracy": 60.47}, "epoch13": {"train_loss": 310.4581688642502, "train_accuracy": 39.674, "test_loss": 114.82424348592758, "test_accuracy": 63.38}, "epoch14": {"train_loss": 305.0854882001877, "train_accuracy": 40.726, "test_loss": 106.87253892421722, "test_accuracy": 64.73}, "epoch15": {"train_loss": 300.82220208644867, "train_accuracy": 41.63, "test_loss": 105.75920104980469, "test_accuracy": 64.49}, "epoch16": {"train_loss": 294.58772671222687, "train_accuracy": 42.658, "test_loss": 105.27241742610931, "test_accuracy": 64.09}, "train_time": 2415.891227245331}