{"epoch1": {"train_loss": 496.01324462890625, "train_accuracy": 10.782, "test_loss": 219.52407240867615, "test_accuracy": 17.68, "adv_accuracy": 16.015625}, "epoch2": {"train_loss": 432.01626777648926, "train_accuracy": 16.704, "test_loss": 198.69199895858765, "test_accuracy": 25.95, "adv_accuracy": 19.53125}, "epoch3": {"train_loss": 414.2671093940735, "train_accuracy": 20.326, "test_loss": 183.52131474018097, "test_accuracy": 33.93, "adv_accuracy": 26.171875}, "epoch4": {"train_loss": 398.2155611515045, "train_accuracy": 23.482, "test_loss": 169.60864567756653, "test_accuracy": 36.88, "adv_accuracy": 28.90625}, "epoch5": {"train_loss": 389.3103246688843, "train_accuracy": 24.902, "test_loss": 163.71699726581573, "test_accuracy": 41.0, "adv_accuracy": 32.03125}, "epoch6": {"train_loss": 381.42019760608673, "train_accuracy": 26.414, "test_loss": 158.71172046661377, "test_accuracy": 42.35, "adv_accuracy": 30.46875}, "epoch7": {"train_loss": 376.29318821430206, "train_accuracy": 27.66, "test_loss": 157.51972937583923, "test_accuracy": 43.9, "adv_accuracy": 33.59375}, "epoch8": {"train_loss": 369.49409210681915, "train_accuracy": 28.94, "test_loss": 150.7682067155838, "test_accuracy": 46.28, "adv_accuracy": 30.859375}, "epoch9": {"train_loss": 362.8624542951584, "train_accuracy": 30.09, "test_loss": 152.4462102651596, "test_accuracy": 47.04, "adv_accuracy": 32.8125}, "epoch10": {"train_loss": 358.07937014102936, "train_accuracy": 31.052, "test_loss": 143.62661600112915, "test_accuracy": 48.65, "adv_accuracy": 36.328125}, "epoch11": {"train_loss": 351.95736062526703, "train_accuracy": 32.034, "test_loss": 138.89446604251862, "test_accuracy": 51.81, "adv_accuracy": 37.5}, "epoch12": {"train_loss": 346.60160756111145, "train_accuracy": 33.024, "test_loss": 135.51121163368225, "test_accuracy": 54.1, "adv_accuracy": 41.796875}, "epoch13": {"train_loss": 340.97735488414764, "train_accuracy": 34.108, "test_loss": 131.7161327600479, "test_accuracy": 56.43, "adv_accuracy": 42.1875}, "epoch14": {"train_loss": 336.4591327905655, "train_accuracy": 34.856, "test_loss": 127.45410370826721, "test_accuracy": 57.29, "adv_accuracy": 42.578125}, "epoch15": {"train_loss": 330.61081099510193, "train_accuracy": 36.028, "test_loss": 121.7132750749588, "test_accuracy": 58.57, "adv_accuracy": 45.3125}, "epoch16": {"train_loss": 325.2558500766754, "train_accuracy": 37.134, "test_loss": 117.88246667385101, "test_accuracy": 60.4, "adv_accuracy": 46.09375}, "train_time": 2494.4546818733215}