{"epoch1": {"train_loss": 367.9946467280388, "train_accuracy": 30.859, "test_loss": 158.62242424488068, "test_accuracy": 41.81}, "epoch2": {"train_loss": 380.3011705875397, "train_accuracy": 29.729, "test_loss": 173.52682602405548, "test_accuracy": 37.13}, "epoch3": {"train_loss": 413.9835792183876, "train_accuracy": 22.826, "test_loss": 195.39357328414917, "test_accuracy": 28.19}, "epoch4": {"train_loss": 428.87274634838104, "train_accuracy": 18.926, "test_loss": 212.0846724510193, "test_accuracy": 23.11}, "epoch5": {"train_loss": 434.73396277427673, "train_accuracy": 17.462, "test_loss": 216.9618844985962, "test_accuracy": 24.72}, "epoch6": {"train_loss": 436.4510250091553, "train_accuracy": 16.56, "test_loss": 218.74217700958252, "test_accuracy": 19.0}, "epoch7": {"train_loss": 439.21092784404755, "train_accuracy": 15.941, "test_loss": 221.25273251533508, "test_accuracy": 15.28}, "epoch8": {"train_loss": 443.89783346652985, "train_accuracy": 14.735, "test_loss": 224.2642481327057, "test_accuracy": 11.97}, "train_time": 717.3790738582611}