{"epoch1": {"train_loss": 388.00967144966125, "train_accuracy": 24.513, "test_loss": 178.42323338985443, "test_accuracy": 33.64}, "epoch2": {"train_loss": 381.11740958690643, "train_accuracy": 28.833, "test_loss": 186.75960779190063, "test_accuracy": 29.3}, "epoch3": {"train_loss": 409.2564917206764, "train_accuracy": 23.924, "test_loss": 197.16134202480316, "test_accuracy": 29.05}, "epoch4": {"train_loss": 430.68657743930817, "train_accuracy": 18.77, "test_loss": 210.26354670524597, "test_accuracy": 23.8}, "epoch5": {"train_loss": 440.26663053035736, "train_accuracy": 16.455, "test_loss": 215.3477065563202, "test_accuracy": 21.5}, "epoch6": {"train_loss": 444.36483812332153, "train_accuracy": 14.649, "test_loss": 220.16445183753967, "test_accuracy": 18.31}, "epoch7": {"train_loss": 447.20815420150757, "train_accuracy": 13.657, "test_loss": 223.1809630393982, "test_accuracy": 15.47}, "epoch8": {"train_loss": 449.1241636276245, "train_accuracy": 13.076, "test_loss": 224.23612117767334, "test_accuracy": 14.3}, "train_time": 715.7733178138733}