{"epoch1": {"train_loss": 410.5552896261215, "train_accuracy": 25.752, "test_loss": 201.6318142414093, "test_accuracy": 28.06}, "epoch2": {"train_loss": 327.5442966222763, "train_accuracy": 38.85, "test_loss": 151.06301724910736, "test_accuracy": 44.48}, "epoch3": {"train_loss": 323.7752709388733, "train_accuracy": 40.634, "test_loss": 148.21746301651, "test_accuracy": 45.58}, "epoch4": {"train_loss": 335.509081363678, "train_accuracy": 38.854, "test_loss": 156.09689044952393, "test_accuracy": 43.98}, "epoch5": {"train_loss": 351.95426845550537, "train_accuracy": 35.722, "test_loss": 187.15738677978516, "test_accuracy": 34.84}, "epoch6": {"train_loss": 368.0145753622055, "train_accuracy": 32.68, "test_loss": 180.11585557460785, "test_accuracy": 34.83}, "epoch7": {"train_loss": 373.26886558532715, "train_accuracy": 31.542, "test_loss": 182.1823832988739, "test_accuracy": 34.95}, "epoch8": {"train_loss": 376.3239731788635, "train_accuracy": 30.668, "test_loss": 198.79580414295197, "test_accuracy": 29.6}, "epoch9": {"train_loss": 373.95110762119293, "train_accuracy": 30.77, "test_loss": 197.55587756633759, "test_accuracy": 31.53}, "epoch10": {"train_loss": 370.18864703178406, "train_accuracy": 31.598, "test_loss": 191.60819470882416, "test_accuracy": 33.62}, "epoch11": {"train_loss": 366.06929755210876, "train_accuracy": 32.198, "test_loss": 189.84381067752838, "test_accuracy": 31.78}, "epoch12": {"train_loss": 360.6764307022095, "train_accuracy": 33.35, "test_loss": 240.50545406341553, "test_accuracy": 23.67}, "epoch13": {"train_loss": 357.0358839035034, "train_accuracy": 33.822, "test_loss": 235.36989521980286, "test_accuracy": 22.54}, "epoch14": {"train_loss": 353.5639010667801, "train_accuracy": 34.614, "test_loss": 240.71128869056702, "test_accuracy": 22.89}, "epoch15": {"train_loss": 358.80366337299347, "train_accuracy": 33.258, "test_loss": 238.82264137268066, "test_accuracy": 21.64}, "epoch16": {"train_loss": 404.96264147758484, "train_accuracy": 26.708, "test_loss": 219.15690970420837, "test_accuracy": 21.2}, "train_time": 853.6767857074738}