{"epoch1": {"train_loss": 382.2537667751312, "train_accuracy": 28.994, "test_loss": 199.59987103939056, "test_accuracy": 31.46}, "epoch2": {"train_loss": 308.65273654460907, "train_accuracy": 42.582, "test_loss": 158.9521061182022, "test_accuracy": 43.06}, "epoch3": {"train_loss": 305.7755868434906, "train_accuracy": 44.576, "test_loss": 149.20796644687653, "test_accuracy": 46.64}, "epoch4": {"train_loss": 321.602130651474, "train_accuracy": 41.452, "test_loss": 143.57634115219116, "test_accuracy": 49.37}, "epoch5": {"train_loss": 341.037162899971, "train_accuracy": 38.174, "test_loss": 170.9510704278946, "test_accuracy": 38.39}, "epoch6": {"train_loss": 359.7090417146683, "train_accuracy": 34.364, "test_loss": 195.08258426189423, "test_accuracy": 35.13}, "epoch7": {"train_loss": 370.0434602499008, "train_accuracy": 32.438, "test_loss": 174.27261900901794, "test_accuracy": 40.08}, "epoch8": {"train_loss": 374.61910343170166, "train_accuracy": 30.874, "test_loss": 218.91256165504456, "test_accuracy": 29.41}, "epoch9": {"train_loss": 373.6436884403229, "train_accuracy": 30.848, "test_loss": 218.03451716899872, "test_accuracy": 27.24}, "epoch10": {"train_loss": 370.4070073366165, "train_accuracy": 31.512, "test_loss": 208.3503235578537, "test_accuracy": 28.85}, "epoch11": {"train_loss": 367.0205224752426, "train_accuracy": 32.214, "test_loss": 212.68929588794708, "test_accuracy": 29.75}, "epoch12": {"train_loss": 363.2025055885315, "train_accuracy": 32.512, "test_loss": 236.5158839225769, "test_accuracy": 25.84}, "epoch13": {"train_loss": 359.2188569307327, "train_accuracy": 33.398, "test_loss": 244.4475553035736, "test_accuracy": 23.62}, "epoch14": {"train_loss": 355.38617622852325, "train_accuracy": 34.198, "test_loss": 230.8800630569458, "test_accuracy": 25.04}, "epoch15": {"train_loss": 358.95287919044495, "train_accuracy": 33.46, "test_loss": 236.7572592496872, "test_accuracy": 22.58}, "epoch16": {"train_loss": 400.1635180711746, "train_accuracy": 26.86, "test_loss": 227.57802617549896, "test_accuracy": 21.62}, "train_time": 1559.9824249744415}