{"epoch1": {"train_loss": 450.39857816696167, "train_accuracy": 11.608, "test_loss": 210.4257391691208, "test_accuracy": 20.48}, "epoch2": {"train_loss": 415.81069827079773, "train_accuracy": 20.164, "test_loss": 178.5232673883438, "test_accuracy": 34.56}, "epoch3": {"train_loss": 391.50678169727325, "train_accuracy": 24.108, "test_loss": 166.21054589748383, "test_accuracy": 37.61}, "epoch4": {"train_loss": 375.8305175304413, "train_accuracy": 27.168, "test_loss": 158.55865454673767, "test_accuracy": 39.96}, "epoch5": {"train_loss": 362.69569849967957, "train_accuracy": 29.72, "test_loss": 147.79534089565277, "test_accuracy": 45.31}, "epoch6": {"train_loss": 351.7724462747574, "train_accuracy": 31.964, "test_loss": 141.71734881401062, "test_accuracy": 49.58}, "epoch7": {"train_loss": 341.8703316450119, "train_accuracy": 33.704, "test_loss": 136.31502640247345, "test_accuracy": 51.53}, "epoch8": {"train_loss": 331.1829528808594, "train_accuracy": 36.094, "test_loss": 129.98817205429077, "test_accuracy": 52.72}, "epoch9": {"train_loss": 320.78643119335175, "train_accuracy": 37.644, "test_loss": 133.08643567562103, "test_accuracy": 53.73}, "epoch10": {"train_loss": 309.23599541187286, "train_accuracy": 39.712, "test_loss": 114.82930898666382, "test_accuracy": 59.82}, "epoch11": {"train_loss": 298.4424684047699, "train_accuracy": 41.746, "test_loss": 108.00928163528442, "test_accuracy": 64.91}, "epoch12": {"train_loss": 289.1509630680084, "train_accuracy": 43.338, "test_loss": 100.12116205692291, "test_accuracy": 67.32}, "epoch13": {"train_loss": 279.4132024049759, "train_accuracy": 45.214, "test_loss": 98.49694561958313, "test_accuracy": 68.27}, "epoch14": {"train_loss": 268.92699813842773, "train_accuracy": 47.172, "test_loss": 94.29656875133514, "test_accuracy": 70.21}, "epoch15": {"train_loss": 257.4096350669861, "train_accuracy": 49.056, "test_loss": 87.73790287971497, "test_accuracy": 72.31}, "epoch16": {"train_loss": 244.08306896686554, "train_accuracy": 51.458, "test_loss": 80.133336186409, "test_accuracy": 75.18}, "train_time": 1609.3933477401733}