{"epoch1": {"train_loss": 445.57118678092957, "train_accuracy": 12.442, "test_loss": 202.83357322216034, "test_accuracy": 25.32}, "epoch2": {"train_loss": 413.3452355861664, "train_accuracy": 20.6, "test_loss": 175.5093071460724, "test_accuracy": 35.0}, "epoch3": {"train_loss": 390.1644995212555, "train_accuracy": 24.794, "test_loss": 164.11209619045258, "test_accuracy": 38.77}, "epoch4": {"train_loss": 376.08247578144073, "train_accuracy": 27.204, "test_loss": 155.1971583366394, "test_accuracy": 44.69}, "epoch5": {"train_loss": 364.56552588939667, "train_accuracy": 29.296, "test_loss": 151.61710441112518, "test_accuracy": 44.17}, "epoch6": {"train_loss": 353.6376382112503, "train_accuracy": 31.658, "test_loss": 151.57164549827576, "test_accuracy": 44.8}, "epoch7": {"train_loss": 344.6447890996933, "train_accuracy": 33.072, "test_loss": 138.6732850074768, "test_accuracy": 50.52}, "epoch8": {"train_loss": 334.0830999612808, "train_accuracy": 35.376, "test_loss": 129.73666083812714, "test_accuracy": 53.29}, "epoch9": {"train_loss": 322.98114693164825, "train_accuracy": 37.182, "test_loss": 131.19799852371216, "test_accuracy": 53.6}, "epoch10": {"train_loss": 311.78539395332336, "train_accuracy": 39.292, "test_loss": 118.68219745159149, "test_accuracy": 56.44}, "epoch11": {"train_loss": 300.82178723812103, "train_accuracy": 41.192, "test_loss": 110.41130268573761, "test_accuracy": 62.85}, "epoch12": {"train_loss": 290.4937106370926, "train_accuracy": 43.2, "test_loss": 102.79448693990707, "test_accuracy": 64.74}, "epoch13": {"train_loss": 280.43273735046387, "train_accuracy": 44.872, "test_loss": 100.41564357280731, "test_accuracy": 66.91}, "epoch14": {"train_loss": 270.61797273159027, "train_accuracy": 46.938, "test_loss": 92.92503464221954, "test_accuracy": 70.31}, "epoch15": {"train_loss": 259.7424725294113, "train_accuracy": 48.534, "test_loss": 86.03992694616318, "test_accuracy": 72.41}, "epoch16": {"train_loss": 245.90295791625977, "train_accuracy": 51.324, "test_loss": 80.35038131475449, "test_accuracy": 74.74}, "train_time": 1616.6226847171783}