{"epoch1": {"train_loss": 344.72897988557816, "train_accuracy": 33.901, "test_loss": 148.41378462314606, "test_accuracy": 45.08}, "epoch2": {"train_loss": 274.9900861978531, "train_accuracy": 47.987, "test_loss": 115.95967018604279, "test_accuracy": 57.64}, "epoch3": {"train_loss": 233.6804191917181, "train_accuracy": 55.973, "test_loss": 101.9095309972763, "test_accuracy": 63.61}, "epoch4": {"train_loss": 203.3693860322237, "train_accuracy": 62.03, "test_loss": 82.91949528455734, "test_accuracy": 70.77}, "epoch5": {"train_loss": 184.5314774364233, "train_accuracy": 65.368, "test_loss": 83.25413012504578, "test_accuracy": 71.77}, "epoch6": {"train_loss": 168.68477337807417, "train_accuracy": 68.495, "test_loss": 80.65984666347504, "test_accuracy": 72.47}, "epoch7": {"train_loss": 157.24358709156513, "train_accuracy": 70.5115, "test_loss": 75.09113276004791, "test_accuracy": 73.65}, "epoch8": {"train_loss": 146.3404272273183, "train_accuracy": 72.618, "test_loss": 60.16874301433563, "test_accuracy": 78.68}, "epoch9": {"train_loss": 136.8284462019801, "train_accuracy": 74.1165, "test_loss": 58.74982279539108, "test_accuracy": 79.59}, "epoch10": {"train_loss": 128.187957637012, "train_accuracy": 75.7775, "test_loss": 52.02546340227127, "test_accuracy": 81.76}, "epoch11": {"train_loss": 119.81391491740942, "train_accuracy": 77.2375, "test_loss": 58.2969913482666, "test_accuracy": 79.35}, "epoch12": {"train_loss": 111.7682506069541, "train_accuracy": 78.8385, "test_loss": 48.535484790802, "test_accuracy": 82.65}, "epoch13": {"train_loss": 103.93736192211509, "train_accuracy": 80.206, "test_loss": 47.1016204059124, "test_accuracy": 83.49}, "epoch14": {"train_loss": 97.33489542081952, "train_accuracy": 81.6055, "test_loss": 42.502506136894226, "test_accuracy": 85.09}, "epoch15": {"train_loss": 89.07172839716077, "train_accuracy": 83.0835, "test_loss": 38.34941774606705, "test_accuracy": 86.57}, "epoch16": {"train_loss": 82.29402579367161, "train_accuracy": 84.4305, "test_loss": 35.80546197295189, "test_accuracy": 87.58}, "epoch17": {"train_loss": 76.20669633895159, "train_accuracy": 85.5685, "test_loss": 34.58644136786461, "test_accuracy": 88.01}, "epoch18": {"train_loss": 70.97201006114483, "train_accuracy": 86.7035, "test_loss": 33.74020200967789, "test_accuracy": 88.18}, "epoch19": {"train_loss": 67.08618099428713, "train_accuracy": 87.529, "test_loss": 32.938267916440964, "test_accuracy": 88.43}, "epoch20": {"train_loss": 65.3451074436307, "train_accuracy": 87.8775, "test_loss": 32.20858234167099, "test_accuracy": 88.67}, "train_time": 1665.460488319397}