{"epoch1": {"train_loss": 346.4120561182499, "train_accuracy": 33.9985, "test_loss": 197.13156986236572, "test_accuracy": 37.2, "adv_accuracy": 22.65625}, "epoch2": {"train_loss": 277.4123701453209, "train_accuracy": 47.5515, "test_loss": 129.5279342532158, "test_accuracy": 56.39, "adv_accuracy": 24.21875}, "epoch3": {"train_loss": 235.56380562484264, "train_accuracy": 55.738, "test_loss": 98.25432693958282, "test_accuracy": 65.38, "adv_accuracy": 27.34375}, "epoch4": {"train_loss": 204.54760329425335, "train_accuracy": 61.7525, "test_loss": 84.78791034221649, "test_accuracy": 70.23, "adv_accuracy": 32.421875}, "epoch5": {"train_loss": 184.84018245339394, "train_accuracy": 65.336, "test_loss": 84.11988830566406, "test_accuracy": 69.58, "adv_accuracy": 35.546875}, "epoch6": {"train_loss": 169.44446451961994, "train_accuracy": 68.2735, "test_loss": 71.33160862326622, "test_accuracy": 75.23, "adv_accuracy": 35.15625}, "epoch7": {"train_loss": 158.04448653012514, "train_accuracy": 70.3225, "test_loss": 71.84540784358978, "test_accuracy": 75.41, "adv_accuracy": 38.671875}, "epoch8": {"train_loss": 146.5185714289546, "train_accuracy": 72.5, "test_loss": 64.78133770823479, "test_accuracy": 77.62, "adv_accuracy": 35.9375}, "epoch9": {"train_loss": 137.20044739544392, "train_accuracy": 74.1565, "test_loss": 60.28006333112717, "test_accuracy": 79.17, "adv_accuracy": 33.984375}, "epoch10": {"train_loss": 129.76152488589287, "train_accuracy": 75.5815, "test_loss": 56.33503031730652, "test_accuracy": 79.81, "adv_accuracy": 44.140625}, "epoch11": {"train_loss": 120.45095701515675, "train_accuracy": 77.21, "test_loss": 51.946473479270935, "test_accuracy": 81.49, "adv_accuracy": 42.96875}, "epoch12": {"train_loss": 112.57465800642967, "train_accuracy": 78.6035, "test_loss": 50.72338131070137, "test_accuracy": 82.1, "adv_accuracy": 42.96875}, "epoch13": {"train_loss": 104.9305664934218, "train_accuracy": 80.2575, "test_loss": 45.22022020816803, "test_accuracy": 84.16, "adv_accuracy": 42.578125}, "epoch14": {"train_loss": 97.158940538764, "train_accuracy": 81.5735, "test_loss": 41.63359260559082, "test_accuracy": 85.7, "adv_accuracy": 48.4375}, "epoch15": {"train_loss": 89.69801380112767, "train_accuracy": 83.0055, "test_loss": 39.0597864985466, "test_accuracy": 86.63, "adv_accuracy": 47.65625}, "epoch16": {"train_loss": 83.30161399394274, "train_accuracy": 84.264, "test_loss": 36.6709690541029, "test_accuracy": 87.26, "adv_accuracy": 55.078125}, "epoch17": {"train_loss": 76.43046824261546, "train_accuracy": 85.5315, "test_loss": 35.151032373309135, "test_accuracy": 87.88, "adv_accuracy": 48.046875}, "epoch18": {"train_loss": 72.17625533789396, "train_accuracy": 86.5145, "test_loss": 33.839179158210754, "test_accuracy": 88.29, "adv_accuracy": 50.0}, "epoch19": {"train_loss": 68.06643953360617, "train_accuracy": 87.385, "test_loss": 33.30450476706028, "test_accuracy": 88.45, "adv_accuracy": 52.734375}, "epoch20": {"train_loss": 65.8493049107492, "train_accuracy": 87.772, "test_loss": 32.81830149888992, "test_accuracy": 88.68, "adv_accuracy": 55.46875}, "train_time": 1681.172117948532}