{"epoch1": {"train_loss": 420.6899590790272, "train_accuracy": 20.2655, "test_loss": 198.07431614398956, "test_accuracy": 27.99}, "epoch2": {"train_loss": 443.6165465116501, "train_accuracy": 15.245, "test_loss": 227.20647263526917, "test_accuracy": 14.37}, "epoch3": {"train_loss": 449.1074653863907, "train_accuracy": 12.9895, "test_loss": 226.8843150138855, "test_accuracy": 13.49}, "epoch4": {"train_loss": 449.56703865528107, "train_accuracy": 12.172, "test_loss": 228.54598927497864, "test_accuracy": 10.58}, "train_time": 650.3016831874847}