{"epoch1": {"train_loss": 454.935183763504, "train_accuracy": 8.054, "test_loss": 229.4977629184723, "test_accuracy": 12.36}, "epoch2": {"train_loss": 445.1407253742218, "train_accuracy": 13.356, "test_loss": 208.4693124294281, "test_accuracy": 21.08}, "epoch3": {"train_loss": 423.1581280231476, "train_accuracy": 18.44, "test_loss": 189.6257402896881, "test_accuracy": 29.18}, "epoch4": {"train_loss": 404.3571672439575, "train_accuracy": 22.34, "test_loss": 176.32973062992096, "test_accuracy": 33.25}, "epoch5": {"train_loss": 390.37482726573944, "train_accuracy": 24.57, "test_loss": 163.83377373218536, "test_accuracy": 40.17}, "epoch6": {"train_loss": 380.1066299676895, "train_accuracy": 26.568, "test_loss": 162.79093253612518, "test_accuracy": 39.98}, "epoch7": {"train_loss": 373.2110433578491, "train_accuracy": 27.704, "test_loss": 156.53866517543793, "test_accuracy": 42.66}, "epoch8": {"train_loss": 365.3470147848129, "train_accuracy": 29.33, "test_loss": 150.85384809970856, "test_accuracy": 47.13}, "epoch9": {"train_loss": 356.6193517446518, "train_accuracy": 30.874, "test_loss": 143.3662178516388, "test_accuracy": 49.72}, "epoch10": {"train_loss": 349.68605303764343, "train_accuracy": 32.262, "test_loss": 140.27875936031342, "test_accuracy": 51.26}, "epoch11": {"train_loss": 341.9251310825348, "train_accuracy": 33.49, "test_loss": 138.94038915634155, "test_accuracy": 50.28}, "epoch12": {"train_loss": 335.7042838335037, "train_accuracy": 34.768, "test_loss": 131.04523050785065, "test_accuracy": 53.23}, "epoch13": {"train_loss": 327.8523613214493, "train_accuracy": 36.3, "test_loss": 127.93705701828003, "test_accuracy": 55.02}, "epoch14": {"train_loss": 320.3157856464386, "train_accuracy": 37.382, "test_loss": 124.8852310180664, "test_accuracy": 54.48}, "epoch15": {"train_loss": 312.79511392116547, "train_accuracy": 39.104, "test_loss": 118.93881356716156, "test_accuracy": 58.18}, "epoch16": {"train_loss": 305.7872384786606, "train_accuracy": 40.256, "test_loss": 114.45664918422699, "test_accuracy": 62.16}, "epoch17": {"train_loss": 298.75946843624115, "train_accuracy": 41.806, "test_loss": 107.50965064764023, "test_accuracy": 63.45}, "epoch18": {"train_loss": 292.84575867652893, "train_accuracy": 42.452, "test_loss": 111.1096983551979, "test_accuracy": 61.44}, "epoch19": {"train_loss": 285.94228971004486, "train_accuracy": 43.79, "test_loss": 104.54752552509308, "test_accuracy": 64.72}, "epoch20": {"train_loss": 281.0810012817383, "train_accuracy": 44.754, "test_loss": 101.23359614610672, "test_accuracy": 66.68}, "epoch21": {"train_loss": 276.4617645740509, "train_accuracy": 45.824, "test_loss": 96.73521423339844, "test_accuracy": 66.55}, "epoch22": {"train_loss": 272.801674246788, "train_accuracy": 46.506, "test_loss": 96.72580420970917, "test_accuracy": 67.56}, "epoch23": {"train_loss": 268.0387718677521, "train_accuracy": 47.294, "test_loss": 94.948555290699, "test_accuracy": 70.19}, "epoch24": {"train_loss": 265.12234461307526, "train_accuracy": 47.89, "test_loss": 93.24213683605194, "test_accuracy": 70.05}, "epoch25": {"train_loss": 260.72614574432373, "train_accuracy": 48.498, "test_loss": 89.65798151493073, "test_accuracy": 70.98}, "epoch26": {"train_loss": 257.18115496635437, "train_accuracy": 49.06, "test_loss": 91.75334513187408, "test_accuracy": 70.45}, "epoch27": {"train_loss": 253.70287370681763, "train_accuracy": 49.796, "test_loss": 91.24802350997925, "test_accuracy": 71.47}, "epoch28": {"train_loss": 250.7439796924591, "train_accuracy": 50.272, "test_loss": 86.70458859205246, "test_accuracy": 71.06}, "epoch29": {"train_loss": 248.40024363994598, "train_accuracy": 50.578, "test_loss": 84.7534030675888, "test_accuracy": 73.22}, "epoch30": {"train_loss": 245.85704016685486, "train_accuracy": 51.246, "test_loss": 85.72993957996368, "test_accuracy": 71.66}, "epoch31": {"train_loss": 243.87272322177887, "train_accuracy": 51.538, "test_loss": 83.05519914627075, "test_accuracy": 71.08}, "epoch32": {"train_loss": 241.12247967720032, "train_accuracy": 52.164, "test_loss": 84.81609266996384, "test_accuracy": 72.99}, "epoch33": {"train_loss": 239.4177122116089, "train_accuracy": 52.32, "test_loss": 83.8468925356865, "test_accuracy": 72.82}, "epoch34": {"train_loss": 237.20334470272064, "train_accuracy": 52.766, "test_loss": 85.25545287132263, "test_accuracy": 72.86}, "epoch35": {"train_loss": 236.4424705505371, "train_accuracy": 52.734, "test_loss": 84.38739877939224, "test_accuracy": 72.07}, "epoch36": {"train_loss": 234.93189299106598, "train_accuracy": 52.998, "test_loss": 89.40271729230881, "test_accuracy": 69.28}, "epoch37": {"train_loss": 233.27794742584229, "train_accuracy": 53.512, "test_loss": 85.52742743492126, "test_accuracy": 71.47}, "epoch38": {"train_loss": 232.8424915075302, "train_accuracy": 53.42, "test_loss": 81.1818494796753, "test_accuracy": 73.89}, "epoch39": {"train_loss": 231.30902862548828, "train_accuracy": 53.418, "test_loss": 87.72034913301468, "test_accuracy": 71.31}, "epoch40": {"train_loss": 229.4741551876068, "train_accuracy": 54.054, "test_loss": 88.12712049484253, "test_accuracy": 70.7}, "epoch41": {"train_loss": 229.27838802337646, "train_accuracy": 54.022, "test_loss": 79.37125307321548, "test_accuracy": 74.38}, "epoch42": {"train_loss": 226.12983947992325, "train_accuracy": 54.69, "test_loss": 75.91489452123642, "test_accuracy": 76.52}, "epoch43": {"train_loss": 224.40699690580368, "train_accuracy": 54.834, "test_loss": 76.15768378973007, "test_accuracy": 74.38}, "epoch44": {"train_loss": 221.65840393304825, "train_accuracy": 55.602, "test_loss": 80.99189192056656, "test_accuracy": 72.99}, "epoch45": {"train_loss": 220.08337074518204, "train_accuracy": 55.726, "test_loss": 75.43703711032867, "test_accuracy": 75.42}, "epoch46": {"train_loss": 218.50607818365097, "train_accuracy": 55.87, "test_loss": 76.14081883430481, "test_accuracy": 74.63}, "epoch47": {"train_loss": 214.52867591381073, "train_accuracy": 56.768, "test_loss": 81.98090529441833, "test_accuracy": 73.61}, "epoch48": {"train_loss": 213.12315946817398, "train_accuracy": 56.748, "test_loss": 76.88503307104111, "test_accuracy": 75.74}, "epoch49": {"train_loss": 212.83471298217773, "train_accuracy": 57.042, "test_loss": 76.40251237154007, "test_accuracy": 74.89}, "epoch50": {"train_loss": 209.54829984903336, "train_accuracy": 57.422, "test_loss": 70.42574048042297, "test_accuracy": 77.71}, "epoch51": {"train_loss": 206.19187819957733, "train_accuracy": 58.112, "test_loss": 72.37456876039505, "test_accuracy": 76.03}, "epoch52": {"train_loss": 204.27056223154068, "train_accuracy": 58.354, "test_loss": 70.64916223287582, "test_accuracy": 77.66}, "epoch53": {"train_loss": 201.64419317245483, "train_accuracy": 58.764, "test_loss": 69.8724068403244, "test_accuracy": 76.99}, "epoch54": {"train_loss": 187.81544679403305, "train_accuracy": 61.974, "test_loss": 60.019616544246674, "test_accuracy": 79.72}, "epoch55": {"train_loss": 94.62166213989258, "train_accuracy": 83.166, "test_loss": 138.5419768691063, "test_accuracy": 62.74}, "epoch56": {"train_loss": 63.23626112937927, "train_accuracy": 89.316, "test_loss": 134.62485963106155, "test_accuracy": 64.23}, "epoch57": {"train_loss": 57.5513054728508, "train_accuracy": 90.152, "test_loss": 140.4117689728737, "test_accuracy": 62.14}, "epoch58": {"train_loss": 53.27187667787075, "train_accuracy": 90.962, "test_loss": 131.79768007993698, "test_accuracy": 60.02}, "epoch59": {"train_loss": 51.322793290019035, "train_accuracy": 91.322, "test_loss": 89.4377189874649, "test_accuracy": 73.25}, "epoch60": {"train_loss": 46.44637480378151, "train_accuracy": 92.15, "test_loss": 154.2094601392746, "test_accuracy": 63.82}, "epoch61": {"train_loss": 42.50158417224884, "train_accuracy": 92.654, "test_loss": 95.52123546600342, "test_accuracy": 72.69}, "epoch62": {"train_loss": 34.88790788501501, "train_accuracy": 94.236, "test_loss": 80.15817221999168, "test_accuracy": 75.98}, "epoch63": {"train_loss": 30.737825959920883,