{"epoch1": {"train_loss": 453.2729411125183, "train_accuracy": 9.228, "test_loss": 219.94986057281494, "test_accuracy": 17.0, "adv_accuracy": 14.453125}, "epoch2": {"train_loss": 438.1565945148468, "train_accuracy": 15.094, "test_loss": 205.67161560058594, "test_accuracy": 24.35, "adv_accuracy": 18.359375}, "epoch3": {"train_loss": 422.6535806655884, "train_accuracy": 18.91, "test_loss": 188.70139718055725, "test_accuracy": 30.71, "adv_accuracy": 21.875}, "epoch4": {"train_loss": 406.53241443634033, "train_accuracy": 21.622, "test_loss": 178.69192624092102, "test_accuracy": 32.77, "adv_accuracy": 27.734375}, "epoch5": {"train_loss": 392.1639748811722, "train_accuracy": 24.578, "test_loss": 165.5701642036438, "test_accuracy": 40.24, "adv_accuracy": 21.875}, "epoch6": {"train_loss": 380.8439869880676, "train_accuracy": 26.262, "test_loss": 162.93591725826263, "test_accuracy": 39.13, "adv_accuracy": 32.421875}, "epoch7": {"train_loss": 373.0184005498886, "train_accuracy": 27.79, "test_loss": 171.89436078071594, "test_accuracy": 39.4, "adv_accuracy": 32.03125}, "epoch8": {"train_loss": 365.9054754972458, "train_accuracy": 29.218, "test_loss": 152.35703301429749, "test_accuracy": 43.01, "adv_accuracy": 31.25}, "epoch9": {"train_loss": 358.4090269804001, "train_accuracy": 30.518, "test_loss": 142.30286121368408, "test_accuracy": 49.96, "adv_accuracy": 42.1875}, "epoch10": {"train_loss": 350.5475620031357, "train_accuracy": 32.31, "test_loss": 143.76272320747375, "test_accuracy": 49.17, "adv_accuracy": 35.546875}, "epoch11": {"train_loss": 343.7392724752426, "train_accuracy": 33.2, "test_loss": 135.96078836917877, "test_accuracy": 51.97, "adv_accuracy": 39.84375}, "epoch12": {"train_loss": 335.5740453004837, "train_accuracy": 34.782, "test_loss": 127.00689506530762, "test_accuracy": 56.0, "adv_accuracy": 43.75}, "epoch13": {"train_loss": 327.09464621543884, "train_accuracy": 36.374, "test_loss": 127.63536095619202, "test_accuracy": 54.86, "adv_accuracy": 42.1875}, "epoch14": {"train_loss": 318.4138847589493, "train_accuracy": 37.9, "test_loss": 119.70446115732193, "test_accuracy": 59.99, "adv_accuracy": 44.140625}, "epoch15": {"train_loss": 312.0049320459366, "train_accuracy": 38.992, "test_loss": 117.10997718572617, "test_accuracy": 59.69, "adv_accuracy": 39.0625}, "epoch16": {"train_loss": 304.6138446331024, "train_accuracy": 40.306, "test_loss": 110.07457822561264, "test_accuracy": 61.03, "adv_accuracy": 47.265625}, "epoch17": {"train_loss": 298.80715799331665, "train_accuracy": 41.502, "test_loss": 109.69597494602203, "test_accuracy": 62.17, "adv_accuracy": 44.140625}, "epoch18": {"train_loss": 292.0321795940399, "train_accuracy": 42.97, "test_loss": 102.17194503545761, "test_accuracy": 65.06, "adv_accuracy": 48.828125}, "epoch19": {"train_loss": 285.15957176685333, "train_accuracy": 44.04, "test_loss": 108.22031080722809, "test_accuracy": 62.67, "adv_accuracy": 43.75}, "epoch20": {"train_loss": 280.63329100608826, "train_accuracy": 44.778, "test_loss": 102.22122800350189, "test_accuracy": 64.62, "adv_accuracy": 46.09375}, "epoch21": {"train_loss": 275.04510712623596, "train_accuracy": 45.746, "test_loss": 98.60397338867188, "test_accuracy": 67.46, "adv_accuracy": 50.390625}, "epoch22": {"train_loss": 271.76700365543365, "train_accuracy": 46.8, "test_loss": 94.42768156528473, "test_accuracy": 69.6, "adv_accuracy": 56.25}, "epoch23": {"train_loss": 266.5607308149338, "train_accuracy": 47.382, "test_loss": 91.02882784605026, "test_accuracy": 70.67, "adv_accuracy": 58.203125}, "epoch24": {"train_loss": 263.60569417476654, "train_accuracy": 47.94, "test_loss": 88.71825337409973, "test_accuracy": 70.34, "adv_accuracy": 50.78125}, "epoch25": {"train_loss": 259.66022086143494, "train_accuracy": 48.724, "test_loss": 93.14553439617157, "test_accuracy": 70.2, "adv_accuracy": 51.5625}, "epoch26": {"train_loss": 256.5742212533951, "train_accuracy": 49.31, "test_loss": 91.36159312725067, "test_accuracy": 70.36, "adv_accuracy": 53.515625}, "epoch27": {"train_loss": 252.960795879364, "train_accuracy": 49.924, "test_loss": 84.02467399835587, "test_accuracy": 74.4, "adv_accuracy": 54.296875}, "epoch28": {"train_loss": 249.7976392507553, "train_accuracy": 50.696, "test_loss": 84.06442123651505, "test_accuracy": 73.63, "adv_accuracy": 62.5}, "epoch29": {"train_loss": 247.27671813964844, "train_accuracy": 50.938, "test_loss": 83.12849521636963, "test_accuracy": 72.94, "adv_accuracy": 60.15625}, "epoch30": {"train_loss": 245.52491915225983, "train_accuracy": 51.352, "test_loss": 88.13530552387238, "test_accuracy": 70.89, "adv_accuracy": 55.859375}, "epoch31": {"train_loss": 243.0835566520691, "train_accuracy": 51.682, "test_loss": 86.1433909535408, "test_accuracy": 73.25, "adv_accuracy": 58.984375}, "epoch32": {"train_loss": 240.92877459526062, "train_accuracy": 52.056, "test_loss": 78.22425019741058, "test_accuracy": 74.36, "adv_accuracy": 55.859375}, "epoch33": {"train_loss": 238.67258548736572, "train_accuracy": 52.318, "test_loss": 82.57886582612991, "test_accuracy": 72.52, "adv_accuracy": 59.765625}, "epoch34": {"train_loss": 237.8061476945877, "train_accuracy": 52.49, "test_loss": 84.5923581123352, "test_accuracy": 72.84, "adv_accuracy": 63.671875}, "epoch35": {"train_loss": 235.08125400543213, "train_accuracy": 53.234, "test_loss": 82.00304901599884, "test_accuracy": 72.59, "adv_accuracy": 55.46875}, "epoch36": {"train_loss": 234.0620288848877, "train_accuracy": 53.436, "test_loss": 82.29022175073624, "test_accuracy": 72.73, "adv_accuracy": 53.515625}, "epoch37": {"train_loss": 233.02381217479706, "train_accuracy": 53.288, "test_loss": 85.14332103729248, "test_accuracy": 71.08, "adv_accuracy": 55.078125}, "epoch38": {"train_loss": 231.74068355560303, "train_accuracy": 53.926, "test_loss": 81.74701261520386, "test_accuracy": 71.56, "adv_accuracy": 57.03125}, "epoch39": {"train_loss": 229.87598776817322, "train_accuracy": 54.108, "test_loss": 80.14369720220566, "test_accuracy": 70.53, "adv_accuracy": 50.78125}, "epoch40": {"train_loss": 229.77570128440857, "train_accuracy": 53.862, "test_loss": 80.02887296676636, "test_accuracy": 73.16, "adv_accuracy": 60.546875}, "epoch41": {"train_loss": 228.63037586212158, "train_accuracy": 54.052, "test_loss": 85.40339839458466, "test_accuracy": 72.37, "adv_accuracy": 57.8125}, "epoch42": {"train_loss": 226.36333793401718, "train_accuracy": 54.412, "test_loss": 80.53523778915405, "test_accuracy": 71.65, "adv_accuracy": 54.6875}, "epoch43": {"train_loss": 222.9601594209671, "train_accuracy": 55.522, "test_loss": 73.43522334098816, "test_accuracy": 77.28, "adv_accuracy": 57.421875}, "epoch44": {"train_loss": 221.7684781551361, "train_accuracy": 55.298, "test_loss": 77.10350972414017, "test_accuracy": 74.7, "adv_accuracy": 57.8125}, "epoch45": {"train_loss": 220.06418478488922, "train_accuracy": 55.67, "test_loss": 77.84936988353729, "test_accuracy": 74.27, "adv_accuracy": 62.890625}, "epoch46": {"train_loss": 217.65637439489365, "train_accuracy": 56.0, "test_loss": 75.82432734966278, "test_accuracy": 75.48, "adv_accuracy": 63.28125}, "epoch47": {"train_loss": 215.8990619778633, "train_accuracy": 56.496, "test_loss": 72.39420580863953, "test_accuracy": 76.91, "adv_accuracy": 63.671875}, "epoch48": {"train_loss": 213.69295769929886, "train_accuracy": 56.916, "test_loss": 71.3076559305191, "test_accuracy": 76.59, "adv_accuracy": 58.203125}, "epoch49": {"train_loss": 211.80044037103653, "train_accuracy": 57.104, "test_loss": 71.74977833032608, "test_accuracy": 75.93, "adv_accuracy": 61.328125}, "epoch50": {"train_loss": 208.91184848546982, "train_accuracy": 57.724, "test_loss": 76.35893225669861, "test_accuracy": 75.19, "adv_accuracy": 62.109375}, "epoch51": {"train_loss": 208.1784851551056, "train_accuracy": 57.746, "test_loss": 72.2686939239502, "test_accuracy": 75.22, "adv_accuracy": 58.984375}, "epoch52": {"train_loss": 205.8889033794403, "train_accuracy": 57.916, "test_loss": 69.64465945959091, "test_accuracy": 77.17,