{"epoch1": {"train_loss": 454.36078333854675, "train_accuracy": 7.25, "test_loss": 228.53427267074585, "test_accuracy": 16.05, "adv_accuracy": 7.03125}, "epoch2": {"train_loss": 445.03665590286255, "train_accuracy": 13.88, "test_loss": 204.3030652999878, "test_accuracy": 22.89, "adv_accuracy": 17.96875}, "epoch3": {"train_loss": 418.6647324562073, "train_accuracy": 18.776, "test_loss": 182.2727189064026, "test_accuracy": 31.21, "adv_accuracy": 19.53125}, "epoch4": {"train_loss": 397.6975107192993, "train_accuracy": 22.91, "test_loss": 172.9819394350052, "test_accuracy": 35.52, "adv_accuracy": 25.78125}, "epoch5": {"train_loss": 389.14713084697723, "train_accuracy": 24.506, "test_loss": 165.5271246433258, "test_accuracy": 39.48, "adv_accuracy": 28.125}, "epoch6": {"train_loss": 381.517954826355, "train_accuracy": 26.138, "test_loss": 166.83944034576416, "test_accuracy": 36.72, "adv_accuracy": 30.46875}, "epoch7": {"train_loss": 372.8001027107239, "train_accuracy": 27.672, "test_loss": 155.43751168251038, "test_accuracy": 43.08, "adv_accuracy": 31.640625}, "epoch8": {"train_loss": 365.81724762916565, "train_accuracy": 29.026, "test_loss": 154.95432710647583, "test_accuracy": 40.86, "adv_accuracy": 28.515625}, "epoch9": {"train_loss": 358.95085299015045, "train_accuracy": 30.18, "test_loss": 147.66340816020966, "test_accuracy": 46.63, "adv_accuracy": 32.421875}, "epoch10": {"train_loss": 350.81318283081055, "train_accuracy": 31.702, "test_loss": 140.9549459218979, "test_accuracy": 48.88, "adv_accuracy": 39.0625}, "epoch11": {"train_loss": 343.78663420677185, "train_accuracy": 33.604, "test_loss": 132.33730280399323, "test_accuracy": 53.1, "adv_accuracy": 41.40625}, "epoch12": {"train_loss": 335.3620446920395, "train_accuracy": 34.758, "test_loss": 132.75013160705566, "test_accuracy": 52.0, "adv_accuracy": 41.015625}, "epoch13": {"train_loss": 328.86366176605225, "train_accuracy": 35.948, "test_loss": 131.0821317434311, "test_accuracy": 53.64, "adv_accuracy": 44.921875}, "epoch14": {"train_loss": 321.2245613336563, "train_accuracy": 37.592, "test_loss": 127.6601892709732, "test_accuracy": 55.41, "adv_accuracy": 41.796875}, "epoch15": {"train_loss": 312.8657763004303, "train_accuracy": 38.614, "test_loss": 119.9828839302063, "test_accuracy": 59.03, "adv_accuracy": 40.625}, "epoch16": {"train_loss": 305.5943547487259, "train_accuracy": 40.524, "test_loss": 118.94172585010529, "test_accuracy": 59.32, "adv_accuracy": 46.484375}, "epoch17": {"train_loss": 299.13767182826996, "train_accuracy": 41.374, "test_loss": 107.146264731884, "test_accuracy": 62.5, "adv_accuracy": 45.3125}, "epoch18": {"train_loss": 293.54848635196686, "train_accuracy": 42.594, "test_loss": 112.43059653043747, "test_accuracy": 62.63, "adv_accuracy": 46.875}, "epoch19": {"train_loss": 287.08835661411285, "train_accuracy": 43.748, "test_loss": 101.78481435775757, "test_accuracy": 65.34, "adv_accuracy": 51.5625}, "epoch20": {"train_loss": 282.14067554473877, "train_accuracy": 44.452, "test_loss": 106.1263776421547, "test_accuracy": 64.83, "adv_accuracy": 47.265625}, "epoch21": {"train_loss": 277.42206060886383, "train_accuracy": 45.516, "test_loss": 102.10240626335144, "test_accuracy": 67.84, "adv_accuracy": 52.734375}, "epoch22": {"train_loss": 272.6222298145294, "train_accuracy": 46.582, "test_loss": 98.85243636369705, "test_accuracy": 66.44, "adv_accuracy": 54.6875}, "epoch23": {"train_loss": 268.51623809337616, "train_accuracy": 47.146, "test_loss": 90.39905434846878, "test_accuracy": 69.75, "adv_accuracy": 54.296875}, "epoch24": {"train_loss": 264.4982600212097, "train_accuracy": 48.114, "test_loss": 90.91271436214447, "test_accuracy": 70.78, "adv_accuracy": 55.078125}, "epoch25": {"train_loss": 260.72315406799316, "train_accuracy": 48.76, "test_loss": 90.52155297994614, "test_accuracy": 70.24, "adv_accuracy": 53.90625}, "epoch26": {"train_loss": 257.32244408130646, "train_accuracy": 49.114, "test_loss": 86.2650386095047, "test_accuracy": 71.48, "adv_accuracy": 55.078125}, "epoch27": {"train_loss": 253.52738118171692, "train_accuracy": 49.954, "test_loss": 91.57917183637619, "test_accuracy": 71.21, "adv_accuracy": 53.90625}, "epoch28": {"train_loss": 251.68654870986938, "train_accuracy": 50.476, "test_loss": 92.78182578086853, "test_accuracy": 68.14, "adv_accuracy": 48.828125}, "epoch29": {"train_loss": 247.6669442653656, "train_accuracy": 50.864, "test_loss": 82.06190437078476, "test_accuracy": 73.71, "adv_accuracy": 59.375}, "epoch30": {"train_loss": 245.64356911182404, "train_accuracy": 51.106, "test_loss": 85.14340215921402, "test_accuracy": 72.15, "adv_accuracy": 66.40625}, "epoch31": {"train_loss": 244.19693458080292, "train_accuracy": 51.514, "test_loss": 94.00321877002716, "test_accuracy": 68.21, "adv_accuracy": 52.734375}, "epoch32": {"train_loss": 240.8530354499817, "train_accuracy": 52.182, "test_loss": 84.31215399503708, "test_accuracy": 72.36, "adv_accuracy": 53.90625}, "epoch33": {"train_loss": 238.91792452335358, "train_accuracy": 52.418, "test_loss": 91.1319106221199, "test_accuracy": 68.9, "adv_accuracy": 56.640625}, "epoch34": {"train_loss": 237.38889384269714, "train_accuracy": 52.816, "test_loss": 77.52658689022064, "test_accuracy": 74.33, "adv_accuracy": 60.546875}, "epoch35": {"train_loss": 236.48239636421204, "train_accuracy": 52.742, "test_loss": 86.85878938436508, "test_accuracy": 71.91, "adv_accuracy": 58.203125}, "epoch36": {"train_loss": 234.6238088607788, "train_accuracy": 53.068, "test_loss": 78.38079422712326, "test_accuracy": 75.03, "adv_accuracy": 64.84375}, "epoch37": {"train_loss": 232.924342751503, "train_accuracy": 53.454, "test_loss": 83.92478883266449, "test_accuracy": 74.2, "adv_accuracy": 59.765625}, "epoch38": {"train_loss": 232.60743129253387, "train_accuracy": 53.49, "test_loss": 80.4084615111351, "test_accuracy": 73.93, "adv_accuracy": 56.640625}, "epoch39": {"train_loss": 229.88665461540222, "train_accuracy": 53.884, "test_loss": 81.52350103855133, "test_accuracy": 73.79, "adv_accuracy": 55.859375}, "epoch40": {"train_loss": 229.92014575004578, "train_accuracy": 53.896, "test_loss": 78.77419608831406, "test_accuracy": 74.41, "adv_accuracy": 66.015625}, "epoch41": {"train_loss": 228.26021552085876, "train_accuracy": 54.354, "test_loss": 79.20001322031021, "test_accuracy": 72.63, "adv_accuracy": 57.421875}, "epoch42": {"train_loss": 224.88972961902618, "train_accuracy": 54.862, "test_loss": 80.22387266159058, "test_accuracy": 74.86, "adv_accuracy": 59.765625}, "epoch43": {"train_loss": 223.62301456928253, "train_accuracy": 54.842, "test_loss": 78.81512200832367, "test_accuracy": 74.38, "adv_accuracy": 56.640625}, "epoch44": {"train_loss": 222.48982691764832, "train_accuracy": 55.068, "test_loss": 73.25197118520737, "test_accuracy": 75.47, "adv_accuracy": 62.5}, "epoch45": {"train_loss": 219.33267676830292, "train_accuracy": 55.726, "test_loss": 78.3036008477211, "test_accuracy": 74.51, "adv_accuracy": 62.109375}, "epoch46": {"train_loss": 218.03747588396072, "train_accuracy": 56.004, "test_loss": 77.9603528380394, "test_accuracy": 74.11, "adv_accuracy": 62.109375}, "epoch47": {"train_loss": 215.6122509241104, "train_accuracy": 56.448, "test_loss": 79.16880863904953, "test_accuracy": 75.06, "adv_accuracy": 58.203125}, "epoch48": {"train_loss": 212.9449518918991, "train_accuracy": 56.9, "test_loss": 75.16229742765427, "test_accuracy": 76.22, "adv_accuracy": 59.765625}, "epoch49": {"train_loss": 211.7706663608551, "train_accuracy": 57.066, "test_loss": 79.70090872049332, "test_accuracy": 75.75, "adv_accuracy": 54.6875}, "epoch50": {"train_loss": 209.8604496717453, "train_accuracy": 57.622, "test_loss": 77.60500144958496, "test_accuracy": 73.78, "adv_accuracy": 57.8125}, "epoch51": {"train_loss": 207.12734013795853, "train_accuracy": 57.75, "test_loss": 68.963005900383, "test_accuracy": 78.46, "adv_accuracy": 66.015625}, "epoch52": {"train_loss": 206.22337490320206, "train_accuracy": 57.954, "test_loss": 73.77995544672012,