{"epoch1": {"train_loss": 453.75318670272827, "train_accuracy": 8.536, "test_loss": 222.47305846214294, "test_accuracy": 15.84, "adv_accuracy": 10.15625}, "epoch2": {"train_loss": 440.6082932949066, "train_accuracy": 15.066, "test_loss": 205.68968057632446, "test_accuracy": 21.44, "adv_accuracy": 13.28125}, "epoch3": {"train_loss": 420.645703792572, "train_accuracy": 19.044, "test_loss": 183.8295681476593, "test_accuracy": 32.34, "adv_accuracy": 22.65625}, "epoch4": {"train_loss": 400.29648900032043, "train_accuracy": 22.896, "test_loss": 175.88368213176727, "test_accuracy": 35.04, "adv_accuracy": 25.78125}, "epoch5": {"train_loss": 390.1890538930893, "train_accuracy": 24.684, "test_loss": 166.72805058956146, "test_accuracy": 38.29, "adv_accuracy": 26.953125}, "epoch6": {"train_loss": 382.1922832727432, "train_accuracy": 25.964, "test_loss": 163.8154398202896, "test_accuracy": 39.48, "adv_accuracy": 29.6875}, "epoch7": {"train_loss": 373.0493701696396, "train_accuracy": 27.314, "test_loss": 154.79706239700317, "test_accuracy": 44.39, "adv_accuracy": 31.640625}, "epoch8": {"train_loss": 366.26523673534393, "train_accuracy": 29.244, "test_loss": 152.1543095111847, "test_accuracy": 41.86, "adv_accuracy": 32.03125}, "epoch9": {"train_loss": 358.3326687812805, "train_accuracy": 30.662, "test_loss": 148.65083587169647, "test_accuracy": 47.18, "adv_accuracy": 35.546875}, "epoch10": {"train_loss": 351.63096702098846, "train_accuracy": 31.88, "test_loss": 140.78799390792847, "test_accuracy": 49.24, "adv_accuracy": 33.203125}, "epoch11": {"train_loss": 342.72722601890564, "train_accuracy": 33.568, "test_loss": 137.81271755695343, "test_accuracy": 50.35, "adv_accuracy": 39.84375}, "epoch12": {"train_loss": 335.8590611219406, "train_accuracy": 34.772, "test_loss": 135.39123570919037, "test_accuracy": 48.57, "adv_accuracy": 35.15625}, "epoch13": {"train_loss": 327.8312464952469, "train_accuracy": 36.466, "test_loss": 126.12402594089508, "test_accuracy": 56.14, "adv_accuracy": 40.625}, "epoch14": {"train_loss": 321.62289345264435, "train_accuracy": 37.472, "test_loss": 122.82448554039001, "test_accuracy": 56.4, "adv_accuracy": 43.359375}, "epoch15": {"train_loss": 313.37397944927216, "train_accuracy": 39.014, "test_loss": 114.52526438236237, "test_accuracy": 60.73, "adv_accuracy": 45.703125}, "epoch16": {"train_loss": 307.0332006216049, "train_accuracy": 40.442, "test_loss": 114.39209753274918, "test_accuracy": 59.22, "adv_accuracy": 44.140625}, "epoch17": {"train_loss": 299.6296988725662, "train_accuracy": 41.376, "test_loss": 108.25305533409119, "test_accuracy": 62.17, "adv_accuracy": 53.125}, "epoch18": {"train_loss": 293.91315507888794, "train_accuracy": 42.452, "test_loss": 104.5137300491333, "test_accuracy": 63.66, "adv_accuracy": 49.21875}, "epoch19": {"train_loss": 287.89314913749695, "train_accuracy": 43.786, "test_loss": 101.09398251771927, "test_accuracy": 66.61, "adv_accuracy": 50.78125}, "epoch20": {"train_loss": 281.7321672439575, "train_accuracy": 44.952, "test_loss": 102.65945678949356, "test_accuracy": 64.56, "adv_accuracy": 51.171875}, "epoch21": {"train_loss": 277.34602761268616, "train_accuracy": 45.502, "test_loss": 97.27698838710785, "test_accuracy": 67.58, "adv_accuracy": 57.03125}, "epoch22": {"train_loss": 271.96412229537964, "train_accuracy": 46.476, "test_loss": 97.64474821090698, "test_accuracy": 67.33, "adv_accuracy": 53.90625}, "epoch23": {"train_loss": 268.70995581150055, "train_accuracy": 47.234, "test_loss": 97.03683334589005, "test_accuracy": 66.47, "adv_accuracy": 50.390625}, "epoch24": {"train_loss": 264.4359270334244, "train_accuracy": 47.824, "test_loss": 95.85430002212524, "test_accuracy": 68.94, "adv_accuracy": 52.734375}, "epoch25": {"train_loss": 260.3688805103302, "train_accuracy": 48.444, "test_loss": 92.49575793743134, "test_accuracy": 69.74, "adv_accuracy": 56.640625}, "epoch26": {"train_loss": 257.3796081542969, "train_accuracy": 49.156, "test_loss": 90.5912806391716, "test_accuracy": 70.94, "adv_accuracy": 53.90625}, "epoch27": {"train_loss": 254.5000203847885, "train_accuracy": 49.616, "test_loss": 90.85327208042145, "test_accuracy": 70.09, "adv_accuracy": 54.296875}, "epoch28": {"train_loss": 251.3815414905548, "train_accuracy": 50.23, "test_loss": 84.08257746696472, "test_accuracy": 73.28, "adv_accuracy": 51.953125}, "epoch29": {"train_loss": 248.27499222755432, "train_accuracy": 50.624, "test_loss": 83.8972253203392, "test_accuracy": 71.51, "adv_accuracy": 55.078125}, "epoch30": {"train_loss": 246.13137412071228, "train_accuracy": 51.12, "test_loss": 84.86894518136978, "test_accuracy": 73.48, "adv_accuracy": 59.765625}, "epoch31": {"train_loss": 243.99705338478088, "train_accuracy": 51.498, "test_loss": 80.15737611055374, "test_accuracy": 73.79, "adv_accuracy": 57.8125}, "epoch32": {"train_loss": 241.3632289171219, "train_accuracy": 52.18, "test_loss": 84.53062468767166, "test_accuracy": 72.77, "adv_accuracy": 58.59375}, "epoch33": {"train_loss": 239.57713282108307, "train_accuracy": 52.114, "test_loss": 79.18201225996017, "test_accuracy": 73.93, "adv_accuracy": 54.6875}, "epoch34": {"train_loss": 238.3179053068161, "train_accuracy": 52.506, "test_loss": 84.15284502506256, "test_accuracy": 72.94, "adv_accuracy": 58.984375}, "epoch35": {"train_loss": 236.21352016925812, "train_accuracy": 53.044, "test_loss": 81.19249188899994, "test_accuracy": 73.25, "adv_accuracy": 56.640625}, "epoch36": {"train_loss": 234.80137610435486, "train_accuracy": 53.244, "test_loss": 80.93826735019684, "test_accuracy": 74.03, "adv_accuracy": 52.34375}, "epoch37": {"train_loss": 233.91663944721222, "train_accuracy": 53.472, "test_loss": 85.43973636627197, "test_accuracy": 70.3, "adv_accuracy": 49.609375}, "epoch38": {"train_loss": 232.52093303203583, "train_accuracy": 53.506, "test_loss": 78.43122094869614, "test_accuracy": 74.35, "adv_accuracy": 62.109375}, "epoch39": {"train_loss": 230.7650431394577, "train_accuracy": 53.726, "test_loss": 82.07383519411087, "test_accuracy": 74.09, "adv_accuracy": 53.515625}, "epoch40": {"train_loss": 229.7621146440506, "train_accuracy": 54.062, "test_loss": 80.59901732206345, "test_accuracy": 75.01, "adv_accuracy": 62.5}, "epoch41": {"train_loss": 228.1559001803398, "train_accuracy": 54.482, "test_loss": 83.99228328466415, "test_accuracy": 71.88, "adv_accuracy": 55.859375}, "epoch42": {"train_loss": 226.45749533176422, "train_accuracy": 54.172, "test_loss": 77.96164846420288, "test_accuracy": 75.12, "adv_accuracy": 58.984375}, "epoch43": {"train_loss": 223.43652033805847, "train_accuracy": 54.97, "test_loss": 79.58241814374924, "test_accuracy": 74.54, "adv_accuracy": 59.375}, "epoch44": {"train_loss": 221.6468533873558, "train_accuracy": 55.24, "test_loss": 75.4215077161789, "test_accuracy": 75.99, "adv_accuracy": 58.203125}, "epoch45": {"train_loss": 219.45338040590286, "train_accuracy": 55.96, "test_loss": 75.54547744989395, "test_accuracy": 75.73, "adv_accuracy": 60.9375}, "epoch46": {"train_loss": 218.0860601067543, "train_accuracy": 56.118, "test_loss": 75.86122572422028, "test_accuracy": 75.0, "adv_accuracy": 59.375}, "epoch47": {"train_loss": 215.72948223352432, "train_accuracy": 56.192, "test_loss": 70.70439231395721, "test_accuracy": 77.94, "adv_accuracy": 62.5}, "epoch48": {"train_loss": 212.01969397068024, "train_accuracy": 57.09, "test_loss": 77.42211711406708, "test_accuracy": 73.26, "adv_accuracy": 61.71875}, "epoch49": {"train_loss": 211.50583291053772, "train_accuracy": 56.97, "test_loss": 69.92548370361328, "test_accuracy": 77.58, "adv_accuracy": 62.109375}, "epoch50": {"train_loss": 210.01117730140686, "train_accuracy": 57.178, "test_loss": 72.90675884485245, "test_accuracy": 76.11, "adv_accuracy": 59.375}, "epoch51": {"train_loss": 206.63863414525986, "train_accuracy": 57.95, "test_loss": 74.37406814098358, "test_accuracy": 75.97, "adv_accuracy": 60.15625}, "epoch52": {"train_loss": 205.25916653871536, "train_accuracy": 58.02, "test_loss": 70.67388540506363, "test_accuracy": 76.79,