{"epoch1": {"train_loss": 429.2160532474518, "train_accuracy": 18.598, "test_loss": 204.4692723751068, "test_accuracy": 22.85}, "epoch2": {"train_loss": 389.67039692401886, "train_accuracy": 26.732, "test_loss": 197.24893450737, "test_accuracy": 25.72}, "epoch3": {"train_loss": 376.6879540681839, "train_accuracy": 28.576, "test_loss": 190.70356059074402, "test_accuracy": 28.23}, "epoch4": {"train_loss": 373.24236035346985, "train_accuracy": 29.716, "test_loss": 182.40464425086975, "test_accuracy": 32.2}, "epoch5": {"train_loss": 375.27174162864685, "train_accuracy": 29.672, "test_loss": 187.53538870811462, "test_accuracy": 31.8}, "epoch6": {"train_loss": 386.2756236791611, "train_accuracy": 28.494, "test_loss": 181.58283066749573, "test_accuracy": 33.54}, "epoch7": {"train_loss": 392.1187720298767, "train_accuracy": 27.788, "test_loss": 181.43185305595398, "test_accuracy": 33.83}, "epoch8": {"train_loss": 399.21659421920776, "train_accuracy": 26.382, "test_loss": 185.5853899717331, "test_accuracy": 32.43}, "epoch9": {"train_loss": 407.2918839454651, "train_accuracy": 24.924, "test_loss": 189.8581658601761, "test_accuracy": 31.37}, "epoch10": {"train_loss": 417.96688294410706, "train_accuracy": 22.52, "test_loss": 191.66138911247253, "test_accuracy": 30.62}, "epoch11": {"train_loss": 426.9322934150696, "train_accuracy": 20.598, "test_loss": 198.81355798244476, "test_accuracy": 28.79}, "epoch12": {"train_loss": 436.1144721508026, "train_accuracy": 18.792, "test_loss": 202.72243702411652, "test_accuracy": 27.64}, "epoch13": {"train_loss": 444.24272656440735, "train_accuracy": 16.754, "test_loss": 207.71412765979767, "test_accuracy": 26.03}, "epoch14": {"train_loss": 449.1190288066864, "train_accuracy": 15.464, "test_loss": 211.6963118314743, "test_accuracy": 24.46}, "epoch15": {"train_loss": 454.74391913414, "train_accuracy": 14.44, "test_loss": 214.7565197944641, "test_accuracy": 23.24}, "epoch16": {"train_loss": 460.72079849243164, "train_accuracy": 13.602, "test_loss": 217.6268436908722, "test_accuracy": 21.9}, "train_time": 851.1231498718262}