{"epoch1": {"train_loss": 491.806587934494, "train_accuracy": 14.942, "test_loss": 209.0856133699417, "test_accuracy": 23.01, "adv_accuracy": 17.578125}, "epoch2": {"train_loss": 412.44488883018494, "train_accuracy": 21.502, "test_loss": 187.75036323070526, "test_accuracy": 32.08, "adv_accuracy": 28.125}, "epoch3": {"train_loss": 391.3184725046158, "train_accuracy": 24.956, "test_loss": 172.39477443695068, "test_accuracy": 37.48, "adv_accuracy": 29.296875}, "epoch4": {"train_loss": 376.2141981124878, "train_accuracy": 27.288, "test_loss": 163.4452884197235, "test_accuracy": 38.71, "adv_accuracy": 32.03125}, "epoch5": {"train_loss": 364.46506524086, "train_accuracy": 29.524, "test_loss": 163.80159616470337, "test_accuracy": 40.99, "adv_accuracy": 30.859375}, "epoch6": {"train_loss": 351.97869527339935, "train_accuracy": 32.016, "test_loss": 147.13309264183044, "test_accuracy": 47.72, "adv_accuracy": 35.546875}, "epoch7": {"train_loss": 339.06751573085785, "train_accuracy": 34.282, "test_loss": 138.66614854335785, "test_accuracy": 50.28, "adv_accuracy": 37.5}, "epoch8": {"train_loss": 327.0683960914612, "train_accuracy": 36.424, "test_loss": 135.99001932144165, "test_accuracy": 52.02, "adv_accuracy": 35.9375}, "epoch9": {"train_loss": 316.28357684612274, "train_accuracy": 38.416, "test_loss": 120.28954046964645, "test_accuracy": 58.37, "adv_accuracy": 41.796875}, "epoch10": {"train_loss": 307.1898057460785, "train_accuracy": 39.988, "test_loss": 113.17023628950119, "test_accuracy": 58.41, "adv_accuracy": 42.578125}, "epoch11": {"train_loss": 299.5516266822815, "train_accuracy": 41.258, "test_loss": 106.8404757976532, "test_accuracy": 64.41, "adv_accuracy": 55.859375}, "epoch12": {"train_loss": 294.512344956398, "train_accuracy": 42.6, "test_loss": 114.38948661088943, "test_accuracy": 59.86, "adv_accuracy": 46.09375}, "epoch13": {"train_loss": 288.2594031095505, "train_accuracy": 43.666, "test_loss": 109.55271685123444, "test_accuracy": 60.26, "adv_accuracy": 43.75}, "epoch14": {"train_loss": 282.99715662002563, "train_accuracy": 44.582, "test_loss": 99.09256047010422, "test_accuracy": 64.96, "adv_accuracy": 55.46875}, "epoch15": {"train_loss": 277.1075747013092, "train_accuracy": 45.752, "test_loss": 100.32588982582092, "test_accuracy": 67.27, "adv_accuracy": 52.34375}, "epoch16": {"train_loss": 274.62948417663574, "train_accuracy": 46.188, "test_loss": 100.32749301195145, "test_accuracy": 65.93, "adv_accuracy": 49.21875}, "epoch17": {"train_loss": 270.3622490167618, "train_accuracy": 46.698, "test_loss": 95.07511872053146, "test_accuracy": 67.96, "adv_accuracy": 45.703125}, "epoch18": {"train_loss": 268.3476827144623, "train_accuracy": 47.582, "test_loss": 103.45961827039719, "test_accuracy": 66.29, "adv_accuracy": 51.953125}, "epoch19": {"train_loss": 264.74710714817047, "train_accuracy": 47.918, "test_loss": 93.96515011787415, "test_accuracy": 67.42, "adv_accuracy": 51.5625}, "epoch20": {"train_loss": 261.5117539167404, "train_accuracy": 48.658, "test_loss": 90.53562146425247, "test_accuracy": 69.5, "adv_accuracy": 55.078125}, "epoch21": {"train_loss": 259.6567095518112, "train_accuracy": 48.852, "test_loss": 88.94239205121994, "test_accuracy": 71.61, "adv_accuracy": 54.6875}, "epoch22": {"train_loss": 256.67254996299744, "train_accuracy": 49.466, "test_loss": 92.09326696395874, "test_accuracy": 69.42, "adv_accuracy": 54.6875}, "epoch23": {"train_loss": 253.73920321464539, "train_accuracy": 49.986, "test_loss": 84.29816180467606, "test_accuracy": 73.0, "adv_accuracy": 52.734375}, "epoch24": {"train_loss": 252.28277277946472, "train_accuracy": 50.49, "test_loss": 86.4743310213089, "test_accuracy": 72.62, "adv_accuracy": 57.03125}, "epoch25": {"train_loss": 250.51091837882996, "train_accuracy": 50.702, "test_loss": 89.43855118751526, "test_accuracy": 71.29, "adv_accuracy": 57.421875}, "epoch26": {"train_loss": 247.86060440540314, "train_accuracy": 50.95, "test_loss": 85.72250664234161, "test_accuracy": 72.35, "adv_accuracy": 60.546875}, "epoch27": {"train_loss": 245.0542185306549, "train_accuracy": 51.304, "test_loss": 84.89257836341858, "test_accuracy": 71.14, "adv_accuracy": 51.953125}, "epoch28": {"train_loss": 243.1979867219925, "train_accuracy": 51.416, "test_loss": 84.15435689687729, "test_accuracy": 73.82, "adv_accuracy": 54.296875}, "epoch29": {"train_loss": 241.16982340812683, "train_accuracy": 52.392, "test_loss": 85.04967850446701, "test_accuracy": 72.73, "adv_accuracy": 52.34375}, "epoch30": {"train_loss": 239.65631413459778, "train_accuracy": 52.466, "test_loss": 85.13202112913132, "test_accuracy": 74.08, "adv_accuracy": 61.328125}, "epoch31": {"train_loss": 236.1001913547516, "train_accuracy": 52.924, "test_loss": 80.11697119474411, "test_accuracy": 75.12, "adv_accuracy": 56.640625}, "epoch32": {"train_loss": 234.75642478466034, "train_accuracy": 53.156, "test_loss": 78.1086854338646, "test_accuracy": 73.72, "adv_accuracy": 58.59375}, "epoch33": {"train_loss": 231.8238765001297, "train_accuracy": 53.808, "test_loss": 79.51338326931, "test_accuracy": 72.96, "adv_accuracy": 62.5}, "epoch34": {"train_loss": 231.1144517660141, "train_accuracy": 54.038, "test_loss": 78.17127168178558, "test_accuracy": 76.28, "adv_accuracy": 65.234375}, "epoch35": {"train_loss": 228.37583357095718, "train_accuracy": 54.348, "test_loss": 79.74921905994415, "test_accuracy": 71.92, "adv_accuracy": 56.640625}, "epoch36": {"train_loss": 226.75510382652283, "train_accuracy": 54.778, "test_loss": 71.9786149263382, "test_accuracy": 76.75, "adv_accuracy": 65.625}, "epoch37": {"train_loss": 223.64419853687286, "train_accuracy": 55.01, "test_loss": 75.84760528802872, "test_accuracy": 75.59, "adv_accuracy": 66.796875}, "epoch38": {"train_loss": 222.81562441587448, "train_accuracy": 55.642, "test_loss": 73.5792629122734, "test_accuracy": 77.1, "adv_accuracy": 62.5}, "epoch39": {"train_loss": 220.2937189936638, "train_accuracy": 55.748, "test_loss": 71.92489159107208, "test_accuracy": 77.63, "adv_accuracy": 66.40625}, "epoch40": {"train_loss": 216.04142928123474, "train_accuracy": 56.432, "test_loss": 70.79464513063431, "test_accuracy": 77.09, "adv_accuracy": 63.28125}, "epoch41": {"train_loss": 214.51925879716873, "train_accuracy": 56.588, "test_loss": 68.40613827109337, "test_accuracy": 77.52, "adv_accuracy": 72.265625}, "epoch42": {"train_loss": 210.61946856975555, "train_accuracy": 57.674, "test_loss": 74.92142361402512, "test_accuracy": 75.97, "adv_accuracy": 60.546875}, "epoch43": {"train_loss": 207.88799196481705, "train_accuracy": 57.856, "test_loss": 73.27063727378845, "test_accuracy": 77.32, "adv_accuracy": 64.453125}, "epoch44": {"train_loss": 206.13932245969772, "train_accuracy": 58.29, "test_loss": 68.83969300985336, "test_accuracy": 76.88, "adv_accuracy": 62.5}, "epoch45": {"train_loss": 203.45872539281845, "train_accuracy": 58.834, "test_loss": 68.69441568851471, "test_accuracy": 78.49, "adv_accuracy": 67.1875}, "epoch46": {"train_loss": 200.44489520788193, "train_accuracy": 59.164, "test_loss": 65.81518757343292, "test_accuracy": 78.99, "adv_accuracy": 69.921875}, "epoch47": {"train_loss": 197.32736456394196, "train_accuracy": 59.882, "test_loss": 65.56276249885559, "test_accuracy": 79.21, "adv_accuracy": 65.234375}, "epoch48": {"train_loss": 194.42279464006424, "train_accuracy": 60.186, "test_loss": 63.34815555810928, "test_accuracy": 78.34, "adv_accuracy": 62.890625}, "epoch49": {"train_loss": 189.52010762691498, "train_accuracy": 61.002, "test_loss": 65.97368428111076, "test_accuracy": 78.63, "adv_accuracy": 69.53125}, "epoch50": {"train_loss": 186.66839224100113, "train_accuracy": 61.698, "test_loss": 61.6869820356369, "test_accuracy": 80.55, "adv_accuracy": 71.09375}, "epoch51": {"train_loss": 183.60963201522827, "train_accuracy": 61.844, "test_loss": 61.931440740823746, "test_accuracy": 79.3, "adv_accuracy": 71.484375}, "epoch52": {"train_loss": 179.07272082567215, "train_accuracy": 62.908, "test_loss": 61.83447626233101, "test_accuracy": 80.38,