{"epoch1": {"train_loss": 509.56654810905457, "train_accuracy": 10.13, "test_loss": 228.39926290512085, "test_accuracy": 11.73, "adv_accuracy": 11.71875}, "epoch2": {"train_loss": 435.4884281158447, "train_accuracy": 15.458, "test_loss": 203.33272552490234, "test_accuracy": 24.38, "adv_accuracy": 20.3125}, "epoch3": {"train_loss": 404.1561418771744, "train_accuracy": 22.482, "test_loss": 179.2151083946228, "test_accuracy": 34.12, "adv_accuracy": 26.953125}, "epoch4": {"train_loss": 383.4940791130066, "train_accuracy": 25.958, "test_loss": 169.1520767211914, "test_accuracy": 38.22, "adv_accuracy": 34.375}, "epoch5": {"train_loss": 370.65490996837616, "train_accuracy": 28.432, "test_loss": 170.04765117168427, "test_accuracy": 35.8, "adv_accuracy": 23.828125}, "epoch6": {"train_loss": 359.68525302410126, "train_accuracy": 30.384, "test_loss": 149.9373049736023, "test_accuracy": 45.65, "adv_accuracy": 32.421875}, "epoch7": {"train_loss": 346.6854360103607, "train_accuracy": 32.77, "test_loss": 141.80707967281342, "test_accuracy": 50.19, "adv_accuracy": 38.671875}, "epoch8": {"train_loss": 334.00176763534546, "train_accuracy": 35.082, "test_loss": 136.37576138973236, "test_accuracy": 51.93, "adv_accuracy": 44.53125}, "epoch9": {"train_loss": 320.7049568891525, "train_accuracy": 37.566, "test_loss": 131.56834840774536, "test_accuracy": 54.59, "adv_accuracy": 46.484375}, "epoch10": {"train_loss": 312.158544421196, "train_accuracy": 39.134, "test_loss": 120.04110562801361, "test_accuracy": 59.67, "adv_accuracy": 44.921875}, "epoch11": {"train_loss": 303.14057743549347, "train_accuracy": 40.47, "test_loss": 113.9661636352539, "test_accuracy": 61.8, "adv_accuracy": 44.53125}, "epoch12": {"train_loss": 297.3343108892441, "train_accuracy": 41.992, "test_loss": 105.58106130361557, "test_accuracy": 62.87, "adv_accuracy": 49.21875}, "epoch13": {"train_loss": 290.3228689432144, "train_accuracy": 43.294, "test_loss": 111.00214892625809, "test_accuracy": 59.89, "adv_accuracy": 40.234375}, "epoch14": {"train_loss": 285.4122693538666, "train_accuracy": 43.944, "test_loss": 97.54613184928894, "test_accuracy": 66.93, "adv_accuracy": 53.90625}, "epoch15": {"train_loss": 282.25509226322174, "train_accuracy": 44.558, "test_loss": 103.52719956636429, "test_accuracy": 64.11, "adv_accuracy": 49.21875}, "epoch16": {"train_loss": 278.27322947978973, "train_accuracy": 45.532, "test_loss": 99.00140905380249, "test_accuracy": 67.14, "adv_accuracy": 51.953125}, "epoch17": {"train_loss": 272.26130509376526, "train_accuracy": 46.598, "test_loss": 98.41660690307617, "test_accuracy": 68.79, "adv_accuracy": 52.34375}, "epoch18": {"train_loss": 269.71667194366455, "train_accuracy": 46.836, "test_loss": 91.68850648403168, "test_accuracy": 67.53, "adv_accuracy": 54.296875}, "epoch19": {"train_loss": 268.097186088562, "train_accuracy": 47.218, "test_loss": 91.92615056037903, "test_accuracy": 69.77, "adv_accuracy": 45.703125}, "epoch20": {"train_loss": 265.09086096286774, "train_accuracy": 47.966, "test_loss": 101.4696387052536, "test_accuracy": 66.47, "adv_accuracy": 52.734375}, "epoch21": {"train_loss": 261.7584936618805, "train_accuracy": 48.526, "test_loss": 93.48213815689087, "test_accuracy": 69.09, "adv_accuracy": 56.25}, "epoch22": {"train_loss": 260.60363233089447, "train_accuracy": 48.856, "test_loss": 93.21014028787613, "test_accuracy": 69.44, "adv_accuracy": 51.5625}, "epoch23": {"train_loss": 258.2521401643753, "train_accuracy": 48.906, "test_loss": 86.13834589719772, "test_accuracy": 72.34, "adv_accuracy": 61.328125}, "epoch24": {"train_loss": 252.87545359134674, "train_accuracy": 49.812, "test_loss": 85.23680019378662, "test_accuracy": 72.79, "adv_accuracy": 51.953125}, "epoch25": {"train_loss": 252.66715919971466, "train_accuracy": 50.064, "test_loss": 89.62396782636642, "test_accuracy": 70.43, "adv_accuracy": 48.828125}, "epoch26": {"train_loss": 249.43447852134705, "train_accuracy": 50.576, "test_loss": 88.78762447834015, "test_accuracy": 70.33, "adv_accuracy": 55.859375}, "epoch27": {"train_loss": 246.7003070116043, "train_accuracy": 51.04, "test_loss": 88.23794692754745, "test_accuracy": 69.71, "adv_accuracy": 56.640625}, "epoch28": {"train_loss": 243.9826021194458, "train_accuracy": 51.586, "test_loss": 84.19678777456284, "test_accuracy": 70.7, "adv_accuracy": 53.515625}, "epoch29": {"train_loss": 244.66319525241852, "train_accuracy": 51.616, "test_loss": 84.91013461351395, "test_accuracy": 72.97, "adv_accuracy": 54.296875}, "epoch30": {"train_loss": 241.35312271118164, "train_accuracy": 52.134, "test_loss": 79.98678171634674, "test_accuracy": 74.53, "adv_accuracy": 56.640625}, "epoch31": {"train_loss": 240.6261646747589, "train_accuracy": 52.346, "test_loss": 79.11010152101517, "test_accuracy": 76.02, "adv_accuracy": 66.40625}, "epoch32": {"train_loss": 238.66920149326324, "train_accuracy": 52.668, "test_loss": 82.37665152549744, "test_accuracy": 72.99, "adv_accuracy": 59.375}, "epoch33": {"train_loss": 235.58084452152252, "train_accuracy": 53.118, "test_loss": 77.46194392442703, "test_accuracy": 75.23, "adv_accuracy": 58.984375}, "epoch34": {"train_loss": 232.48199677467346, "train_accuracy": 53.368, "test_loss": 77.98933100700378, "test_accuracy": 74.02, "adv_accuracy": 58.203125}, "epoch35": {"train_loss": 230.40032041072845, "train_accuracy": 54.034, "test_loss": 78.84314268827438, "test_accuracy": 75.66, "adv_accuracy": 66.015625}, "epoch36": {"train_loss": 227.04156613349915, "train_accuracy": 54.504, "test_loss": 78.94355374574661, "test_accuracy": 74.22, "adv_accuracy": 64.0625}, "epoch37": {"train_loss": 224.79293632507324, "train_accuracy": 54.918, "test_loss": 71.8114740550518, "test_accuracy": 77.27, "adv_accuracy": 64.453125}, "epoch38": {"train_loss": 223.98843216896057, "train_accuracy": 54.978, "test_loss": 76.70675802230835, "test_accuracy": 74.02, "adv_accuracy": 56.640625}, "epoch39": {"train_loss": 220.52940779924393, "train_accuracy": 55.55, "test_loss": 73.46883273124695, "test_accuracy": 77.22, "adv_accuracy": 60.9375}, "epoch40": {"train_loss": 219.52538818120956, "train_accuracy": 55.782, "test_loss": 71.27425444126129, "test_accuracy": 77.81, "adv_accuracy": 65.625}, "epoch41": {"train_loss": 215.3550624847412, "train_accuracy": 56.434, "test_loss": 71.57719349861145, "test_accuracy": 77.09, "adv_accuracy": 60.9375}, "epoch42": {"train_loss": 213.28908568620682, "train_accuracy": 56.836, "test_loss": 72.4095783829689, "test_accuracy": 76.95, "adv_accuracy": 59.375}, "epoch43": {"train_loss": 210.81839400529861, "train_accuracy": 57.434, "test_loss": 69.65064334869385, "test_accuracy": 78.23, "adv_accuracy": 64.84375}, "epoch44": {"train_loss": 211.39889466762543, "train_accuracy": 57.202, "test_loss": 70.09365332126617, "test_accuracy": 77.96, "adv_accuracy": 64.84375}, "epoch45": {"train_loss": 204.28098213672638, "train_accuracy": 58.42, "test_loss": 71.42412626743317, "test_accuracy": 76.86, "adv_accuracy": 66.796875}, "epoch46": {"train_loss": 203.1277720928192, "train_accuracy": 58.652, "test_loss": 70.47977793216705, "test_accuracy": 78.3, "adv_accuracy": 65.625}, "epoch47": {"train_loss": 199.33627039194107, "train_accuracy": 59.388, "test_loss": 68.6614637374878, "test_accuracy": 77.15, "adv_accuracy": 63.28125}, "epoch48": {"train_loss": 195.02716481685638, "train_accuracy": 60.064, "test_loss": 62.99165719747543, "test_accuracy": 80.73, "adv_accuracy": 69.140625}, "epoch49": {"train_loss": 194.2648245692253, "train_accuracy": 60.306, "test_loss": 61.24702787399292, "test_accuracy": 81.1, "adv_accuracy": 68.75}, "epoch50": {"train_loss": 190.8302111029625, "train_accuracy": 60.968, "test_loss": 63.46302020549774, "test_accuracy": 79.48, "adv_accuracy": 70.3125}, "epoch51": {"train_loss": 189.51832848787308, "train_accuracy": 61.118, "test_loss": 58.8641571700573, "test_accuracy": 81.49, "adv_accuracy": 72.265625}, "epoch52": {"train_loss": 187.00559097528458, "train_accuracy": 61.514, "test_loss": 62.321216344833374,