{"epoch1": {"train_loss": 491.69792652130127, "train_accuracy": 12.776, "test_loss": 210.74502980709076, "test_accuracy": 19.73, "adv_accuracy": 21.09375}, "epoch2": {"train_loss": 417.7830698490143, "train_accuracy": 19.97, "test_loss": 190.9087027311325, "test_accuracy": 28.2, "adv_accuracy": 19.921875}, "epoch3": {"train_loss": 393.96353709697723, "train_accuracy": 24.414, "test_loss": 172.94801592826843, "test_accuracy": 38.32, "adv_accuracy": 22.65625}, "epoch4": {"train_loss": 378.7100065946579, "train_accuracy": 27.028, "test_loss": 175.18564295768738, "test_accuracy": 37.65, "adv_accuracy": 26.171875}, "epoch5": {"train_loss": 365.9185080528259, "train_accuracy": 29.146, "test_loss": 161.85255920886993, "test_accuracy": 41.7, "adv_accuracy": 35.15625}, "epoch6": {"train_loss": 352.4509699344635, "train_accuracy": 31.572, "test_loss": 145.37446296215057, "test_accuracy": 47.89, "adv_accuracy": 36.328125}, "epoch7": {"train_loss": 340.1550521850586, "train_accuracy": 33.98, "test_loss": 136.1004376411438, "test_accuracy": 51.91, "adv_accuracy": 42.1875}, "epoch8": {"train_loss": 327.01297545433044, "train_accuracy": 36.308, "test_loss": 144.3159087896347, "test_accuracy": 47.07, "adv_accuracy": 37.109375}, "epoch9": {"train_loss": 316.78584694862366, "train_accuracy": 38.226, "test_loss": 120.17847967147827, "test_accuracy": 59.38, "adv_accuracy": 45.3125}, "epoch10": {"train_loss": 306.0158746242523, "train_accuracy": 40.36, "test_loss": 126.04570508003235, "test_accuracy": 56.56, "adv_accuracy": 48.046875}, "epoch11": {"train_loss": 300.5404008626938, "train_accuracy": 41.468, "test_loss": 110.25022315979004, "test_accuracy": 64.31, "adv_accuracy": 44.53125}, "epoch12": {"train_loss": 294.53600692749023, "train_accuracy": 42.654, "test_loss": 110.010349214077, "test_accuracy": 62.35, "adv_accuracy": 39.453125}, "epoch13": {"train_loss": 286.9063768386841, "train_accuracy": 43.998, "test_loss": 101.05801290273666, "test_accuracy": 63.61, "adv_accuracy": 49.21875}, "epoch14": {"train_loss": 282.1214724779129, "train_accuracy": 44.682, "test_loss": 102.69761395454407, "test_accuracy": 65.21, "adv_accuracy": 51.171875}, "epoch15": {"train_loss": 278.0350968837738, "train_accuracy": 45.49, "test_loss": 101.05631387233734, "test_accuracy": 66.31, "adv_accuracy": 47.265625}, "epoch16": {"train_loss": 273.6734104156494, "train_accuracy": 46.508, "test_loss": 96.11474573612213, "test_accuracy": 66.18, "adv_accuracy": 46.09375}, "epoch17": {"train_loss": 271.98072504997253, "train_accuracy": 46.688, "test_loss": 99.41501694917679, "test_accuracy": 66.14, "adv_accuracy": 50.390625}, "epoch18": {"train_loss": 267.32425260543823, "train_accuracy": 47.502, "test_loss": 90.65483450889587, "test_accuracy": 70.1, "adv_accuracy": 54.296875}, "epoch19": {"train_loss": 265.4704519510269, "train_accuracy": 47.734, "test_loss": 99.17890399694443, "test_accuracy": 66.33, "adv_accuracy": 52.34375}, "epoch20": {"train_loss": 262.5571620464325, "train_accuracy": 48.166, "test_loss": 95.00065469741821, "test_accuracy": 67.56, "adv_accuracy": 59.375}, "epoch21": {"train_loss": 259.9529299736023, "train_accuracy": 48.868, "test_loss": 88.37677145004272, "test_accuracy": 72.62, "adv_accuracy": 52.34375}, "epoch22": {"train_loss": 257.9822508096695, "train_accuracy": 49.07, "test_loss": 90.36822706460953, "test_accuracy": 71.64, "adv_accuracy": 54.296875}, "epoch23": {"train_loss": 254.3859919309616, "train_accuracy": 50.062, "test_loss": 86.41349047422409, "test_accuracy": 71.94, "adv_accuracy": 59.765625}, "epoch24": {"train_loss": 253.6883635520935, "train_accuracy": 49.812, "test_loss": 89.2519873380661, "test_accuracy": 69.94, "adv_accuracy": 53.125}, "epoch25": {"train_loss": 250.32863819599152, "train_accuracy": 50.746, "test_loss": 91.01302474737167, "test_accuracy": 69.92, "adv_accuracy": 53.90625}, "epoch26": {"train_loss": 247.39819931983948, "train_accuracy": 51.238, "test_loss": 92.46153390407562, "test_accuracy": 69.78, "adv_accuracy": 52.34375}, "epoch27": {"train_loss": 245.18580675125122, "train_accuracy": 51.474, "test_loss": 87.16805517673492, "test_accuracy": 69.97, "adv_accuracy": 55.859375}, "epoch28": {"train_loss": 242.6947944164276, "train_accuracy": 51.622, "test_loss": 79.11800014972687, "test_accuracy": 75.25, "adv_accuracy": 63.671875}, "epoch29": {"train_loss": 241.3502345085144, "train_accuracy": 51.846, "test_loss": 77.42561429738998, "test_accuracy": 75.24, "adv_accuracy": 56.25}, "epoch30": {"train_loss": 238.49965131282806, "train_accuracy": 52.796, "test_loss": 81.413623213768, "test_accuracy": 73.77, "adv_accuracy": 58.984375}, "epoch31": {"train_loss": 238.50617480278015, "train_accuracy": 52.518, "test_loss": 79.00072848796844, "test_accuracy": 74.31, "adv_accuracy": 59.375}, "epoch32": {"train_loss": 235.2282359600067, "train_accuracy": 52.978, "test_loss": 79.91601037979126, "test_accuracy": 74.39, "adv_accuracy": 56.25}, "epoch33": {"train_loss": 235.4406988620758, "train_accuracy": 53.042, "test_loss": 78.62233459949493, "test_accuracy": 74.55, "adv_accuracy": 61.71875}, "epoch34": {"train_loss": 232.31952393054962, "train_accuracy": 53.938, "test_loss": 79.7945619225502, "test_accuracy": 74.61, "adv_accuracy": 60.546875}, "epoch35": {"train_loss": 227.79295128583908, "train_accuracy": 54.474, "test_loss": 74.32955664396286, "test_accuracy": 74.71, "adv_accuracy": 57.421875}, "epoch36": {"train_loss": 225.01013189554214, "train_accuracy": 54.886, "test_loss": 75.2178925871849, "test_accuracy": 75.07, "adv_accuracy": 65.625}, "epoch37": {"train_loss": 223.98470908403397, "train_accuracy": 54.894, "test_loss": 80.10399037599564, "test_accuracy": 72.76, "adv_accuracy": 63.28125}, "epoch38": {"train_loss": 220.73187494277954, "train_accuracy": 55.586, "test_loss": 75.38937824964523, "test_accuracy": 75.58, "adv_accuracy": 64.0625}, "epoch39": {"train_loss": 222.41728949546814, "train_accuracy": 55.428, "test_loss": 74.53053623437881, "test_accuracy": 76.06, "adv_accuracy": 65.234375}, "epoch40": {"train_loss": 215.88207083940506, "train_accuracy": 56.656, "test_loss": 70.5565534234047, "test_accuracy": 77.47, "adv_accuracy": 64.84375}, "epoch41": {"train_loss": 214.2437087893486, "train_accuracy": 56.746, "test_loss": 70.03214508295059, "test_accuracy": 78.34, "adv_accuracy": 66.015625}, "epoch42": {"train_loss": 210.37281268835068, "train_accuracy": 57.374, "test_loss": 67.42577332258224, "test_accuracy": 79.0, "adv_accuracy": 65.234375}, "epoch43": {"train_loss": 210.60200154781342, "train_accuracy": 57.488, "test_loss": 70.39423590898514, "test_accuracy": 77.47, "adv_accuracy": 64.0625}, "epoch44": {"train_loss": 208.51969480514526, "train_accuracy": 58.03, "test_loss": 71.90819704532623, "test_accuracy": 76.87, "adv_accuracy": 58.984375}, "epoch45": {"train_loss": 205.10728281736374, "train_accuracy": 58.378, "test_loss": 67.52228707075119, "test_accuracy": 78.99, "adv_accuracy": 67.578125}, "epoch46": {"train_loss": 201.15074968338013, "train_accuracy": 59.168, "test_loss": 69.41656804084778, "test_accuracy": 77.29, "adv_accuracy": 62.5}, "epoch47": {"train_loss": 195.49005377292633, "train_accuracy": 60.19, "test_loss": 66.03265887498856, "test_accuracy": 79.14, "adv_accuracy": 70.703125}, "epoch48": {"train_loss": 191.78687822818756, "train_accuracy": 60.55, "test_loss": 65.65376025438309, "test_accuracy": 78.92, "adv_accuracy": 71.484375}, "epoch49": {"train_loss": 189.78332328796387, "train_accuracy": 61.226, "test_loss": 62.6933014690876, "test_accuracy": 79.64, "adv_accuracy": 70.703125}, "epoch50": {"train_loss": 189.96768140792847, "train_accuracy": 60.824, "test_loss": 63.01421454548836, "test_accuracy": 80.64, "adv_accuracy": 68.75}, "epoch51": {"train_loss": 179.6350218653679, "train_accuracy": 62.93, "test_loss": 60.25733932852745, "test_accuracy": 80.46, "adv_accuracy": 70.703125}, "epoch52": {"train_loss": 177.29196256399155, "train_accuracy": 63.26, "test_loss": 60.67107120156288, "test_accuracy": 80.85,