{"epoch1": {"train_loss": 412.3022153377533, "train_accuracy": 24.372, "test_loss": 158.07080686092377, "test_accuracy": 42.07, "test_poisoned_accuracy": 12.91, "adv_accuracy": 24.21875}, "epoch2": {"train_loss": 307.3949339389801, "train_accuracy": 40.892, "test_loss": 134.77046954631805, "test_accuracy": 51.2, "test_poisoned_accuracy": 6.62, "adv_accuracy": 30.078125}, "epoch3": {"train_loss": 267.63437592983246, "train_accuracy": 48.99, "test_loss": 112.74135303497314, "test_accuracy": 58.6, "test_poisoned_accuracy": 13.49, "adv_accuracy": 27.34375}, "epoch4": {"train_loss": 234.5993732213974, "train_accuracy": 55.532, "test_loss": 98.33684319257736, "test_accuracy": 65.22, "test_poisoned_accuracy": 10.61, "adv_accuracy": 32.8125}, "epoch5": {"train_loss": 206.2545474767685, "train_accuracy": 60.91, "test_loss": 84.59322249889374, "test_accuracy": 69.37, "test_poisoned_accuracy": 9.52, "adv_accuracy": 39.0625}, "epoch6": {"train_loss": 184.75274115800858, "train_accuracy": 65.078, "test_loss": 75.62055218219757, "test_accuracy": 73.37, "test_poisoned_accuracy": 8.51, "adv_accuracy": 35.9375}, "epoch7": {"train_loss": 168.62265688180923, "train_accuracy": 67.93, "test_loss": 69.13478100299835, "test_accuracy": 76.4, "test_poisoned_accuracy": 10.11, "adv_accuracy": 34.765625}, "epoch8": {"train_loss": 156.4355452656746, "train_accuracy": 70.468, "test_loss": 65.5227202475071, "test_accuracy": 77.27, "test_poisoned_accuracy": 10.38, "adv_accuracy": 39.453125}, "epoch9": {"train_loss": 142.93921172618866, "train_accuracy": 72.88, "test_loss": 61.728033155202866, "test_accuracy": 78.48, "test_poisoned_accuracy": 11.3, "adv_accuracy": 41.015625}, "epoch10": {"train_loss": 135.0490396618843, "train_accuracy": 74.508, "test_loss": 60.11092635989189, "test_accuracy": 79.26, "test_poisoned_accuracy": 9.83, "adv_accuracy": 42.578125}, "epoch11": {"train_loss": 124.39820969104767, "train_accuracy": 76.522, "test_loss": 56.67531660199165, "test_accuracy": 80.17, "test_poisoned_accuracy": 9.08, "adv_accuracy": 43.359375}, "epoch12": {"train_loss": 116.26724442839622, "train_accuracy": 78.09, "test_loss": 52.37745323777199, "test_accuracy": 82.1, "test_poisoned_accuracy": 10.28, "adv_accuracy": 37.890625}, "epoch13": {"train_loss": 107.88960865139961, "train_accuracy": 79.488, "test_loss": 54.11068457365036, "test_accuracy": 81.03, "test_poisoned_accuracy": 9.71, "adv_accuracy": 48.4375}, "epoch14": {"train_loss": 102.00370818376541, "train_accuracy": 80.572, "test_loss": 52.731922179460526, "test_accuracy": 81.91, "test_poisoned_accuracy": 10.77, "adv_accuracy": 46.09375}, "epoch15": {"train_loss": 95.05296668410301, "train_accuracy": 82.056, "test_loss": 50.577048629522324, "test_accuracy": 82.31, "test_poisoned_accuracy": 10.61, "adv_accuracy": 47.65625}, "epoch16": {"train_loss": 89.25236916542053, "train_accuracy": 83.024, "test_loss": 51.45509395003319, "test_accuracy": 82.14, "test_poisoned_accuracy": 9.71, "adv_accuracy": 43.359375}, "epoch17": {"train_loss": 81.95523604750633, "train_accuracy": 84.272, "test_loss": 51.39544031023979, "test_accuracy": 82.45, "test_poisoned_accuracy": 10.88, "adv_accuracy": 44.140625}, "epoch18": {"train_loss": 77.9704359471798, "train_accuracy": 85.288, "test_loss": 50.258451238274574, "test_accuracy": 82.78, "test_poisoned_accuracy": 9.13, "adv_accuracy": 47.65625}, "epoch19": {"train_loss": 70.45318138599396, "train_accuracy": 86.474, "test_loss": 50.39411744475365, "test_accuracy": 83.18, "test_poisoned_accuracy": 10.4, "adv_accuracy": 53.125}, "epoch20": {"train_loss": 67.51237274706364, "train_accuracy": 87.204, "test_loss": 50.32199177145958, "test_accuracy": 83.05, "test_poisoned_accuracy": 9.21, "adv_accuracy": 47.65625}, "epoch21": {"train_loss": 63.17913870513439, "train_accuracy": 88.062, "test_loss": 54.91527679562569, "test_accuracy": 82.08, "test_poisoned_accuracy": 9.54, "adv_accuracy": 42.96875}, "epoch22": {"train_loss": 58.752448692917824, "train_accuracy": 88.774, "test_loss": 49.61079776287079, "test_accuracy": 83.39, "test_poisoned_accuracy": 10.4, "adv_accuracy": 46.484375}, "epoch23": {"train_loss": 53.880879268050194, "train_accuracy": 89.71, "test_loss": 50.69219750165939, "test_accuracy": 83.4, "test_poisoned_accuracy": 10.11, "adv_accuracy": 49.21875}, "epoch24": {"train_loss": 48.54959234595299, "train_accuracy": 90.838, "test_loss": 53.750229090452194, "test_accuracy": 82.36, "test_poisoned_accuracy": 10.86, "adv_accuracy": 48.828125}, "epoch25": {"train_loss": 45.98869563639164, "train_accuracy": 91.352, "test_loss": 50.56014138460159, "test_accuracy": 83.67, "test_poisoned_accuracy": 10.64, "adv_accuracy": 54.296875}, "epoch26": {"train_loss": 42.671705946326256, "train_accuracy": 92.006, "test_loss": 51.724835604429245, "test_accuracy": 83.74, "test_poisoned_accuracy": 9.81, "adv_accuracy": 47.65625}, "epoch27": {"train_loss": 37.2491779178381, "train_accuracy": 93.098, "test_loss": 54.25531429052353, "test_accuracy": 83.59, "test_poisoned_accuracy": 10.23, "adv_accuracy": 50.78125}, "epoch28": {"train_loss": 35.0664339736104, "train_accuracy": 93.35, "test_loss": 52.67342230677605, "test_accuracy": 83.21, "test_poisoned_accuracy": 10.04, "adv_accuracy": 53.515625}, "epoch29": {"train_loss": 30.737650461494923, "train_accuracy": 94.274, "test_loss": 52.91163381934166, "test_accuracy": 83.25, "test_poisoned_accuracy": 9.4, "adv_accuracy": 54.296875}, "epoch30": {"train_loss": 27.396856404840946, "train_accuracy": 95.006, "test_loss": 52.99118261039257, "test_accuracy": 83.81, "test_poisoned_accuracy": 9.17, "adv_accuracy": 56.640625}, "epoch31": {"train_loss": 24.225045807659626, "train_accuracy": 95.62, "test_loss": 51.8212756216526, "test_accuracy": 84.04, "test_poisoned_accuracy": 10.31, "adv_accuracy": 52.734375}, "epoch32": {"train_loss": 21.127408795058727, "train_accuracy": 96.278, "test_loss": 50.750206500291824, "test_accuracy": 84.21, "test_poisoned_accuracy": 9.93, "adv_accuracy": 57.03125}, "epoch33": {"train_loss": 19.30322377756238, "train_accuracy": 96.624, "test_loss": 50.52450302243233, "test_accuracy": 84.69, "test_poisoned_accuracy": 10.23, "adv_accuracy": 60.15625}, "epoch34": {"train_loss": 16.642780035734177, "train_accuracy": 97.134, "test_loss": 50.78703512251377, "test_accuracy": 84.77, "test_poisoned_accuracy": 9.52, "adv_accuracy": 57.8125}, "epoch35": {"train_loss": 13.38088046759367, "train_accuracy": 97.72, "test_loss": 50.589380428195, "test_accuracy": 84.74, "test_poisoned_accuracy": 9.46, "adv_accuracy": 60.546875}, "epoch36": {"train_loss": 11.874241672456264, "train_accuracy": 97.996, "test_loss": 51.17438741028309, "test_accuracy": 85.36, "test_poisoned_accuracy": 9.94, "adv_accuracy": 63.671875}, "epoch37": {"train_loss": 8.51556858792901, "train_accuracy": 98.712, "test_loss": 49.60402908921242, "test_accuracy": 85.56, "test_poisoned_accuracy": 9.98, "adv_accuracy": 67.1875}, "epoch38": {"train_loss": 6.703650487586856, "train_accuracy": 99.034, "test_loss": 48.81901490688324, "test_accuracy": 85.85, "test_poisoned_accuracy": 9.52, "adv_accuracy": 71.09375}, "epoch39": {"train_loss": 5.282734906300902, "train_accuracy": 99.28, "test_loss": 50.777108266949654, "test_accuracy": 85.75, "test_poisoned_accuracy": 9.93, "adv_accuracy": 73.4375}, "epoch40": {"train_loss": 3.373762557748705, "train_accuracy": 99.61, "test_loss": 48.256470292806625, "test_accuracy": 86.0, "test_poisoned_accuracy": 9.63, "adv_accuracy": 71.875}, "epoch41": {"train_loss": 2.6784426383674145, "train_accuracy": 99.704, "test_loss": 47.603452920913696, "test_accuracy": 86.48, "test_poisoned_accuracy": 9.89, "adv_accuracy": 76.5625}, "epoch42": {"train_loss": 1.5911579681560397, "train_accuracy": 99.88, "test_loss": 45.51334631443024, "test_accuracy": 87.06, "test_poisoned_accuracy": 10.07, "adv_accuracy": 83.59375}, "epoch43": {"train_loss": 0.9953238000161946, "train_accuracy": 99.948, "test_loss": 47.45727129280567, "test_accuracy": 86.65, "test_poisoned_accuracy": 9.71,