{"epoch1": {"train_loss": 418.3267157971859, "train_accuracy": 21.3075, "test_loss": 208.21231055259705, "test_accuracy": 20.64}, "epoch2": {"train_loss": 444.2738234400749, "train_accuracy": 14.6485, "test_loss": 226.62697339057922, "test_accuracy": 14.21}, "epoch3": {"train_loss": 448.5796128511429, "train_accuracy": 12.7595, "test_loss": 227.8126266002655, "test_accuracy": 15.33}, "epoch4": {"train_loss": 449.24847823381424, "train_accuracy": 12.2245, "test_loss": 228.5453634262085, "test_accuracy": 10.02}, "train_time": 650.5872502326965}