{"epoch1": {"train_loss": 411.2334129810333, "train_accuracy": 35.934, "test_loss": 229.68890833854675, "test_accuracy": 10.17, "test_poisoned_accuracy": 99.0, "adv_accuracy": 33.59375}, "epoch2": {"train_loss": 392.1171451807022, "train_accuracy": 36.036, "test_loss": 220.42059302330017, "test_accuracy": 12.41, "test_poisoned_accuracy": 96.0, "adv_accuracy": 36.328125}, "epoch3": {"train_loss": 382.3707228899002, "train_accuracy": 35.912, "test_loss": 219.8790798187256, "test_accuracy": 10.23, "test_poisoned_accuracy": 99.72, "adv_accuracy": 40.625}, "epoch4": {"train_loss": 373.73387491703033, "train_accuracy": 35.856, "test_loss": 221.9351990222931, "test_accuracy": 10.01, "test_poisoned_accuracy": 99.99, "adv_accuracy": 35.15625}, "epoch5": {"train_loss": 363.9522179365158, "train_accuracy": 35.668, "test_loss": 210.85733115673065, "test_accuracy": 10.36, "test_poisoned_accuracy": 99.58, "adv_accuracy": 33.203125}, "epoch6": {"train_loss": 346.89276027679443, "train_accuracy": 37.012, "test_loss": 170.65949654579163, "test_accuracy": 36.98, "test_poisoned_accuracy": 97.06, "adv_accuracy": 43.75}, "epoch7": {"train_loss": 276.1021842956543, "train_accuracy": 47.86, "test_loss": 163.00964641571045, "test_accuracy": 40.98, "test_poisoned_accuracy": 94.93, "adv_accuracy": 50.0}, "epoch8": {"train_loss": 262.5771609544754, "train_accuracy": 49.644, "test_loss": 159.82975006103516, "test_accuracy": 41.37, "test_poisoned_accuracy": 97.5, "adv_accuracy": 50.0}, "epoch9": {"train_loss": 254.05420744419098, "train_accuracy": 51.284, "test_loss": 147.20417976379395, "test_accuracy": 47.28, "test_poisoned_accuracy": 99.44, "adv_accuracy": 57.8125}, "epoch10": {"train_loss": 247.00324261188507, "train_accuracy": 52.354, "test_loss": 145.09302282333374, "test_accuracy": 49.1, "test_poisoned_accuracy": 99.35, "adv_accuracy": 58.203125}, "epoch11": {"train_loss": 239.48112773895264, "train_accuracy": 53.584, "test_loss": 133.93836557865143, "test_accuracy": 52.34, "test_poisoned_accuracy": 97.13, "adv_accuracy": 54.296875}, "epoch12": {"train_loss": 235.17215728759766, "train_accuracy": 54.444, "test_loss": 132.8109700679779, "test_accuracy": 53.77, "test_poisoned_accuracy": 98.14, "adv_accuracy": 53.90625}, "epoch13": {"train_loss": 228.9046652317047, "train_accuracy": 55.582, "test_loss": 127.40406811237335, "test_accuracy": 54.54, "test_poisoned_accuracy": 95.83, "adv_accuracy": 62.5}, "epoch14": {"train_loss": 222.37338280677795, "train_accuracy": 56.634, "test_loss": 121.54846119880676, "test_accuracy": 57.53, "test_poisoned_accuracy": 98.77, "adv_accuracy": 63.671875}, "epoch15": {"train_loss": 216.6639650464058, "train_accuracy": 57.532, "test_loss": 119.76261520385742, "test_accuracy": 59.49, "test_poisoned_accuracy": 96.25, "adv_accuracy": 64.84375}, "epoch16": {"train_loss": 211.81898880004883, "train_accuracy": 58.102, "test_loss": 120.45206034183502, "test_accuracy": 58.64, "test_poisoned_accuracy": 98.19, "adv_accuracy": 55.46875}, "epoch17": {"train_loss": 206.4955489039421, "train_accuracy": 59.384, "test_loss": 112.33548712730408, "test_accuracy": 61.67, "test_poisoned_accuracy": 98.86, "adv_accuracy": 62.890625}, "epoch18": {"train_loss": 201.34955418109894, "train_accuracy": 60.014, "test_loss": 110.39516311883926, "test_accuracy": 63.14, "test_poisoned_accuracy": 97.91, "adv_accuracy": 68.359375}, "epoch19": {"train_loss": 197.39417946338654, "train_accuracy": 60.708, "test_loss": 106.39174622297287, "test_accuracy": 64.36, "test_poisoned_accuracy": 97.78, "adv_accuracy": 67.96875}, "epoch20": {"train_loss": 192.52249819040298, "train_accuracy": 61.694, "test_loss": 108.54563856124878, "test_accuracy": 63.88, "test_poisoned_accuracy": 97.12, "adv_accuracy": 61.328125}, "epoch21": {"train_loss": 189.34638679027557, "train_accuracy": 62.348, "test_loss": 102.74432915449142, "test_accuracy": 65.52, "test_poisoned_accuracy": 96.43, "adv_accuracy": 60.9375}, "epoch22": {"train_loss": 184.41429084539413, "train_accuracy": 63.016, "test_loss": 104.18348038196564, "test_accuracy": 63.45, "test_poisoned_accuracy": 99.2, "adv_accuracy": 65.625}, "epoch23": {"train_loss": 180.91143304109573, "train_accuracy": 63.66, "test_loss": 94.73996722698212, "test_accuracy": 67.8, "test_poisoned_accuracy": 97.13, "adv_accuracy": 67.578125}, "epoch24": {"train_loss": 176.4600709080696, "train_accuracy": 64.342, "test_loss": 102.97489351034164, "test_accuracy": 66.93, "test_poisoned_accuracy": 97.15, "adv_accuracy": 71.875}, "epoch25": {"train_loss": 173.33321231603622, "train_accuracy": 64.998, "test_loss": 97.65131705999374, "test_accuracy": 66.95, "test_poisoned_accuracy": 97.87, "adv_accuracy": 65.625}, "epoch26": {"train_loss": 168.82547450065613, "train_accuracy": 65.756, "test_loss": 91.52883738279343, "test_accuracy": 69.12, "test_poisoned_accuracy": 97.22, "adv_accuracy": 70.703125}, "epoch27": {"train_loss": 164.83031463623047, "train_accuracy": 66.558, "test_loss": 101.32799434661865, "test_accuracy": 65.28, "test_poisoned_accuracy": 97.51, "adv_accuracy": 68.75}, "epoch28": {"train_loss": 162.49041432142258, "train_accuracy": 66.756, "test_loss": 91.36304473876953, "test_accuracy": 68.95, "test_poisoned_accuracy": 97.9, "adv_accuracy": 67.96875}, "epoch29": {"train_loss": 158.4924835562706, "train_accuracy": 67.372, "test_loss": 93.29189479351044, "test_accuracy": 68.07, "test_poisoned_accuracy": 97.3, "adv_accuracy": 69.921875}, "epoch30": {"train_loss": 156.09758979082108, "train_accuracy": 67.67, "test_loss": 90.84304922819138, "test_accuracy": 69.44, "test_poisoned_accuracy": 97.87, "adv_accuracy": 72.65625}, "epoch31": {"train_loss": 153.0721297264099, "train_accuracy": 68.326, "test_loss": 92.7883152961731, "test_accuracy": 67.52, "test_poisoned_accuracy": 96.69, "adv_accuracy": 71.875}, "epoch32": {"train_loss": 148.66406565904617, "train_accuracy": 69.372, "test_loss": 90.13586497306824, "test_accuracy": 68.83, "test_poisoned_accuracy": 98.09, "adv_accuracy": 72.265625}, "epoch33": {"train_loss": 144.39553827047348, "train_accuracy": 69.92, "test_loss": 89.20025283098221, "test_accuracy": 70.92, "test_poisoned_accuracy": 97.66, "adv_accuracy": 74.609375}, "epoch34": {"train_loss": 141.24813783168793, "train_accuracy": 70.572, "test_loss": 86.59668797254562, "test_accuracy": 69.29, "test_poisoned_accuracy": 98.71, "adv_accuracy": 73.046875}, "epoch35": {"train_loss": 136.77690929174423, "train_accuracy": 71.308, "test_loss": 89.25376850366592, "test_accuracy": 69.74, "test_poisoned_accuracy": 98.03, "adv_accuracy": 76.953125}, "epoch36": {"train_loss": 131.67619466781616, "train_accuracy": 72.57, "test_loss": 86.43746799230576, "test_accuracy": 70.47, "test_poisoned_accuracy": 97.34, "adv_accuracy": 77.34375}, "epoch37": {"train_loss": 127.38476938009262, "train_accuracy": 73.202, "test_loss": 87.27108591794968, "test_accuracy": 70.33, "test_poisoned_accuracy": 98.33, "adv_accuracy": 77.734375}, "epoch38": {"train_loss": 125.16947394609451, "train_accuracy": 73.654, "test_loss": 86.26378512382507, "test_accuracy": 70.24, "test_poisoned_accuracy": 98.37, "adv_accuracy": 80.859375}, "epoch39": {"train_loss": 120.26828464865685, "train_accuracy": 74.62, "test_loss": 87.77104598283768, "test_accuracy": 70.91, "test_poisoned_accuracy": 96.0, "adv_accuracy": 81.25}, "epoch40": {"train_loss": 116.1439234316349, "train_accuracy": 75.434, "test_loss": 82.35718369483948, "test_accuracy": 72.21, "test_poisoned_accuracy": 96.31, "adv_accuracy": 80.859375}, "epoch41": {"train_loss": 112.1339952647686, "train_accuracy": 76.262, "test_loss": 92.2952526807785, "test_accuracy": 69.81, "test_poisoned_accuracy": 97.7, "adv_accuracy": 79.296875}, "epoch42": {"train_loss": 108.95151028037071, "train_accuracy": 76.92, "test_loss": 80.52072006464005, "test_accuracy": 72.55, "test_poisoned_accuracy": 97.88, "adv_accuracy": 85.15625}, "epoch43": {"train_loss": 103.6598230600357, "train_accuracy": 78.14, "test_loss": 84.3589301109314, "test_accuracy": 70.77,