{"epoch1": {"train_loss": 410.6916480064392, "train_accuracy": 35.984, "test_loss": 229.76420712471008, "test_accuracy": 10.07, "adv_accuracy": 36.328125}, "epoch2": {"train_loss": 390.98027205467224, "train_accuracy": 36.068, "test_loss": 212.3001959323883, "test_accuracy": 13.55, "adv_accuracy": 43.359375}, "epoch3": {"train_loss": 381.3840000629425, "train_accuracy": 36.108, "test_loss": 207.96187007427216, "test_accuracy": 18.68, "adv_accuracy": 32.8125}, "epoch4": {"train_loss": 374.7396810054779, "train_accuracy": 36.012, "test_loss": 201.3440523147583, "test_accuracy": 17.0, "adv_accuracy": 30.46875}, "epoch5": {"train_loss": 351.90992403030396, "train_accuracy": 37.396, "test_loss": 178.06053698062897, "test_accuracy": 36.25, "adv_accuracy": 44.921875}, "epoch6": {"train_loss": 281.0731209516525, "train_accuracy": 46.766, "test_loss": 164.41385674476624, "test_accuracy": 39.6, "adv_accuracy": 50.390625}, "epoch7": {"train_loss": 268.0219906568527, "train_accuracy": 49.016, "test_loss": 155.9368578195572, "test_accuracy": 43.7, "adv_accuracy": 50.0}, "epoch8": {"train_loss": 258.67379546165466, "train_accuracy": 50.648, "test_loss": 149.90519201755524, "test_accuracy": 45.62, "adv_accuracy": 59.765625}, "epoch9": {"train_loss": 251.17553329467773, "train_accuracy": 51.802, "test_loss": 147.44286358356476, "test_accuracy": 46.6, "adv_accuracy": 52.734375}, "epoch10": {"train_loss": 244.68269848823547, "train_accuracy": 52.736, "test_loss": 138.4859743118286, "test_accuracy": 50.71, "adv_accuracy": 51.171875}, "epoch11": {"train_loss": 239.4150675535202, "train_accuracy": 53.728, "test_loss": 140.32390999794006, "test_accuracy": 50.63, "adv_accuracy": 57.421875}, "epoch12": {"train_loss": 232.9218437075615, "train_accuracy": 55.024, "test_loss": 133.22419905662537, "test_accuracy": 52.96, "adv_accuracy": 57.421875}, "epoch13": {"train_loss": 227.04822570085526, "train_accuracy": 55.728, "test_loss": 124.68411910533905, "test_accuracy": 56.66, "adv_accuracy": 56.640625}, "epoch14": {"train_loss": 221.4299939274788, "train_accuracy": 56.954, "test_loss": 123.25290644168854, "test_accuracy": 56.53, "adv_accuracy": 67.1875}, "epoch15": {"train_loss": 216.2045979499817, "train_accuracy": 57.662, "test_loss": 119.94983768463135, "test_accuracy": 57.65, "adv_accuracy": 62.890625}, "epoch16": {"train_loss": 210.5370380282402, "train_accuracy": 58.496, "test_loss": 115.1600472331047, "test_accuracy": 61.32, "adv_accuracy": 61.71875}, "epoch17": {"train_loss": 206.5100159049034, "train_accuracy": 59.34, "test_loss": 119.66874623298645, "test_accuracy": 56.65, "adv_accuracy": 61.328125}, "epoch18": {"train_loss": 202.1887759566307, "train_accuracy": 59.998, "test_loss": 112.1792683005333, "test_accuracy": 60.47, "adv_accuracy": 66.796875}, "epoch19": {"train_loss": 196.08240896463394, "train_accuracy": 61.054, "test_loss": 105.00645476579666, "test_accuracy": 64.97, "adv_accuracy": 71.09375}, "epoch20": {"train_loss": 193.16417002677917, "train_accuracy": 61.604, "test_loss": 103.95396143198013, "test_accuracy": 63.3, "adv_accuracy": 64.0625}, "epoch21": {"train_loss": 187.6527368426323, "train_accuracy": 62.31, "test_loss": 98.99519944190979, "test_accuracy": 65.66, "adv_accuracy": 64.84375}, "epoch22": {"train_loss": 184.30107283592224, "train_accuracy": 63.086, "test_loss": 102.99554407596588, "test_accuracy": 65.32, "adv_accuracy": 69.140625}, "epoch23": {"train_loss": 180.1534411907196, "train_accuracy": 63.744, "test_loss": 101.51823854446411, "test_accuracy": 65.52, "adv_accuracy": 68.359375}, "epoch24": {"train_loss": 176.5232961177826, "train_accuracy": 64.614, "test_loss": 99.61363857984543, "test_accuracy": 65.92, "adv_accuracy": 70.703125}, "epoch25": {"train_loss": 172.44933742284775, "train_accuracy": 65.224, "test_loss": 96.07204133272171, "test_accuracy": 66.35, "adv_accuracy": 72.65625}, "epoch26": {"train_loss": 168.14350807666779, "train_accuracy": 66.004, "test_loss": 100.18900543451309, "test_accuracy": 65.89, "adv_accuracy": 69.140625}, "epoch27": {"train_loss": 164.19263589382172, "train_accuracy": 66.412, "test_loss": 91.9154623746872, "test_accuracy": 69.13, "adv_accuracy": 73.4375}, "epoch28": {"train_loss": 161.84739685058594, "train_accuracy": 67.014, "test_loss": 102.76995861530304, "test_accuracy": 65.66, "adv_accuracy": 67.1875}, "epoch29": {"train_loss": 160.443982899189, "train_accuracy": 66.948, "test_loss": 94.26224768161774, "test_accuracy": 68.13, "adv_accuracy": 73.828125}, "epoch30": {"train_loss": 155.68555122613907, "train_accuracy": 67.998, "test_loss": 93.1496918797493, "test_accuracy": 69.21, "adv_accuracy": 75.0}, "epoch31": {"train_loss": 152.48278486728668, "train_accuracy": 68.562, "test_loss": 88.88818490505219, "test_accuracy": 68.45, "adv_accuracy": 75.390625}, "epoch32": {"train_loss": 148.23200970888138, "train_accuracy": 69.53, "test_loss": 87.76647174358368, "test_accuracy": 69.01, "adv_accuracy": 76.953125}, "epoch33": {"train_loss": 143.9953734278679, "train_accuracy": 70.21, "test_loss": 86.8056207895279, "test_accuracy": 69.72, "adv_accuracy": 75.390625}, "epoch34": {"train_loss": 139.99444741010666, "train_accuracy": 71.03, "test_loss": 88.30768871307373, "test_accuracy": 69.77, "adv_accuracy": 78.125}, "epoch35": {"train_loss": 135.02759635448456, "train_accuracy": 71.594, "test_loss": 89.76271146535873, "test_accuracy": 68.79, "adv_accuracy": 73.046875}, "epoch36": {"train_loss": 133.0434908270836, "train_accuracy": 72.19, "test_loss": 91.19462317228317, "test_accuracy": 68.15, "adv_accuracy": 78.515625}, "epoch37": {"train_loss": 128.56273674964905, "train_accuracy": 73.218, "test_loss": 85.05070048570633, "test_accuracy": 71.29, "adv_accuracy": 80.859375}, "epoch38": {"train_loss": 124.50861641764641, "train_accuracy": 73.794, "test_loss": 86.01617884635925, "test_accuracy": 71.64, "adv_accuracy": 79.296875}, "epoch39": {"train_loss": 121.49321630597115, "train_accuracy": 74.358, "test_loss": 80.56794214248657, "test_accuracy": 72.74, "adv_accuracy": 80.859375}, "epoch40": {"train_loss": 116.15694415569305, "train_accuracy": 75.56, "test_loss": 87.42986345291138, "test_accuracy": 70.09, "adv_accuracy": 78.125}, "epoch41": {"train_loss": 111.6973986029625, "train_accuracy": 76.352, "test_loss": 83.1390351653099, "test_accuracy": 71.51, "adv_accuracy": 83.203125}, "epoch42": {"train_loss": 108.08569464087486, "train_accuracy": 76.994, "test_loss": 83.56878739595413, "test_accuracy": 71.9, "adv_accuracy": 85.546875}, "epoch43": {"train_loss": 103.84775513410568, "train_accuracy": 77.968, "test_loss": 82.00105512142181, "test_accuracy": 72.09, "adv_accuracy": 80.078125}, "epoch44": {"train_loss": 100.50517663359642, "train_accuracy": 78.568, "test_loss": 83.90609711408615, "test_accuracy": 70.83, "adv_accuracy": 80.46875}, "epoch45": {"train_loss": 94.70385098457336, "train_accuracy": 79.582, "test_loss": 80.55515599250793, "test_accuracy": 72.14, "adv_accuracy": 86.71875}, "epoch46": {"train_loss": 90.07995489239693, "train_accuracy": 80.776, "test_loss": 78.0652089715004, "test_accuracy": 73.78, "adv_accuracy": 86.328125}, "epoch47": {"train_loss": 85.3387222290039, "train_accuracy": 81.858, "test_loss": 80.91801309585571, "test_accuracy": 73.16, "adv_accuracy": 91.40625}, "epoch48": {"train_loss": 82.04900115728378, "train_accuracy": 82.478, "test_loss": 81.94638466835022, "test_accuracy": 72.77, "adv_accuracy": 85.15625}, "epoch49": {"train_loss": 73.84321954846382, "train_accuracy": 84.438, "test_loss": 76.89952901005745, "test_accuracy": 74.15, "adv_accuracy": 92.1875}, "epoch50": {"train_loss": 69.89902813732624, "train_accuracy": 85.176, "test_loss": 78.54370474815369, "test_accuracy": 73.48, "adv_accuracy": 94.921875}, "epoch51": {"train_loss": 64.06351037323475, "train_accuracy": 86.358, "test_loss": 81.86092266440392, "test_accuracy": 72.2, "adv_accuracy": 93.359375}, "epoch52": {"train_loss": 57.45113359391689, "train_accuracy": 87.912, "test_loss": 80.54967391490936,