{"epoch1": {"train_loss": 417.8773091137409, "train_accuracy": 21.521, "test_loss": 214.27904844284058, "test_accuracy": 16.23}, "epoch2": {"train_loss": 442.84146815538406, "train_accuracy": 15.0195, "test_loss": 223.41864681243896, "test_accuracy": 15.35}, "epoch3": {"train_loss": 447.47825288772583, "train_accuracy": 13.164, "test_loss": 226.86694598197937, "test_accuracy": 10.12}, "epoch4": {"train_loss": 448.929935336113, "train_accuracy": 12.7145, "test_loss": 228.08269596099854, "test_accuracy": 10.04}, "train_time": 651.9706869125366}