{"epoch1": {"train_loss": 247.5583497285843, "train_accuracy": 54.541, "test_loss": 174.9240427017212, "test_accuracy": 51.48}, "epoch2": {"train_loss": 153.01339092105627, "train_accuracy": 72.9045, "test_loss": 134.85324108600616, "test_accuracy": 64.52}, "epoch3": {"train_loss": 111.28572491556406, "train_accuracy": 80.4495, "test_loss": 67.07244551181793, "test_accuracy": 78.13}, "epoch4": {"train_loss": 86.7822938784957, "train_accuracy": 84.777, "test_loss": 56.601860508322716, "test_accuracy": 81.61}, "train_time": 1321.4289886951447}