{"epoch1": {"train_loss": 403.24441397190094, "train_accuracy": 26.146, "test_loss": 210.55443632602692, "test_accuracy": 26.49}, "epoch2": {"train_loss": 327.30369663238525, "train_accuracy": 38.832, "test_loss": 173.78606259822845, "test_accuracy": 37.92}, "epoch3": {"train_loss": 324.3974392414093, "train_accuracy": 40.454, "test_loss": 149.97414779663086, "test_accuracy": 45.47}, "epoch4": {"train_loss": 333.7805358171463, "train_accuracy": 39.232, "test_loss": 161.3497816324234, "test_accuracy": 43.87}, "epoch5": {"train_loss": 349.46487975120544, "train_accuracy": 36.306, "test_loss": 168.86685407161713, "test_accuracy": 39.33}, "epoch6": {"train_loss": 364.01872193813324, "train_accuracy": 33.758, "test_loss": 186.82418704032898, "test_accuracy": 34.81}, "epoch7": {"train_loss": 373.7426303625107, "train_accuracy": 31.506, "test_loss": 194.8024196624756, "test_accuracy": 32.06}, "epoch8": {"train_loss": 377.2783114910126, "train_accuracy": 30.688, "test_loss": 196.89414036273956, "test_accuracy": 31.5}, "epoch9": {"train_loss": 376.3225543498993, "train_accuracy": 30.492, "test_loss": 221.4583615064621, "test_accuracy": 27.44}, "epoch10": {"train_loss": 371.9382290840149, "train_accuracy": 31.342, "test_loss": 203.07125616073608, "test_accuracy": 31.8}, "epoch11": {"train_loss": 367.68053460121155, "train_accuracy": 31.712, "test_loss": 237.795028090477, "test_accuracy": 24.16}, "epoch12": {"train_loss": 363.25171089172363, "train_accuracy": 32.604, "test_loss": 214.44954407215118, "test_accuracy": 24.04}, "epoch13": {"train_loss": 358.776159286499, "train_accuracy": 33.488, "test_loss": 213.04589581489563, "test_accuracy": 30.05}, "epoch14": {"train_loss": 355.27890634536743, "train_accuracy": 34.388, "test_loss": 228.52809047698975, "test_accuracy": 26.52}, "epoch15": {"train_loss": 357.76836824417114, "train_accuracy": 33.906, "test_loss": 243.22124648094177, "test_accuracy": 21.29}, "epoch16": {"train_loss": 397.4138594865799, "train_accuracy": 27.588, "test_loss": 217.70721852779388, "test_accuracy": 24.49}, "train_time": 1569.298597574234}