{"epoch1": {"train_loss": 393.84158301353455, "train_accuracy": 26.914, "test_loss": 215.35146296024323, "test_accuracy": 26.66}, "epoch2": {"train_loss": 323.2103716135025, "train_accuracy": 39.864, "test_loss": 161.1497107744217, "test_accuracy": 42.05}, "epoch3": {"train_loss": 319.07389640808105, "train_accuracy": 41.71, "test_loss": 140.49547684192657, "test_accuracy": 50.04}, "epoch4": {"train_loss": 332.4442059993744, "train_accuracy": 39.578, "test_loss": 171.7946228981018, "test_accuracy": 41.19}, "epoch5": {"train_loss": 351.60539984703064, "train_accuracy": 36.204, "test_loss": 159.69140255451202, "test_accuracy": 43.45}, "epoch6": {"train_loss": 366.733970284462, "train_accuracy": 32.952, "test_loss": 174.8421994447708, "test_accuracy": 37.61}, "epoch7": {"train_loss": 375.30859541893005, "train_accuracy": 30.732, "test_loss": 193.56066036224365, "test_accuracy": 32.78}, "epoch8": {"train_loss": 377.22343719005585, "train_accuracy": 30.662, "test_loss": 175.94914829730988, "test_accuracy": 37.0}, "epoch9": {"train_loss": 375.1751128435135, "train_accuracy": 30.506, "test_loss": 207.32977318763733, "test_accuracy": 30.88}, "epoch10": {"train_loss": 371.34492886066437, "train_accuracy": 31.206, "test_loss": 220.5581192970276, "test_accuracy": 27.2}, "epoch11": {"train_loss": 367.3546162843704, "train_accuracy": 32.058, "test_loss": 188.32575702667236, "test_accuracy": 35.44}, "epoch12": {"train_loss": 362.50378155708313, "train_accuracy": 32.726, "test_loss": 215.2736279964447, "test_accuracy": 30.51}, "epoch13": {"train_loss": 357.9042989015579, "train_accuracy": 33.494, "test_loss": 232.39040553569794, "test_accuracy": 27.18}, "epoch14": {"train_loss": 354.9285717010498, "train_accuracy": 34.396, "test_loss": 228.8236483335495, "test_accuracy": 26.15}, "epoch15": {"train_loss": 358.9335823059082, "train_accuracy": 33.406, "test_loss": 240.9249973297119, "test_accuracy": 24.65}, "epoch16": {"train_loss": 404.10890877246857, "train_accuracy": 26.014, "test_loss": 218.50900161266327, "test_accuracy": 21.51}, "train_time": 846.9022350311279}