{"epoch1": {"train_loss": 306.49849820137024, "train_accuracy": 41.876, "test_loss": 163.67113482952118, "test_accuracy": 45.27}, "epoch2": {"train_loss": 201.3063131570816, "train_accuracy": 63.1, "test_loss": 132.03382670879364, "test_accuracy": 56.72}, "epoch3": {"train_loss": 153.25531989336014, "train_accuracy": 72.302, "test_loss": 85.14905023574829, "test_accuracy": 70.39}, "epoch4": {"train_loss": 122.69381341338158, "train_accuracy": 78.014, "test_loss": 75.4972006380558, "test_accuracy": 74.35}, "epoch5": {"train_loss": 97.93165826797485, "train_accuracy": 82.52, "test_loss": 85.67124357819557, "test_accuracy": 72.36}, "epoch6": {"train_loss": 80.6088702082634, "train_accuracy": 85.874, "test_loss": 72.16392195224762, "test_accuracy": 76.32}, "epoch7": {"train_loss": 65.05571174621582, "train_accuracy": 88.476, "test_loss": 86.9368240237236, "test_accuracy": 73.9}, "epoch8": {"train_loss": 54.81862427294254, "train_accuracy": 90.574, "test_loss": 107.10383033752441, "test_accuracy": 70.21}, "epoch9": {"train_loss": 44.25592079758644, "train_accuracy": 92.216, "test_loss": 80.88683316111565, "test_accuracy": 76.31}, "epoch10": {"train_loss": 37.218904078006744, "train_accuracy": 93.588, "test_loss": 65.88296201825142, "test_accuracy": 79.99}, "epoch11": {"train_loss": 28.39826088398695, "train_accuracy": 95.156, "test_loss": 80.16315650939941, "test_accuracy": 78.59}, "epoch12": {"train_loss": 26.606535032391548, "train_accuracy": 95.326, "test_loss": 79.62822532653809, "test_accuracy": 78.1}, "epoch13": {"train_loss": 19.501924347132444, "train_accuracy": 96.622, "test_loss": 65.39617136120796, "test_accuracy": 82.09}, "epoch14": {"train_loss": 17.359032832086086, "train_accuracy": 97.074, "test_loss": 79.15958395600319, "test_accuracy": 80.03}, "epoch15": {"train_loss": 14.443397846072912, "train_accuracy": 97.526, "test_loss": 67.11660471558571, "test_accuracy": 82.33}, "epoch16": {"train_loss": 11.363878175616264, "train_accuracy": 98.062, "test_loss": 67.2669158577919, "test_accuracy": 82.55}, "epoch17": {"train_loss": 9.044255832210183, "train_accuracy": 98.494, "test_loss": 76.36338678002357, "test_accuracy": 81.07}, "epoch18": {"train_loss": 5.97329145250842, "train_accuracy": 99.06, "test_loss": 72.65985509753227, "test_accuracy": 82.32}, "epoch19": {"train_loss": 4.55890723131597, "train_accuracy": 99.33, "test_loss": 79.80174797773361, "test_accuracy": 81.6}, "epoch20": {"train_loss": 2.9416203005239367, "train_accuracy": 99.628, "test_loss": 66.22649854421616, "test_accuracy": 84.0}, "epoch21": {"train_loss": 1.8005663324147463, "train_accuracy": 99.824, "test_loss": 67.46334916353226, "test_accuracy": 84.37}, "epoch22": {"train_loss": 1.1209127162583172, "train_accuracy": 99.922, "test_loss": 63.4622842669487, "test_accuracy": 84.82}, "epoch23": {"train_loss": 0.5140583773609251, "train_accuracy": 99.986, "test_loss": 61.52298131585121, "test_accuracy": 85.41}, "epoch24": {"train_loss": 0.35410714452154934, "train_accuracy": 99.996, "test_loss": 59.57130089402199, "test_accuracy": 85.68}, "epoch25": {"train_loss": 0.301692679990083, "train_accuracy": 99.99, "test_loss": 58.64421248435974, "test_accuracy": 85.74}, "epoch26": {"train_loss": 0.22051273263059556, "train_accuracy": 100.0, "test_loss": 58.52269831299782, "test_accuracy": 85.83}, "epoch27": {"train_loss": 0.21597635722719133, "train_accuracy": 99.998, "test_loss": 57.67850235104561, "test_accuracy": 85.89}, "epoch28": {"train_loss": 0.197226652642712, "train_accuracy": 100.0, "test_loss": 57.201203137636185, "test_accuracy": 85.97}, "epoch29": {"train_loss": 0.1890389256295748, "train_accuracy": 99.998, "test_loss": 56.864460825920105, "test_accuracy": 86.1}, "epoch30": {"train_loss": 0.18235653243027627, "train_accuracy": 100.0, "test_loss": 56.23131150007248, "test_accuracy": 85.94}, "epoch31": {"train_loss": 0.18192550423555076, "train_accuracy": 100.0, "test_loss": 55.69399544596672, "test_accuracy": 86.02}, "epoch32": {"train_loss": 0.1890806327573955, "train_accuracy": 100.0, "test_loss": 55.24001607298851, "test_accuracy": 85.99}, "epoch33": {"train_loss": 0.1853512052912265, "train_accuracy": 100.0, "test_loss": 55.40046897530556, "test_accuracy": 85.93}, "epoch34": {"train_loss": 0.18422189680859447, "train_accuracy": 100.0, "test_loss": 55.08154073357582, "test_accuracy": 86.02}, "epoch35": {"train_loss": 0.1860298200044781, "train_accuracy": 100.0, "test_loss": 54.89180785417557, "test_accuracy": 86.13}, "epoch36": {"train_loss": 0.19476915779523551, "train_accuracy": 100.0, "test_loss": 54.412153005599976, "test_accuracy": 86.04}, "epoch37": {"train_loss": 0.18804555071983486, "train_accuracy": 100.0, "test_loss": 54.308804988861084, "test_accuracy": 86.09}, "epoch38": {"train_loss": 0.1926875365898013, "train_accuracy": 100.0, "test_loss": 54.17070236802101, "test_accuracy": 86.01}, "epoch39": {"train_loss": 0.1928171617910266, "train_accuracy": 100.0, "test_loss": 54.11625984311104, "test_accuracy": 86.02}, "epoch40": {"train_loss": 0.19774280802812427, "train_accuracy": 100.0, "test_loss": 53.75415575504303, "test_accuracy": 85.97}, "epoch41": {"train_loss": 0.19281279220012948, "train_accuracy": 100.0, "test_loss": 53.759256571531296, "test_accuracy": 86.07}, "epoch42": {"train_loss": 0.19731915276497602, "train_accuracy": 100.0, "test_loss": 53.66004890203476, "test_accuracy": 86.02}, "epoch43": {"train_loss": 0.19968259998131543, "train_accuracy": 100.0, "test_loss": 53.518337577581406, "test_accuracy": 85.91}, "epoch44": {"train_loss": 0.20370628091041, "train_accuracy": 100.0, "test_loss": 53.33354905247688, "test_accuracy": 86.08}, "epoch45": {"train_loss": 0.19970319943968207, "train_accuracy": 100.0, "test_loss": 53.27494269609451, "test_accuracy": 86.08}, "epoch46": {"train_loss": 0.20303561305627227, "train_accuracy": 100.0, "test_loss": 53.284192860126495, "test_accuracy": 86.02}, "epoch47": {"train_loss": 0.19850833748932928, "train_accuracy": 100.0, "test_loss": 53.19811022281647, "test_accuracy": 86.1}, "epoch48": {"train_loss": 0.2091619826387614, "train_accuracy": 100.0, "test_loss": 53.234872579574585, "test_accuracy": 86.0}, "epoch49": {"train_loss": 0.20305300829932094, "train_accuracy": 100.0, "test_loss": 53.18019124865532, "test_accuracy": 86.06}, "epoch50": {"train_loss": 0.2097662198357284, "train_accuracy": 100.0, "test_loss": 53.223148345947266, "test_accuracy": 86.07}, "epoch51": {"train_loss": 0.20399339532013983, "train_accuracy": 100.0, "test_loss": 53.05079701542854, "test_accuracy": 86.08}, "epoch52": {"train_loss": 0.20481832814402878, "train_accuracy": 100.0, "test_loss": 53.06914862990379, "test_accuracy": 85.97}, "epoch53": {"train_loss": 0.21092089777812362, "train_accuracy": 100.0, "test_loss": 53.204164922237396, "test_accuracy": 86.14}, "epoch54": {"train_loss": 0.2054105531424284, "train_accuracy": 100.0, "test_loss": 53.063049495220184, "test_accuracy": 86.04}, "epoch55": {"train_loss": 0.20541361486539245, "train_accuracy": 100.0, "test_loss": 53.09313175082207, "test_accuracy": 86.03}, "epoch56": {"train_loss": 0.19765221106354147, "train_accuracy": 100.0, "test_loss": 53.00649982690811, "test_accuracy": 86.18}, "epoch57": {"train_loss": 0.200885221012868, "train_accuracy": 100.0, "test_loss": 53.27375665307045, "test_accuracy": 86.08}, "epoch58": {"train_loss": 0.20188748487271369, "train_accuracy": 100.0, "test_loss": 53.02405992150307, "test_accuracy": 85.99}, "epoch59": {"train_loss": 0.201587287010625, "train_accuracy": 100.0, "test_loss": 52.832651525735855, "test_accuracy": 86.04}, "epoch60": {"train_loss": 0.1992716344539076, "train_accuracy": 100.0, "test_loss": 52.859780848026276, "test_accuracy": 85.99}, "train_time": 1625.2581446170807}