{"epoch1": {"train_loss": 352.5132745206356, "train_accuracy": 33.084, "test_loss": 151.1349619626999, "test_accuracy": 43.46}, "epoch2": {"train_loss": 272.5197772234678, "train_accuracy": 48.4905, "test_loss": 192.55826616287231, "test_accuracy": 41.72}, "epoch3": {"train_loss": 221.0391631871462, "train_accuracy": 58.4325, "test_loss": 106.42754262685776, "test_accuracy": 62.74}, "epoch4": {"train_loss": 179.7577332854271, "train_accuracy": 66.472, "test_loss": 70.1749541759491, "test_accuracy": 75.32}, "train_time": 649.469432592392}