{"epoch1": {"train_loss": 373.32884442806244, "train_accuracy": 27.508, "test_loss": 175.4570916891098, "test_accuracy": 35.71}, "epoch2": {"train_loss": 310.0888617038727, "train_accuracy": 40.292, "test_loss": 167.30440616607666, "test_accuracy": 39.23}, "epoch3": {"train_loss": 293.4480872154236, "train_accuracy": 45.072, "test_loss": 142.01712346076965, "test_accuracy": 48.55}, "epoch4": {"train_loss": 292.20181119441986, "train_accuracy": 46.13, "test_loss": 144.5335601568222, "test_accuracy": 48.21}, "epoch5": {"train_loss": 300.487291097641, "train_accuracy": 45.196, "test_loss": 145.13916683197021, "test_accuracy": 48.81}, "epoch6": {"train_loss": 316.62344992160797, "train_accuracy": 42.786, "test_loss": 142.34502005577087, "test_accuracy": 49.19}, "epoch7": {"train_loss": 333.43333292007446, "train_accuracy": 39.52, "test_loss": 150.3279414176941, "test_accuracy": 46.9}, "epoch8": {"train_loss": 353.1644666194916, "train_accuracy": 35.918, "test_loss": 159.69192492961884, "test_accuracy": 42.95}, "epoch9": {"train_loss": 371.74146115779877, "train_accuracy": 32.006, "test_loss": 176.8510193824768, "test_accuracy": 37.63}, "epoch10": {"train_loss": 388.0630130767822, "train_accuracy": 28.806, "test_loss": 184.9903770685196, "test_accuracy": 33.75}, "epoch11": {"train_loss": 402.9122066497803, "train_accuracy": 25.498, "test_loss": 184.91005992889404, "test_accuracy": 33.11}, "epoch12": {"train_loss": 414.9259443283081, "train_accuracy": 22.602, "test_loss": 193.0652995109558, "test_accuracy": 30.53}, "epoch13": {"train_loss": 426.7718825340271, "train_accuracy": 19.83, "test_loss": 198.51324355602264, "test_accuracy": 28.51}, "epoch14": {"train_loss": 434.8293807506561, "train_accuracy": 18.098, "test_loss": 201.88198947906494, "test_accuracy": 28.86}, "epoch15": {"train_loss": 442.63132905960083, "train_accuracy": 16.736, "test_loss": 207.05357599258423, "test_accuracy": 25.53}, "epoch16": {"train_loss": 451.3042323589325, "train_accuracy": 15.176, "test_loss": 209.86447978019714, "test_accuracy": 24.06}, "train_time": 846.3523919582367}