{"epoch1": {"train_loss": 425.16816994547844, "train_accuracy": 20.585, "test_loss": 213.33347129821777, "test_accuracy": 21.86}, "epoch2": {"train_loss": 442.25778383016586, "train_accuracy": 15.5285, "test_loss": 223.24420952796936, "test_accuracy": 19.4}, "epoch3": {"train_loss": 446.7420331835747, "train_accuracy": 13.6915, "test_loss": 228.00886297225952, "test_accuracy": 11.43}, "epoch4": {"train_loss": 447.1405892968178, "train_accuracy": 13.4055, "test_loss": 230.8158769607544, "test_accuracy": 10.02}, "train_time": 651.8584623336792}