{"epoch1": {"train_loss": 438.1841561496258, "train_accuracy": 18.764, "test_loss": 216.11597609519958, "test_accuracy": 21.44}, "epoch2": {"train_loss": 442.79060304164886, "train_accuracy": 15.1425, "test_loss": 222.41839265823364, "test_accuracy": 17.74}, "epoch3": {"train_loss": 446.61619597673416, "train_accuracy": 13.5685, "test_loss": 227.2697558403015, "test_accuracy": 10.24}, "epoch4": {"train_loss": 447.45210391283035, "train_accuracy": 13.363, "test_loss": 231.31296968460083, "test_accuracy": 10.0}, "train_time": 1273.5789041519165}