{"epoch1": {"train_loss": 436.44372510910034, "train_accuracy": 35.324, "test_loss": 222.310968875885, "test_accuracy": 10.74, "test_poisoned_accuracy": 98.29, "adv_accuracy": 31.640625}, "epoch2": {"train_loss": 372.96720921993256, "train_accuracy": 36.644, "test_loss": 199.3623787164688, "test_accuracy": 17.01, "test_poisoned_accuracy": 88.04, "adv_accuracy": 35.546875}, "epoch3": {"train_loss": 358.2293335199356, "train_accuracy": 36.42, "test_loss": 194.88908088207245, "test_accuracy": 17.74, "test_poisoned_accuracy": 88.08, "adv_accuracy": 35.15625}, "epoch4": {"train_loss": 302.2481886148453, "train_accuracy": 44.914, "test_loss": 158.64965331554413, "test_accuracy": 41.43, "test_poisoned_accuracy": 99.41, "adv_accuracy": 50.390625}, "epoch5": {"train_loss": 274.0932821035385, "train_accuracy": 49.234, "test_loss": 150.88077628612518, "test_accuracy": 46.68, "test_poisoned_accuracy": 92.69, "adv_accuracy": 45.3125}, "epoch6": {"train_loss": 262.4852944612503, "train_accuracy": 50.61, "test_loss": 145.23608303070068, "test_accuracy": 46.7, "test_poisoned_accuracy": 99.8, "adv_accuracy": 51.953125}, "epoch7": {"train_loss": 254.04181027412415, "train_accuracy": 52.018, "test_loss": 136.8663557767868, "test_accuracy": 51.1, "test_poisoned_accuracy": 98.11, "adv_accuracy": 55.078125}, "epoch8": {"train_loss": 246.14290177822113, "train_accuracy": 53.084, "test_loss": 132.43476474285126, "test_accuracy": 50.28, "test_poisoned_accuracy": 98.26, "adv_accuracy": 54.6875}, "epoch9": {"train_loss": 238.50347197055817, "train_accuracy": 54.118, "test_loss": 131.3457109928131, "test_accuracy": 52.55, "test_poisoned_accuracy": 97.7, "adv_accuracy": 54.6875}, "epoch10": {"train_loss": 232.59499406814575, "train_accuracy": 55.004, "test_loss": 121.72107672691345, "test_accuracy": 57.19, "test_poisoned_accuracy": 96.49, "adv_accuracy": 62.890625}, "epoch11": {"train_loss": 225.92036712169647, "train_accuracy": 55.974, "test_loss": 117.65563321113586, "test_accuracy": 58.19, "test_poisoned_accuracy": 98.41, "adv_accuracy": 60.546875}, "epoch12": {"train_loss": 220.50961470603943, "train_accuracy": 56.8, "test_loss": 112.14696019887924, "test_accuracy": 60.08, "test_poisoned_accuracy": 96.29, "adv_accuracy": 61.71875}, "epoch13": {"train_loss": 214.23317503929138, "train_accuracy": 57.958, "test_loss": 111.67796677350998, "test_accuracy": 62.15, "test_poisoned_accuracy": 97.92, "adv_accuracy": 59.375}, "epoch14": {"train_loss": 208.18106842041016, "train_accuracy": 58.928, "test_loss": 107.36692643165588, "test_accuracy": 62.88, "test_poisoned_accuracy": 97.72, "adv_accuracy": 63.671875}, "epoch15": {"train_loss": 204.7564160823822, "train_accuracy": 59.32, "test_loss": 104.53933769464493, "test_accuracy": 62.98, "test_poisoned_accuracy": 97.12, "adv_accuracy": 58.59375}, "epoch16": {"train_loss": 200.31879782676697, "train_accuracy": 59.952, "test_loss": 98.1469094157219, "test_accuracy": 67.34, "test_poisoned_accuracy": 93.53, "adv_accuracy": 61.71875}, "epoch17": {"train_loss": 194.98346358537674, "train_accuracy": 60.912, "test_loss": 95.94843065738678, "test_accuracy": 66.57, "test_poisoned_accuracy": 91.73, "adv_accuracy": 61.71875}, "epoch18": {"train_loss": 189.58827090263367, "train_accuracy": 61.536, "test_loss": 95.88578635454178, "test_accuracy": 67.17, "test_poisoned_accuracy": 96.69, "adv_accuracy": 68.359375}, "epoch19": {"train_loss": 185.39598560333252, "train_accuracy": 62.32, "test_loss": 94.52278190851212, "test_accuracy": 67.19, "test_poisoned_accuracy": 95.96, "adv_accuracy": 72.65625}, "epoch20": {"train_loss": 178.55476087331772, "train_accuracy": 63.384, "test_loss": 88.49105489253998, "test_accuracy": 69.79, "test_poisoned_accuracy": 93.71, "adv_accuracy": 69.921875}, "epoch21": {"train_loss": 174.32790851593018, "train_accuracy": 64.224, "test_loss": 88.20254307985306, "test_accuracy": 69.78, "test_poisoned_accuracy": 94.23, "adv_accuracy": 72.265625}, "epoch22": {"train_loss": 168.11842423677444, "train_accuracy": 65.382, "test_loss": 86.48384600877762, "test_accuracy": 70.75, "test_poisoned_accuracy": 95.19, "adv_accuracy": 67.1875}, "epoch23": {"train_loss": 162.0533879995346, "train_accuracy": 66.326, "test_loss": 87.36144334077835, "test_accuracy": 68.84, "test_poisoned_accuracy": 95.67, "adv_accuracy": 72.265625}, "epoch24": {"train_loss": 156.97834432125092, "train_accuracy": 67.042, "test_loss": 88.48770016431808, "test_accuracy": 68.33, "test_poisoned_accuracy": 96.77, "adv_accuracy": 70.703125}, "epoch25": {"train_loss": 153.55825233459473, "train_accuracy": 67.55, "test_loss": 82.37163698673248, "test_accuracy": 71.96, "test_poisoned_accuracy": 94.05, "adv_accuracy": 79.296875}, "epoch26": {"train_loss": 145.6958442926407, "train_accuracy": 69.198, "test_loss": 84.33982592821121, "test_accuracy": 69.92, "test_poisoned_accuracy": 95.08, "adv_accuracy": 79.296875}, "epoch27": {"train_loss": 138.25938415527344, "train_accuracy": 70.596, "test_loss": 82.97578799724579, "test_accuracy": 70.49, "test_poisoned_accuracy": 94.65, "adv_accuracy": 78.90625}, "epoch28": {"train_loss": 131.58728444576263, "train_accuracy": 71.882, "test_loss": 82.27257686853409, "test_accuracy": 71.99, "test_poisoned_accuracy": 94.86, "adv_accuracy": 80.46875}, "epoch29": {"train_loss": 127.3082807958126, "train_accuracy": 72.676, "test_loss": 85.02542960643768, "test_accuracy": 70.2, "test_poisoned_accuracy": 93.23, "adv_accuracy": 82.03125}, "epoch30": {"train_loss": 120.15299507975578, "train_accuracy": 74.296, "test_loss": 83.4255810379982, "test_accuracy": 70.47, "test_poisoned_accuracy": 95.12, "adv_accuracy": 85.9375}, "epoch31": {"train_loss": 111.07778361439705, "train_accuracy": 76.3, "test_loss": 78.95167535543442, "test_accuracy": 72.9, "test_poisoned_accuracy": 95.27, "adv_accuracy": 83.203125}, "epoch32": {"train_loss": 105.32538864016533, "train_accuracy": 77.354, "test_loss": 84.21577280759811, "test_accuracy": 70.2, "test_poisoned_accuracy": 95.84, "adv_accuracy": 83.59375}, "epoch33": {"train_loss": 98.04338845610619, "train_accuracy": 78.864, "test_loss": 78.53922891616821, "test_accuracy": 72.92, "test_poisoned_accuracy": 92.07, "adv_accuracy": 87.890625}, "epoch34": {"train_loss": 92.56970083713531, "train_accuracy": 80.15, "test_loss": 83.70636528730392, "test_accuracy": 71.26, "test_poisoned_accuracy": 93.28, "adv_accuracy": 88.28125}, "epoch35": {"train_loss": 85.38487768173218, "train_accuracy": 81.88, "test_loss": 80.85591852664948, "test_accuracy": 71.8, "test_poisoned_accuracy": 94.57, "adv_accuracy": 90.625}, "epoch36": {"train_loss": 77.58517825603485, "train_accuracy": 83.442, "test_loss": 85.01672303676605, "test_accuracy": 71.22, "test_poisoned_accuracy": 92.97, "adv_accuracy": 88.28125}, "epoch37": {"train_loss": 69.64524057507515, "train_accuracy": 85.274, "test_loss": 80.74645522236824, "test_accuracy": 73.32, "test_poisoned_accuracy": 94.77, "adv_accuracy": 92.1875}, "epoch38": {"train_loss": 63.2189736366272, "train_accuracy": 86.532, "test_loss": 84.9915023446083, "test_accuracy": 71.97, "test_poisoned_accuracy": 94.42, "adv_accuracy": 91.015625}, "epoch39": {"train_loss": 58.2988952845335, "train_accuracy": 87.716, "test_loss": 86.20364487171173, "test_accuracy": 71.37, "test_poisoned_accuracy": 95.91, "adv_accuracy": 92.578125}, "epoch40": {"train_loss": 50.69136589765549, "train_accuracy": 89.516, "test_loss": 83.5011293888092, "test_accuracy": 73.04, "test_poisoned_accuracy": 93.65, "adv_accuracy": 95.3125}, "epoch41": {"train_loss": 43.309223502874374, "train_accuracy": 91.168, "test_loss": 86.19545137882233, "test_accuracy": 72.1, "test_poisoned_accuracy": 95.03, "adv_accuracy": 94.140625}, "epoch42": {"train_loss": 36.8210007622838, "train_accuracy": 92.58, "test_loss": 87.53455966711044, "test_accuracy": 72.38, "test_poisoned_accuracy": 94.25, "adv_accuracy": 93.359375}, "epoch43": {"train_loss": 30.764050751924515, "train_accuracy": 93.908, "test_loss": 84.15166765451431, "test_accuracy": 73.05,