{"epoch1": {"train_loss": 443.9089775085449, "train_accuracy": 14.1305, "test_loss": 211.12781703472137, "test_accuracy": 20.94}, "epoch2": {"train_loss": 441.14016276597977, "train_accuracy": 15.9005, "test_loss": 216.98951601982117, "test_accuracy": 20.52}, "epoch3": {"train_loss": 447.47584241628647, "train_accuracy": 13.7615, "test_loss": 226.58889889717102, "test_accuracy": 13.79}, "epoch4": {"train_loss": 450.77184504270554, "train_accuracy": 12.006, "test_loss": 228.42756605148315, "test_accuracy": 12.98}, "train_time": 652.0821058750153}