{"epoch1": {"train_loss": 449.52118730545044, "train_accuracy": 18.356, "test_loss": 181.5286773443222, "test_accuracy": 33.34, "test_poisoned_accuracy": 11.4, "adv_accuracy": 26.5625}, "epoch2": {"train_loss": 382.8905793428421, "train_accuracy": 27.008, "test_loss": 164.2028180360794, "test_accuracy": 41.87, "test_poisoned_accuracy": 11.24, "adv_accuracy": 31.640625}, "epoch3": {"train_loss": 363.7568657398224, "train_accuracy": 30.256, "test_loss": 152.46330106258392, "test_accuracy": 45.3, "test_poisoned_accuracy": 14.04, "adv_accuracy": 32.421875}, "epoch4": {"train_loss": 348.537469625473, "train_accuracy": 32.998, "test_loss": 141.00838899612427, "test_accuracy": 49.64, "test_poisoned_accuracy": 11.23, "adv_accuracy": 39.453125}, "epoch5": {"train_loss": 335.99150824546814, "train_accuracy": 35.254, "test_loss": 132.85970151424408, "test_accuracy": 52.07, "test_poisoned_accuracy": 12.41, "adv_accuracy": 46.484375}, "epoch6": {"train_loss": 322.56130623817444, "train_accuracy": 37.73, "test_loss": 125.2452484369278, "test_accuracy": 56.74, "test_poisoned_accuracy": 11.71, "adv_accuracy": 44.921875}, "epoch7": {"train_loss": 311.01017820835114, "train_accuracy": 39.714, "test_loss": 119.35500931739807, "test_accuracy": 59.8, "test_poisoned_accuracy": 12.31, "adv_accuracy": 41.015625}, "epoch8": {"train_loss": 299.5796401500702, "train_accuracy": 41.692, "test_loss": 114.5166631937027, "test_accuracy": 61.37, "test_poisoned_accuracy": 9.51, "adv_accuracy": 47.265625}, "epoch9": {"train_loss": 288.2891482114792, "train_accuracy": 43.684, "test_loss": 109.93687099218369, "test_accuracy": 61.26, "test_poisoned_accuracy": 13.18, "adv_accuracy": 52.34375}, "epoch10": {"train_loss": 280.72190022468567, "train_accuracy": 45.208, "test_loss": 101.39866322278976, "test_accuracy": 66.94, "test_poisoned_accuracy": 8.17, "adv_accuracy": 53.515625}, "epoch11": {"train_loss": 270.4847536087036, "train_accuracy": 46.972, "test_loss": 97.6137684583664, "test_accuracy": 68.26, "test_poisoned_accuracy": 10.11, "adv_accuracy": 52.734375}, "epoch12": {"train_loss": 262.9569705724716, "train_accuracy": 48.174, "test_loss": 94.42885720729828, "test_accuracy": 69.37, "test_poisoned_accuracy": 9.6, "adv_accuracy": 55.859375}, "epoch13": {"train_loss": 255.39290130138397, "train_accuracy": 49.6, "test_loss": 90.95151430368423, "test_accuracy": 67.94, "test_poisoned_accuracy": 9.2, "adv_accuracy": 60.15625}, "epoch14": {"train_loss": 247.89495718479156, "train_accuracy": 51.104, "test_loss": 87.4873953461647, "test_accuracy": 70.13, "test_poisoned_accuracy": 10.22, "adv_accuracy": 61.71875}, "epoch15": {"train_loss": 241.06526374816895, "train_accuracy": 52.044, "test_loss": 86.24692249298096, "test_accuracy": 72.27, "test_poisoned_accuracy": 10.87, "adv_accuracy": 62.890625}, "epoch16": {"train_loss": 234.34818482398987, "train_accuracy": 53.406, "test_loss": 86.0666937828064, "test_accuracy": 72.77, "test_poisoned_accuracy": 10.03, "adv_accuracy": 54.296875}, "epoch17": {"train_loss": 226.9765818119049, "train_accuracy": 54.732, "test_loss": 83.25477224588394, "test_accuracy": 72.76, "test_poisoned_accuracy": 10.65, "adv_accuracy": 64.453125}, "epoch18": {"train_loss": 221.06088930368423, "train_accuracy": 55.846, "test_loss": 79.65898656845093, "test_accuracy": 74.57, "test_poisoned_accuracy": 9.45, "adv_accuracy": 73.4375}, "epoch19": {"train_loss": 212.68291145563126, "train_accuracy": 57.122, "test_loss": 79.19254457950592, "test_accuracy": 74.62, "test_poisoned_accuracy": 11.06, "adv_accuracy": 68.75}, "epoch20": {"train_loss": 207.0451529622078, "train_accuracy": 58.098, "test_loss": 76.95335781574249, "test_accuracy": 75.26, "test_poisoned_accuracy": 9.5, "adv_accuracy": 67.96875}, "epoch21": {"train_loss": 201.0405551791191, "train_accuracy": 59.382, "test_loss": 75.19966077804565, "test_accuracy": 75.39, "test_poisoned_accuracy": 9.88, "adv_accuracy": 61.71875}, "epoch22": {"train_loss": 194.20320302248, "train_accuracy": 60.318, "test_loss": 77.02967828512192, "test_accuracy": 75.11, "test_poisoned_accuracy": 9.31, "adv_accuracy": 75.78125}, "epoch23": {"train_loss": 187.53306263685226, "train_accuracy": 61.53, "test_loss": 74.61199986934662, "test_accuracy": 76.23, "test_poisoned_accuracy": 9.87, "adv_accuracy": 73.4375}, "epoch24": {"train_loss": 178.91177678108215, "train_accuracy": 63.446, "test_loss": 74.64914691448212, "test_accuracy": 75.07, "test_poisoned_accuracy": 11.34, "adv_accuracy": 72.65625}, "epoch25": {"train_loss": 173.01660919189453, "train_accuracy": 64.278, "test_loss": 72.84810543060303, "test_accuracy": 75.74, "test_poisoned_accuracy": 10.8, "adv_accuracy": 80.078125}, "epoch26": {"train_loss": 166.33703660964966, "train_accuracy": 65.48, "test_loss": 69.91126915812492, "test_accuracy": 76.87, "test_poisoned_accuracy": 10.45, "adv_accuracy": 78.515625}, "epoch27": {"train_loss": 157.4685770869255, "train_accuracy": 67.394, "test_loss": 70.30324673652649, "test_accuracy": 76.49, "test_poisoned_accuracy": 9.69, "adv_accuracy": 80.078125}, "epoch28": {"train_loss": 150.32616370916367, "train_accuracy": 68.68, "test_loss": 71.85095930099487, "test_accuracy": 75.44, "test_poisoned_accuracy": 9.39, "adv_accuracy": 78.515625}, "epoch29": {"train_loss": 143.6282019019127, "train_accuracy": 70.058, "test_loss": 68.64480483531952, "test_accuracy": 76.95, "test_poisoned_accuracy": 10.22, "adv_accuracy": 82.8125}, "epoch30": {"train_loss": 136.7961379289627, "train_accuracy": 71.34, "test_loss": 70.81340330839157, "test_accuracy": 76.94, "test_poisoned_accuracy": 9.41, "adv_accuracy": 83.203125}, "epoch31": {"train_loss": 129.76514479517937, "train_accuracy": 72.65, "test_loss": 67.63811805844307, "test_accuracy": 77.49, "test_poisoned_accuracy": 10.3, "adv_accuracy": 84.765625}, "epoch32": {"train_loss": 122.11072111129761, "train_accuracy": 74.392, "test_loss": 68.80002710223198, "test_accuracy": 76.9, "test_poisoned_accuracy": 9.65, "adv_accuracy": 89.84375}, "epoch33": {"train_loss": 114.99653160572052, "train_accuracy": 75.742, "test_loss": 69.06899151206017, "test_accuracy": 77.29, "test_poisoned_accuracy": 10.74, "adv_accuracy": 91.015625}, "epoch34": {"train_loss": 106.85754412412643, "train_accuracy": 77.578, "test_loss": 67.99488776922226, "test_accuracy": 77.19, "test_poisoned_accuracy": 9.46, "adv_accuracy": 87.5}, "epoch35": {"train_loss": 98.9720821082592, "train_accuracy": 79.038, "test_loss": 65.68052324652672, "test_accuracy": 78.06, "test_poisoned_accuracy": 9.89, "adv_accuracy": 89.0625}, "epoch36": {"train_loss": 91.40471717715263, "train_accuracy": 80.664, "test_loss": 67.54405942559242, "test_accuracy": 77.65, "test_poisoned_accuracy": 9.8, "adv_accuracy": 91.40625}, "epoch37": {"train_loss": 82.9232446551323, "train_accuracy": 82.722, "test_loss": 65.46129608154297, "test_accuracy": 78.38, "test_poisoned_accuracy": 9.79, "adv_accuracy": 92.96875}, "epoch38": {"train_loss": 76.02678301930428, "train_accuracy": 84.11, "test_loss": 66.86929339170456, "test_accuracy": 77.38, "test_poisoned_accuracy": 9.27, "adv_accuracy": 94.140625}, "epoch39": {"train_loss": 70.4810317158699, "train_accuracy": 85.166, "test_loss": 67.56530573964119, "test_accuracy": 78.25, "test_poisoned_accuracy": 10.53, "adv_accuracy": 96.484375}, "epoch40": {"train_loss": 62.904910922050476, "train_accuracy": 86.788, "test_loss": 67.97379171848297, "test_accuracy": 77.97, "test_poisoned_accuracy": 9.69, "adv_accuracy": 96.484375}, "epoch41": {"train_loss": 54.75651054084301, "train_accuracy": 88.49, "test_loss": 67.20677044987679, "test_accuracy": 78.0, "test_poisoned_accuracy": 9.82, "adv_accuracy": 94.140625}, "epoch42": {"train_loss": 48.202270701527596, "train_accuracy": 90.018, "test_loss": 66.17625373601913, "test_accuracy": 78.45, "test_poisoned_accuracy": 10.49, "adv_accuracy": 96.484375}, "epoch43": {"train_loss": 41.959925442934036, "train_accuracy": 91.446, "test_loss": 69.68669411540031, "test_accuracy": 77.94, "test_poisoned_accuracy": 9.03,