{"epoch1": {"train_loss": 261.058955013752, "train_accuracy": 52.7, "test_loss": 172.9858511686325, "test_accuracy": 40.87}, "epoch2": {"train_loss": 165.6240931749344, "train_accuracy": 69.372, "test_loss": 119.96952497959137, "test_accuracy": 56.95}, "epoch3": {"train_loss": 130.88287860155106, "train_accuracy": 76.022, "test_loss": 130.01044529676437, "test_accuracy": 56.19}, "epoch4": {"train_loss": 106.10716885328293, "train_accuracy": 80.838, "test_loss": 96.70766443014145, "test_accuracy": 66.4}, "epoch5": {"train_loss": 87.48447832465172, "train_accuracy": 84.126, "test_loss": 121.92486345767975, "test_accuracy": 63.03}, "epoch6": {"train_loss": 72.86315459012985, "train_accuracy": 87.17, "test_loss": 89.51949352025986, "test_accuracy": 71.14}, "epoch7": {"train_loss": 60.750420063734055, "train_accuracy": 89.216, "test_loss": 85.02032631635666, "test_accuracy": 72.08}, "epoch8": {"train_loss": 50.20717813074589, "train_accuracy": 91.14, "test_loss": 81.40411767363548, "test_accuracy": 73.57}, "epoch9": {"train_loss": 42.22907815873623, "train_accuracy": 92.664, "test_loss": 91.61192846298218, "test_accuracy": 71.73}, "epoch10": {"train_loss": 33.089058466255665, "train_accuracy": 94.19, "test_loss": 81.56462821364403, "test_accuracy": 75.39}, "epoch11": {"train_loss": 27.99287450313568, "train_accuracy": 95.106, "test_loss": 111.50734561681747, "test_accuracy": 69.54}, "epoch12": {"train_loss": 23.488758333027363, "train_accuracy": 95.956, "test_loss": 94.70309919118881, "test_accuracy": 75.02}, "epoch13": {"train_loss": 19.144857877865434, "train_accuracy": 96.686, "test_loss": 93.7173478603363, "test_accuracy": 75.38}, "epoch14": {"train_loss": 16.28055054694414, "train_accuracy": 97.176, "test_loss": 96.89668053388596, "test_accuracy": 74.76}, "epoch15": {"train_loss": 12.96579723060131, "train_accuracy": 97.792, "test_loss": 107.28210079669952, "test_accuracy": 74.12}, "epoch16": {"train_loss": 10.659654919058084, "train_accuracy": 98.218, "test_loss": 89.95446380972862, "test_accuracy": 76.76}, "epoch17": {"train_loss": 7.835045992396772, "train_accuracy": 98.768, "test_loss": 98.04312428832054, "test_accuracy": 76.63}, "epoch18": {"train_loss": 7.408838456496596, "train_accuracy": 98.832, "test_loss": 90.34421023726463, "test_accuracy": 78.36}, "epoch19": {"train_loss": 6.387769172899425, "train_accuracy": 98.984, "test_loss": 85.97988551855087, "test_accuracy": 79.15}, "epoch20": {"train_loss": 4.6019199173897505, "train_accuracy": 99.312, "test_loss": 92.36093616485596, "test_accuracy": 77.79}, "epoch21": {"train_loss": 2.736345167737454, "train_accuracy": 99.63, "test_loss": 82.54579627513885, "test_accuracy": 79.15}, "epoch22": {"train_loss": 1.5684338919818401, "train_accuracy": 99.842, "test_loss": 82.50982186198235, "test_accuracy": 79.82}, "epoch23": {"train_loss": 1.000398546922952, "train_accuracy": 99.898, "test_loss": 80.93260315060616, "test_accuracy": 80.37}, "epoch24": {"train_loss": 0.5382444635033607, "train_accuracy": 99.966, "test_loss": 77.91993987560272, "test_accuracy": 80.86}, "epoch25": {"train_loss": 0.33810838300269097, "train_accuracy": 99.992, "test_loss": 76.05931988358498, "test_accuracy": 81.32}, "epoch26": {"train_loss": 0.22680084547027946, "train_accuracy": 99.996, "test_loss": 74.78515774011612, "test_accuracy": 81.31}, "epoch27": {"train_loss": 0.19413937797071412, "train_accuracy": 99.998, "test_loss": 74.00216805934906, "test_accuracy": 81.67}, "epoch28": {"train_loss": 0.1705343514913693, "train_accuracy": 99.998, "test_loss": 73.44788682460785, "test_accuracy": 81.54}, "epoch29": {"train_loss": 0.15239001461304724, "train_accuracy": 100.0, "test_loss": 72.41616851091385, "test_accuracy": 81.67}, "epoch30": {"train_loss": 0.15411419654265046, "train_accuracy": 100.0, "test_loss": 71.57009872794151, "test_accuracy": 81.64}, "epoch31": {"train_loss": 0.14846310473512858, "train_accuracy": 100.0, "test_loss": 71.94303840398788, "test_accuracy": 81.69}, "epoch32": {"train_loss": 0.14716550550656393, "train_accuracy": 100.0, "test_loss": 70.90153139829636, "test_accuracy": 81.77}, "epoch33": {"train_loss": 0.14348684047581628, "train_accuracy": 100.0, "test_loss": 70.58594691753387, "test_accuracy": 81.7}, "epoch34": {"train_loss": 0.14860905101522803, "train_accuracy": 100.0, "test_loss": 70.16946849226952, "test_accuracy": 81.79}, "epoch35": {"train_loss": 0.15115346759557724, "train_accuracy": 100.0, "test_loss": 70.10680457949638, "test_accuracy": 81.72}, "epoch36": {"train_loss": 0.1496849989052862, "train_accuracy": 100.0, "test_loss": 69.72874850034714, "test_accuracy": 81.64}, "epoch37": {"train_loss": 0.15446553542278707, "train_accuracy": 100.0, "test_loss": 69.85093256831169, "test_accuracy": 81.69}, "epoch38": {"train_loss": 0.15365944826044142, "train_accuracy": 100.0, "test_loss": 69.3275095820427, "test_accuracy": 81.69}, "epoch39": {"train_loss": 0.15452242828905582, "train_accuracy": 100.0, "test_loss": 69.14286085963249, "test_accuracy": 81.66}, "epoch40": {"train_loss": 0.15685487922746688, "train_accuracy": 100.0, "test_loss": 68.92032673954964, "test_accuracy": 81.68}, "epoch41": {"train_loss": 0.1545174225466326, "train_accuracy": 100.0, "test_loss": 68.86406871676445, "test_accuracy": 81.81}, "epoch42": {"train_loss": 0.15477881825063378, "train_accuracy": 100.0, "test_loss": 68.67144218087196, "test_accuracy": 81.91}, "epoch43": {"train_loss": 0.15760341269196942, "train_accuracy": 100.0, "test_loss": 68.4983491897583, "test_accuracy": 81.59}, "epoch44": {"train_loss": 0.16100007039494812, "train_accuracy": 100.0, "test_loss": 68.60608214139938, "test_accuracy": 81.72}, "epoch45": {"train_loss": 0.1578867321368307, "train_accuracy": 100.0, "test_loss": 68.29871082305908, "test_accuracy": 81.78}, "epoch46": {"train_loss": 0.16650119563564658, "train_accuracy": 100.0, "test_loss": 68.156433314085, "test_accuracy": 81.87}, "epoch47": {"train_loss": 0.15896439866628498, "train_accuracy": 100.0, "test_loss": 68.03736993670464, "test_accuracy": 81.77}, "epoch48": {"train_loss": 0.1573393070138991, "train_accuracy": 100.0, "test_loss": 67.91242682933807, "test_accuracy": 81.83}, "epoch49": {"train_loss": 0.1631359722232446, "train_accuracy": 100.0, "test_loss": 68.1856909096241, "test_accuracy": 81.71}, "epoch50": {"train_loss": 0.15913717006333172, "train_accuracy": 100.0, "test_loss": 68.15451627969742, "test_accuracy": 81.78}, "epoch51": {"train_loss": 0.1628174465149641, "train_accuracy": 100.0, "test_loss": 67.86912885308266, "test_accuracy": 81.89}, "epoch52": {"train_loss": 0.16622874815948308, "train_accuracy": 100.0, "test_loss": 67.73364716768265, "test_accuracy": 81.61}, "epoch53": {"train_loss": 0.1599152541020885, "train_accuracy": 100.0, "test_loss": 67.95044773817062, "test_accuracy": 81.6}, "epoch54": {"train_loss": 0.16303004464134574, "train_accuracy": 100.0, "test_loss": 67.7994881272316, "test_accuracy": 81.71}, "epoch55": {"train_loss": 0.1623989372747019, "train_accuracy": 100.0, "test_loss": 68.024579256773, "test_accuracy": 81.78}, "epoch56": {"train_loss": 0.16427083453163505, "train_accuracy": 100.0, "test_loss": 67.96143475174904, "test_accuracy": 81.57}, "epoch57": {"train_loss": 0.16193715343251824, "train_accuracy": 100.0, "test_loss": 68.32023465633392, "test_accuracy": 81.61}, "epoch58": {"train_loss": 0.16320165037177503, "train_accuracy": 100.0, "test_loss": 67.59809523820877, "test_accuracy": 81.8}, "epoch59": {"train_loss": 0.15859729796648026, "train_accuracy": 100.0, "test_loss": 67.86186632514, "test_accuracy": 81.81}, "epoch60": {"train_loss": 0.16179610800463706, "train_accuracy": 100.0, "test_loss": 68.13041940331459, "test_accuracy": 81.69}, "train_time": 1748.15291929245}