{"epoch1": {"train_loss": 373.5011419057846, "train_accuracy": 28.771, "test_loss": 173.50460350513458, "test_accuracy": 38.08}, "epoch2": {"train_loss": 376.0718211531639, "train_accuracy": 30.562, "test_loss": 175.45290172100067, "test_accuracy": 35.78}, "epoch3": {"train_loss": 409.74857676029205, "train_accuracy": 23.802, "test_loss": 198.86400020122528, "test_accuracy": 27.44}, "epoch4": {"train_loss": 426.7612702846527, "train_accuracy": 19.782, "test_loss": 213.01861262321472, "test_accuracy": 17.68}, "epoch5": {"train_loss": 435.68939447402954, "train_accuracy": 17.582, "test_loss": 212.06179785728455, "test_accuracy": 21.4}, "epoch6": {"train_loss": 439.969757437706, "train_accuracy": 15.932, "test_loss": 217.40678763389587, "test_accuracy": 19.8}, "epoch7": {"train_loss": 443.7071189880371, "train_accuracy": 14.687, "test_loss": 220.91619396209717, "test_accuracy": 12.81}, "epoch8": {"train_loss": 446.80747759342194, "train_accuracy": 13.733, "test_loss": 222.4958131313324, "test_accuracy": 15.46}, "train_time": 717.2645907402039}