{"epoch1": {"train_loss": 440.7968406677246, "train_accuracy": 35.262, "test_loss": 224.8379364013672, "test_accuracy": 12.0, "test_poisoned_accuracy": 96.83, "adv_accuracy": 33.59375}, "epoch2": {"train_loss": 377.2781705856323, "train_accuracy": 36.796, "test_loss": 222.58076095581055, "test_accuracy": 10.0, "test_poisoned_accuracy": 100.0, "adv_accuracy": 33.984375}, "epoch3": {"train_loss": 370.0081298351288, "train_accuracy": 36.758, "test_loss": 201.4453786611557, "test_accuracy": 14.04, "test_poisoned_accuracy": 93.92, "adv_accuracy": 37.890625}, "epoch4": {"train_loss": 319.4186568260193, "train_accuracy": 42.024, "test_loss": 171.9939547777176, "test_accuracy": 38.99, "test_poisoned_accuracy": 98.74, "adv_accuracy": 47.265625}, "epoch5": {"train_loss": 272.78917050361633, "train_accuracy": 48.692, "test_loss": 160.8122022151947, "test_accuracy": 41.9, "test_poisoned_accuracy": 99.49, "adv_accuracy": 44.921875}, "epoch6": {"train_loss": 260.9866075515747, "train_accuracy": 50.272, "test_loss": 155.29421401023865, "test_accuracy": 42.59, "test_poisoned_accuracy": 99.86, "adv_accuracy": 47.265625}, "epoch7": {"train_loss": 253.15200412273407, "train_accuracy": 51.516, "test_loss": 148.4653515815735, "test_accuracy": 48.02, "test_poisoned_accuracy": 97.9, "adv_accuracy": 58.59375}, "epoch8": {"train_loss": 245.95936727523804, "train_accuracy": 52.78, "test_loss": 137.1145040988922, "test_accuracy": 51.92, "test_poisoned_accuracy": 99.3, "adv_accuracy": 55.46875}, "epoch9": {"train_loss": 238.3085149526596, "train_accuracy": 53.882, "test_loss": 137.73629915714264, "test_accuracy": 50.81, "test_poisoned_accuracy": 99.47, "adv_accuracy": 57.03125}, "epoch10": {"train_loss": 232.42767202854156, "train_accuracy": 55.284, "test_loss": 125.44352567195892, "test_accuracy": 57.28, "test_poisoned_accuracy": 97.72, "adv_accuracy": 58.984375}, "epoch11": {"train_loss": 224.8698593378067, "train_accuracy": 56.266, "test_loss": 126.8034895658493, "test_accuracy": 55.71, "test_poisoned_accuracy": 98.18, "adv_accuracy": 62.5}, "epoch12": {"train_loss": 218.61360031366348, "train_accuracy": 57.326, "test_loss": 113.74400502443314, "test_accuracy": 62.43, "test_poisoned_accuracy": 98.26, "adv_accuracy": 61.328125}, "epoch13": {"train_loss": 213.4768722653389, "train_accuracy": 58.44, "test_loss": 114.78180688619614, "test_accuracy": 60.29, "test_poisoned_accuracy": 99.18, "adv_accuracy": 65.625}, "epoch14": {"train_loss": 207.60632455348969, "train_accuracy": 59.108, "test_loss": 110.272401034832, "test_accuracy": 63.04, "test_poisoned_accuracy": 98.66, "adv_accuracy": 66.796875}, "epoch15": {"train_loss": 202.89333927631378, "train_accuracy": 60.302, "test_loss": 105.58162021636963, "test_accuracy": 63.68, "test_poisoned_accuracy": 98.57, "adv_accuracy": 68.359375}, "epoch16": {"train_loss": 196.80048096179962, "train_accuracy": 61.048, "test_loss": 100.8181266784668, "test_accuracy": 67.24, "test_poisoned_accuracy": 98.42, "adv_accuracy": 70.703125}, "epoch17": {"train_loss": 191.75798404216766, "train_accuracy": 62.016, "test_loss": 101.83713680505753, "test_accuracy": 66.21, "test_poisoned_accuracy": 98.08, "adv_accuracy": 67.578125}, "epoch18": {"train_loss": 187.45207226276398, "train_accuracy": 62.768, "test_loss": 97.14921051263809, "test_accuracy": 68.29, "test_poisoned_accuracy": 96.93, "adv_accuracy": 73.046875}, "epoch19": {"train_loss": 181.74492210149765, "train_accuracy": 63.848, "test_loss": 94.83740878105164, "test_accuracy": 67.76, "test_poisoned_accuracy": 97.96, "adv_accuracy": 67.96875}, "epoch20": {"train_loss": 176.77040976285934, "train_accuracy": 64.6, "test_loss": 94.32999515533447, "test_accuracy": 68.42, "test_poisoned_accuracy": 98.73, "adv_accuracy": 71.875}, "epoch21": {"train_loss": 170.60215651988983, "train_accuracy": 65.674, "test_loss": 89.25972419977188, "test_accuracy": 70.14, "test_poisoned_accuracy": 98.07, "adv_accuracy": 73.046875}, "epoch22": {"train_loss": 167.0167619585991, "train_accuracy": 66.31, "test_loss": 90.6834899187088, "test_accuracy": 69.67, "test_poisoned_accuracy": 97.48, "adv_accuracy": 74.609375}, "epoch23": {"train_loss": 161.27080810070038, "train_accuracy": 67.376, "test_loss": 84.52681690454483, "test_accuracy": 71.77, "test_poisoned_accuracy": 97.48, "adv_accuracy": 75.390625}, "epoch24": {"train_loss": 155.94370782375336, "train_accuracy": 68.042, "test_loss": 83.04917246103287, "test_accuracy": 71.82, "test_poisoned_accuracy": 97.71, "adv_accuracy": 75.390625}, "epoch25": {"train_loss": 149.77974766492844, "train_accuracy": 69.29, "test_loss": 81.21913135051727, "test_accuracy": 72.62, "test_poisoned_accuracy": 98.2, "adv_accuracy": 81.640625}, "epoch26": {"train_loss": 143.63585555553436, "train_accuracy": 70.432, "test_loss": 82.26359242200851, "test_accuracy": 72.58, "test_poisoned_accuracy": 97.53, "adv_accuracy": 78.125}, "epoch27": {"train_loss": 138.01363027095795, "train_accuracy": 71.54, "test_loss": 79.0274708867073, "test_accuracy": 73.57, "test_poisoned_accuracy": 98.13, "adv_accuracy": 73.046875}, "epoch28": {"train_loss": 133.05719369649887, "train_accuracy": 72.23, "test_loss": 83.64285951852798, "test_accuracy": 72.26, "test_poisoned_accuracy": 98.06, "adv_accuracy": 76.953125}, "epoch29": {"train_loss": 125.46358832716942, "train_accuracy": 73.968, "test_loss": 79.28268224000931, "test_accuracy": 72.88, "test_poisoned_accuracy": 98.06, "adv_accuracy": 82.8125}, "epoch30": {"train_loss": 119.11240294575691, "train_accuracy": 75.224, "test_loss": 78.4954571723938, "test_accuracy": 72.78, "test_poisoned_accuracy": 97.1, "adv_accuracy": 83.203125}, "epoch31": {"train_loss": 113.58750519156456, "train_accuracy": 76.242, "test_loss": 81.1670805811882, "test_accuracy": 71.37, "test_poisoned_accuracy": 98.21, "adv_accuracy": 87.109375}, "epoch32": {"train_loss": 109.80275791883469, "train_accuracy": 77.178, "test_loss": 82.2943976521492, "test_accuracy": 72.3, "test_poisoned_accuracy": 97.62, "adv_accuracy": 87.5}, "epoch33": {"train_loss": 100.22672948241234, "train_accuracy": 79.116, "test_loss": 75.52516663074493, "test_accuracy": 73.93, "test_poisoned_accuracy": 97.15, "adv_accuracy": 87.5}, "epoch34": {"train_loss": 94.47987440228462, "train_accuracy": 80.242, "test_loss": 77.98302003741264, "test_accuracy": 73.99, "test_poisoned_accuracy": 97.52, "adv_accuracy": 92.578125}, "epoch35": {"train_loss": 87.06596073508263, "train_accuracy": 81.784, "test_loss": 76.30327957868576, "test_accuracy": 74.31, "test_poisoned_accuracy": 97.73, "adv_accuracy": 88.28125}, "epoch36": {"train_loss": 79.46287494897842, "train_accuracy": 83.422, "test_loss": 79.90751078724861, "test_accuracy": 72.86, "test_poisoned_accuracy": 98.35, "adv_accuracy": 91.40625}, "epoch37": {"train_loss": 74.74499925971031, "train_accuracy": 84.372, "test_loss": 77.21112370491028, "test_accuracy": 73.71, "test_poisoned_accuracy": 97.58, "adv_accuracy": 93.75}, "epoch38": {"train_loss": 67.09905761480331, "train_accuracy": 85.974, "test_loss": 76.31488314270973, "test_accuracy": 74.73, "test_poisoned_accuracy": 97.87, "adv_accuracy": 91.40625}, "epoch39": {"train_loss": 61.806479066610336, "train_accuracy": 87.184, "test_loss": 76.30452635884285, "test_accuracy": 74.69, "test_poisoned_accuracy": 96.44, "adv_accuracy": 93.359375}, "epoch40": {"train_loss": 54.07924063503742, "train_accuracy": 88.842, "test_loss": 78.90260460972786, "test_accuracy": 74.07, "test_poisoned_accuracy": 97.27, "adv_accuracy": 96.09375}, "epoch41": {"train_loss": 47.937894359230995, "train_accuracy": 90.31, "test_loss": 77.51354196667671, "test_accuracy": 74.66, "test_poisoned_accuracy": 97.73, "adv_accuracy": 96.09375}, "epoch42": {"train_loss": 43.60302300751209, "train_accuracy": 91.214, "test_loss": 77.16519087553024, "test_accuracy": 74.59, "test_poisoned_accuracy": 97.61, "adv_accuracy": 96.09375}, "epoch43": {"train_loss": 37.38665480911732, "train_accuracy": 92.556, "test_loss": 78.32348135113716, "test_accuracy": 74.6,