{"epoch1": {"train_loss": 404.0070283683017, "train_accuracy": 27.587, "test_loss": 405.8282153606415, "test_accuracy": 10.81}, "epoch2": {"train_loss": 166.9935765597038, "train_accuracy": 76.4815, "test_loss": 368.15836930274963, "test_accuracy": 13.32}, "epoch3": {"train_loss": 155.9394813675899, "train_accuracy": 77.503, "test_loss": 492.99607515335083, "test_accuracy": 12.81}, "epoch4": {"train_loss": 155.78633164032362, "train_accuracy": 77.204, "test_loss": 297.2823667526245, "test_accuracy": 14.48}, "train_time": 1330.515699148178}