{"epoch1": {"train_loss": 414.75282937288284, "train_accuracy": 22.1565, "test_loss": 204.63733303546906, "test_accuracy": 25.28}, "epoch2": {"train_loss": 443.0706080198288, "train_accuracy": 15.3355, "test_loss": 223.60486364364624, "test_accuracy": 20.79}, "epoch3": {"train_loss": 447.0274314880371, "train_accuracy": 13.3515, "test_loss": 228.03015971183777, "test_accuracy": 13.77}, "epoch4": {"train_loss": 448.3784102797508, "train_accuracy": 12.6205, "test_loss": 230.01340007781982, "test_accuracy": 14.13}, "train_time": 1296.4826653003693}