{"epoch1": {"train_loss": 346.4744698703289, "train_accuracy": 33.912, "test_loss": 145.24312317371368, "test_accuracy": 46.77}, "epoch2": {"train_loss": 274.6431776881218, "train_accuracy": 47.859, "test_loss": 118.01505029201508, "test_accuracy": 57.61}, "epoch3": {"train_loss": 231.11005011200905, "train_accuracy": 56.2145, "test_loss": 105.26795572042465, "test_accuracy": 61.85}, "epoch4": {"train_loss": 200.20856910943985, "train_accuracy": 62.377, "test_loss": 77.54092526435852, "test_accuracy": 72.46}, "train_time": 1296.2504937648773}