{"epoch1": {"train_loss": 416.5668241381645, "train_accuracy": 21.898, "test_loss": 209.0767273902893, "test_accuracy": 20.6}, "epoch2": {"train_loss": 442.11474281549454, "train_accuracy": 15.142, "test_loss": 221.682190656662, "test_accuracy": 19.79}, "epoch3": {"train_loss": 446.9071606993675, "train_accuracy": 13.3365, "test_loss": 226.71721577644348, "test_accuracy": 11.24}, "epoch4": {"train_loss": 448.5866772532463, "train_accuracy": 12.7885, "test_loss": 228.68075132369995, "test_accuracy": 10.57}, "train_time": 722.2769682407379}