{"epoch1": {"train_loss": 418.67390966415405, "train_accuracy": 34.956, "test_loss": 218.17268824577332, "test_accuracy": 12.61, "test_poisoned_accuracy": 94.01, "adv_accuracy": 31.25}, "epoch2": {"train_loss": 341.3083391189575, "train_accuracy": 36.884, "test_loss": 183.26706564426422, "test_accuracy": 24.51, "test_poisoned_accuracy": 78.57, "adv_accuracy": 32.8125}, "epoch3": {"train_loss": 242.84545004367828, "train_accuracy": 53.852, "test_loss": 139.92507934570312, "test_accuracy": 48.4, "test_poisoned_accuracy": 96.8, "adv_accuracy": 48.046875}, "epoch4": {"train_loss": 209.23818916082382, "train_accuracy": 60.186, "test_loss": 120.56577682495117, "test_accuracy": 55.93, "test_poisoned_accuracy": 99.14, "adv_accuracy": 48.4375}, "epoch5": {"train_loss": 189.608105301857, "train_accuracy": 63.912, "test_loss": 110.43850153684616, "test_accuracy": 61.25, "test_poisoned_accuracy": 92.68, "adv_accuracy": 44.53125}, "epoch6": {"train_loss": 172.9871705174446, "train_accuracy": 66.892, "test_loss": 98.19115895032883, "test_accuracy": 65.12, "test_poisoned_accuracy": 98.3, "adv_accuracy": 47.65625}, "epoch7": {"train_loss": 158.7311488389969, "train_accuracy": 69.676, "test_loss": 87.99349057674408, "test_accuracy": 70.41, "test_poisoned_accuracy": 95.83, "adv_accuracy": 55.078125}, "epoch8": {"train_loss": 146.36175471544266, "train_accuracy": 71.896, "test_loss": 84.56059783697128, "test_accuracy": 70.48, "test_poisoned_accuracy": 97.05, "adv_accuracy": 54.6875}, "epoch9": {"train_loss": 135.23993211984634, "train_accuracy": 74.094, "test_loss": 86.42240232229233, "test_accuracy": 69.76, "test_poisoned_accuracy": 97.97, "adv_accuracy": 50.0}, "epoch10": {"train_loss": 125.89158689975739, "train_accuracy": 75.754, "test_loss": 80.69762367010117, "test_accuracy": 71.49, "test_poisoned_accuracy": 97.41, "adv_accuracy": 57.8125}, "epoch11": {"train_loss": 119.04616847634315, "train_accuracy": 77.01, "test_loss": 70.76705288887024, "test_accuracy": 75.42, "test_poisoned_accuracy": 97.56, "adv_accuracy": 59.375}, "epoch12": {"train_loss": 111.87416350841522, "train_accuracy": 78.562, "test_loss": 67.66231462359428, "test_accuracy": 76.75, "test_poisoned_accuracy": 98.0, "adv_accuracy": 54.6875}, "epoch13": {"train_loss": 105.30901315808296, "train_accuracy": 79.582, "test_loss": 68.3957042992115, "test_accuracy": 75.88, "test_poisoned_accuracy": 97.63, "adv_accuracy": 55.078125}, "epoch14": {"train_loss": 98.27109277248383, "train_accuracy": 81.018, "test_loss": 65.37246507406235, "test_accuracy": 77.26, "test_poisoned_accuracy": 97.68, "adv_accuracy": 57.03125}, "epoch15": {"train_loss": 94.98299023509026, "train_accuracy": 81.582, "test_loss": 61.18133985996246, "test_accuracy": 79.1, "test_poisoned_accuracy": 97.43, "adv_accuracy": 55.46875}, "epoch16": {"train_loss": 86.93421787023544, "train_accuracy": 83.112, "test_loss": 59.432217955589294, "test_accuracy": 79.38, "test_poisoned_accuracy": 96.95, "adv_accuracy": 58.203125}, "epoch17": {"train_loss": 81.87096491456032, "train_accuracy": 84.032, "test_loss": 58.79282447695732, "test_accuracy": 79.61, "test_poisoned_accuracy": 96.16, "adv_accuracy": 53.125}, "epoch18": {"train_loss": 76.73061347007751, "train_accuracy": 85.054, "test_loss": 62.868734896183014, "test_accuracy": 78.18, "test_poisoned_accuracy": 96.04, "adv_accuracy": 63.28125}, "epoch19": {"train_loss": 72.21346971392632, "train_accuracy": 85.746, "test_loss": 59.1724471449852, "test_accuracy": 79.3, "test_poisoned_accuracy": 96.2, "adv_accuracy": 63.671875}, "epoch20": {"train_loss": 67.66856104135513, "train_accuracy": 86.902, "test_loss": 59.597733318805695, "test_accuracy": 79.5, "test_poisoned_accuracy": 97.56, "adv_accuracy": 63.671875}, "epoch21": {"train_loss": 62.873942494392395, "train_accuracy": 87.75, "test_loss": 56.5561737716198, "test_accuracy": 80.71, "test_poisoned_accuracy": 97.32, "adv_accuracy": 62.890625}, "epoch22": {"train_loss": 58.513436913490295, "train_accuracy": 88.548, "test_loss": 59.12951794266701, "test_accuracy": 79.22, "test_poisoned_accuracy": 97.11, "adv_accuracy": 60.9375}, "epoch23": {"train_loss": 52.36742989718914, "train_accuracy": 89.876, "test_loss": 58.73056370019913, "test_accuracy": 80.29, "test_poisoned_accuracy": 97.65, "adv_accuracy": 60.546875}, "epoch24": {"train_loss": 50.630123406648636, "train_accuracy": 90.352, "test_loss": 59.60485324263573, "test_accuracy": 79.51, "test_poisoned_accuracy": 97.74, "adv_accuracy": 59.375}, "epoch25": {"train_loss": 45.247747644782066, "train_accuracy": 91.236, "test_loss": 64.80160772800446, "test_accuracy": 78.58, "test_poisoned_accuracy": 97.54, "adv_accuracy": 65.234375}, "epoch26": {"train_loss": 43.036131858825684, "train_accuracy": 91.724, "test_loss": 61.073328614234924, "test_accuracy": 80.31, "test_poisoned_accuracy": 97.73, "adv_accuracy": 66.796875}, "epoch27": {"train_loss": 38.16024445742369, "train_accuracy": 92.726, "test_loss": 59.785230845212936, "test_accuracy": 80.1, "test_poisoned_accuracy": 96.64, "adv_accuracy": 67.96875}, "epoch28": {"train_loss": 33.65992582589388, "train_accuracy": 93.656, "test_loss": 58.4904987514019, "test_accuracy": 81.11, "test_poisoned_accuracy": 97.76, "adv_accuracy": 65.625}, "epoch29": {"train_loss": 30.87216977775097, "train_accuracy": 94.29, "test_loss": 61.29225593805313, "test_accuracy": 80.23, "test_poisoned_accuracy": 96.3, "adv_accuracy": 64.0625}, "epoch30": {"train_loss": 28.404114827513695, "train_accuracy": 94.718, "test_loss": 62.715017795562744, "test_accuracy": 80.62, "test_poisoned_accuracy": 97.12, "adv_accuracy": 74.21875}, "epoch31": {"train_loss": 23.813914768397808, "train_accuracy": 95.736, "test_loss": 60.433118760585785, "test_accuracy": 81.08, "test_poisoned_accuracy": 97.55, "adv_accuracy": 71.875}, "epoch32": {"train_loss": 20.418621458113194, "train_accuracy": 96.426, "test_loss": 64.5572210252285, "test_accuracy": 80.1, "test_poisoned_accuracy": 96.63, "adv_accuracy": 66.796875}, "epoch33": {"train_loss": 18.35006310418248, "train_accuracy": 96.778, "test_loss": 59.94252958893776, "test_accuracy": 81.94, "test_poisoned_accuracy": 96.96, "adv_accuracy": 69.921875}, "epoch34": {"train_loss": 17.810490410774946, "train_accuracy": 96.88, "test_loss": 62.81062263250351, "test_accuracy": 80.75, "test_poisoned_accuracy": 96.69, "adv_accuracy": 75.0}, "epoch35": {"train_loss": 14.23676947504282, "train_accuracy": 97.612, "test_loss": 62.893344193696976, "test_accuracy": 81.62, "test_poisoned_accuracy": 97.48, "adv_accuracy": 71.875}, "epoch36": {"train_loss": 10.893233740702271, "train_accuracy": 98.204, "test_loss": 62.5806448161602, "test_accuracy": 81.6, "test_poisoned_accuracy": 97.35, "adv_accuracy": 73.046875}, "epoch37": {"train_loss": 8.098543159663677, "train_accuracy": 98.74, "test_loss": 64.17216068506241, "test_accuracy": 81.49, "test_poisoned_accuracy": 98.37, "adv_accuracy": 73.828125}, "epoch38": {"train_loss": 7.181200468912721, "train_accuracy": 98.904, "test_loss": 62.71972572803497, "test_accuracy": 81.56, "test_poisoned_accuracy": 97.17, "adv_accuracy": 76.5625}, "epoch39": {"train_loss": 5.054960446432233, "train_accuracy": 99.284, "test_loss": 63.074784338474274, "test_accuracy": 81.88, "test_poisoned_accuracy": 95.84, "adv_accuracy": 78.515625}, "epoch40": {"train_loss": 4.3732143715023994, "train_accuracy": 99.44, "test_loss": 60.631701946258545, "test_accuracy": 82.51, "test_poisoned_accuracy": 96.98, "adv_accuracy": 84.765625}, "epoch41": {"train_loss": 2.8864040821790695, "train_accuracy": 99.652, "test_loss": 59.634150981903076, "test_accuracy": 82.48, "test_poisoned_accuracy": 97.24, "adv_accuracy": 84.765625}, "epoch42": {"train_loss": NaN, "train_accuracy": 99.344, "test_loss": NaN, "test_accuracy": 10.0, "test_poisoned_accuracy": 0.0, "adv_accuracy": 5.859375}, "epoch43": {"train_loss": 1.2591030183248222, "train_accuracy": 99.876, "test_loss": NaN, "test_accuracy": 10.0, "test_poisoned_accuracy": 0.0, "adv_accuracy": 6.640625},