{"epoch1": {"train_loss": 412.18156015872955, "train_accuracy": 34.986, "test_loss": 200.5181589126587, "test_accuracy": 14.06, "test_poisoned_accuracy": 93.11, "adv_accuracy": 32.421875}, "epoch2": {"train_loss": 303.6853996515274, "train_accuracy": 43.404, "test_loss": 151.02713084220886, "test_accuracy": 45.96, "test_poisoned_accuracy": 97.3, "adv_accuracy": 48.046875}, "epoch3": {"train_loss": 221.90642446279526, "train_accuracy": 57.95, "test_loss": 125.74192559719086, "test_accuracy": 54.44, "test_poisoned_accuracy": 97.29, "adv_accuracy": 46.875}, "epoch4": {"train_loss": 197.83430141210556, "train_accuracy": 62.462, "test_loss": 115.25688660144806, "test_accuracy": 58.59, "test_poisoned_accuracy": 96.88, "adv_accuracy": 48.4375}, "epoch5": {"train_loss": 178.64059728384018, "train_accuracy": 65.976, "test_loss": 103.57796263694763, "test_accuracy": 62.96, "test_poisoned_accuracy": 97.8, "adv_accuracy": 49.609375}, "epoch6": {"train_loss": 164.43763530254364, "train_accuracy": 68.824, "test_loss": 91.82137143611908, "test_accuracy": 67.77, "test_poisoned_accuracy": 96.38, "adv_accuracy": 52.734375}, "epoch7": {"train_loss": 151.73990964889526, "train_accuracy": 70.81, "test_loss": 88.09843814373016, "test_accuracy": 68.82, "test_poisoned_accuracy": 96.94, "adv_accuracy": 52.34375}, "epoch8": {"train_loss": 140.46251356601715, "train_accuracy": 73.226, "test_loss": 81.69204545021057, "test_accuracy": 71.94, "test_poisoned_accuracy": 96.43, "adv_accuracy": 54.6875}, "epoch9": {"train_loss": 129.21231126785278, "train_accuracy": 75.184, "test_loss": 77.4243146777153, "test_accuracy": 72.39, "test_poisoned_accuracy": 97.48, "adv_accuracy": 57.8125}, "epoch10": {"train_loss": 121.2492281794548, "train_accuracy": 76.774, "test_loss": 71.86312836408615, "test_accuracy": 74.87, "test_poisoned_accuracy": 97.08, "adv_accuracy": 54.296875}, "epoch11": {"train_loss": 113.3662334382534, "train_accuracy": 78.162, "test_loss": 65.28026980161667, "test_accuracy": 77.1, "test_poisoned_accuracy": 96.93, "adv_accuracy": 57.03125}, "epoch12": {"train_loss": 106.16112190485, "train_accuracy": 79.68, "test_loss": 64.38589295744896, "test_accuracy": 77.65, "test_poisoned_accuracy": 97.62, "adv_accuracy": 53.90625}, "epoch13": {"train_loss": 99.18444702029228, "train_accuracy": 80.894, "test_loss": 64.26574969291687, "test_accuracy": 77.02, "test_poisoned_accuracy": 97.7, "adv_accuracy": 59.375}, "epoch14": {"train_loss": 93.3179703950882, "train_accuracy": 81.95, "test_loss": 64.66093900799751, "test_accuracy": 77.75, "test_poisoned_accuracy": 96.31, "adv_accuracy": 58.203125}, "epoch15": {"train_loss": 87.74899396300316, "train_accuracy": 82.838, "test_loss": 61.57319036126137, "test_accuracy": 78.79, "test_poisoned_accuracy": 97.33, "adv_accuracy": 63.28125}, "epoch16": {"train_loss": 83.88305202126503, "train_accuracy": 83.782, "test_loss": 62.23172780871391, "test_accuracy": 78.58, "test_poisoned_accuracy": 97.94, "adv_accuracy": 55.46875}, "epoch17": {"train_loss": 76.54219216108322, "train_accuracy": 85.252, "test_loss": 61.88353085517883, "test_accuracy": 78.72, "test_poisoned_accuracy": 97.95, "adv_accuracy": 56.25}, "epoch18": {"train_loss": 72.25534109771252, "train_accuracy": 86.086, "test_loss": 59.24671667814255, "test_accuracy": 79.69, "test_poisoned_accuracy": 96.79, "adv_accuracy": 62.109375}, "epoch19": {"train_loss": 67.49673065543175, "train_accuracy": 86.72, "test_loss": 60.592620342969894, "test_accuracy": 79.57, "test_poisoned_accuracy": 97.06, "adv_accuracy": 58.59375}, "epoch20": {"train_loss": 63.194884568452835, "train_accuracy": 87.796, "test_loss": 59.57594630122185, "test_accuracy": 79.74, "test_poisoned_accuracy": 97.22, "adv_accuracy": 59.765625}, "epoch21": {"train_loss": 59.4305274784565, "train_accuracy": 88.34, "test_loss": 63.292982399463654, "test_accuracy": 79.02, "test_poisoned_accuracy": 96.43, "adv_accuracy": 55.078125}, "epoch22": {"train_loss": 54.084985435009, "train_accuracy": 89.604, "test_loss": 65.39932212233543, "test_accuracy": 77.46, "test_poisoned_accuracy": 98.32, "adv_accuracy": 55.859375}, "epoch23": {"train_loss": 51.24985481798649, "train_accuracy": 89.96, "test_loss": 58.96361204981804, "test_accuracy": 80.12, "test_poisoned_accuracy": 97.21, "adv_accuracy": 61.328125}, "epoch24": {"train_loss": 47.40770669281483, "train_accuracy": 90.902, "test_loss": 57.75340861082077, "test_accuracy": 80.95, "test_poisoned_accuracy": 96.59, "adv_accuracy": 71.09375}, "epoch25": {"train_loss": 43.16114899516106, "train_accuracy": 91.766, "test_loss": 59.31953093409538, "test_accuracy": 80.58, "test_poisoned_accuracy": 96.52, "adv_accuracy": 62.109375}, "epoch26": {"train_loss": 39.6244046613574, "train_accuracy": 92.506, "test_loss": 61.712248146533966, "test_accuracy": 79.55, "test_poisoned_accuracy": 97.58, "adv_accuracy": 62.890625}, "epoch27": {"train_loss": 35.06164977699518, "train_accuracy": 93.354, "test_loss": 66.15961611270905, "test_accuracy": 79.13, "test_poisoned_accuracy": 97.41, "adv_accuracy": 62.890625}, "epoch28": {"train_loss": 31.55660179257393, "train_accuracy": 93.992, "test_loss": 68.68609607219696, "test_accuracy": 79.07, "test_poisoned_accuracy": 96.52, "adv_accuracy": 68.75}, "epoch29": {"train_loss": 30.18536464124918, "train_accuracy": 94.272, "test_loss": 61.14751464128494, "test_accuracy": 80.81, "test_poisoned_accuracy": 97.13, "adv_accuracy": 65.234375}, "epoch30": {"train_loss": 25.730634830892086, "train_accuracy": 95.252, "test_loss": 64.47981494665146, "test_accuracy": 80.36, "test_poisoned_accuracy": 96.85, "adv_accuracy": 65.234375}, "epoch31": {"train_loss": 22.511196985840797, "train_accuracy": 95.902, "test_loss": 61.80695343017578, "test_accuracy": 80.63, "test_poisoned_accuracy": 96.8, "adv_accuracy": 70.3125}, "epoch32": {"train_loss": 19.72672588005662, "train_accuracy": 96.496, "test_loss": 65.20541444420815, "test_accuracy": 80.26, "test_poisoned_accuracy": 97.41, "adv_accuracy": 69.140625}, "epoch33": {"train_loss": 17.979023441672325, "train_accuracy": 96.838, "test_loss": 61.47342011332512, "test_accuracy": 81.62, "test_poisoned_accuracy": 96.42, "adv_accuracy": 66.015625}, "epoch34": {"train_loss": 15.82938501238823, "train_accuracy": 97.266, "test_loss": 59.75219425559044, "test_accuracy": 81.54, "test_poisoned_accuracy": 97.91, "adv_accuracy": 67.578125}, "epoch35": {"train_loss": 12.907658087089658, "train_accuracy": 97.834, "test_loss": 60.21723881363869, "test_accuracy": 81.94, "test_poisoned_accuracy": 96.97, "adv_accuracy": 71.09375}, "epoch36": {"train_loss": 10.848100380972028, "train_accuracy": 98.196, "test_loss": 64.99160531163216, "test_accuracy": 80.89, "test_poisoned_accuracy": 97.76, "adv_accuracy": 68.359375}, "epoch37": {"train_loss": 8.919446101412177, "train_accuracy": 98.58, "test_loss": 63.34503895044327, "test_accuracy": 81.3, "test_poisoned_accuracy": 97.46, "adv_accuracy": 79.296875}, "epoch38": {"train_loss": 7.304698520340025, "train_accuracy": 98.894, "test_loss": 64.7931817471981, "test_accuracy": 81.8, "test_poisoned_accuracy": 97.23, "adv_accuracy": 77.734375}, "epoch39": {"train_loss": 5.2269501173868775, "train_accuracy": 99.274, "test_loss": 61.65840756893158, "test_accuracy": 82.75, "test_poisoned_accuracy": 96.96, "adv_accuracy": 83.203125}, "epoch40": {"train_loss": 3.263124143704772, "train_accuracy": 99.586, "test_loss": 61.4199632704258, "test_accuracy": 83.0, "test_poisoned_accuracy": 96.92, "adv_accuracy": 81.640625}, "epoch41": {"train_loss": 2.1692503886297345, "train_accuracy": 99.78, "test_loss": 59.632086634635925, "test_accuracy": 83.01, "test_poisoned_accuracy": 97.06, "adv_accuracy": 88.671875}, "epoch42": {"train_loss": 1.6701332372613251, "train_accuracy": 99.854, "test_loss": 59.01217237114906, "test_accuracy": 82.9, "test_poisoned_accuracy": 97.65, "adv_accuracy": 91.40625}, "epoch43": {"train_loss": 1.2065752972848713, "train_accuracy": 99.904, "test_loss": 59.17810329794884, "test_accuracy": 83.35,