{"epoch1": {"train_loss": 445.0641867518425, "train_accuracy": 16.782, "test_loss": 215.15858602523804, "test_accuracy": 21.83}, "epoch2": {"train_loss": 443.78209882974625, "train_accuracy": 14.971, "test_loss": 225.1040334701538, "test_accuracy": 11.58}, "epoch3": {"train_loss": 447.0634523034096, "train_accuracy": 13.5895, "test_loss": 228.21130871772766, "test_accuracy": 13.17}, "epoch4": {"train_loss": 447.7293401956558, "train_accuracy": 13.007, "test_loss": 233.49611401557922, "test_accuracy": 10.0}, "train_time": 1276.7371010780334}