{"epoch1": {"train_loss": 421.60268518328667, "train_accuracy": 21.338, "test_loss": 212.20850706100464, "test_accuracy": 21.21}, "epoch2": {"train_loss": 441.78723788261414, "train_accuracy": 15.54, "test_loss": 224.94991540908813, "test_accuracy": 15.99}, "epoch3": {"train_loss": 446.27982008457184, "train_accuracy": 13.8775, "test_loss": 227.5517578125, "test_accuracy": 10.05}, "epoch4": {"train_loss": 446.6533088684082, "train_accuracy": 13.741, "test_loss": 231.90783834457397, "test_accuracy": 10.51}, "train_time": 651.9800128936768}