{"epoch1": {"train_loss": 404.33358067274094, "train_accuracy": 25.988, "test_loss": 182.69472980499268, "test_accuracy": 32.58}, "epoch2": {"train_loss": 396.23783284425735, "train_accuracy": 26.628, "test_loss": 201.2283968925476, "test_accuracy": 27.33}, "epoch3": {"train_loss": 420.9626194238663, "train_accuracy": 21.213, "test_loss": 216.64177870750427, "test_accuracy": 18.11}, "epoch4": {"train_loss": 433.0349954366684, "train_accuracy": 18.093, "test_loss": 217.88113641738892, "test_accuracy": 18.39}, "epoch5": {"train_loss": 434.0584466457367, "train_accuracy": 17.658, "test_loss": 213.74931645393372, "test_accuracy": 19.8}, "epoch6": {"train_loss": 427.5778315067291, "train_accuracy": 18.735, "test_loss": 238.93965101242065, "test_accuracy": 14.9}, "epoch7": {"train_loss": 417.65784484148026, "train_accuracy": 20.826, "test_loss": 244.78760623931885, "test_accuracy": 14.43}, "epoch8": {"train_loss": 415.4534673690796, "train_accuracy": 21.342, "test_loss": 224.09213495254517, "test_accuracy": 17.87}, "train_time": 1341.567509174347}