{"epoch1": {"train_loss": 422.7361625432968, "train_accuracy": 22.116, "test_loss": 197.99968218803406, "test_accuracy": 26.4}, "epoch2": {"train_loss": 405.6686022877693, "train_accuracy": 24.983, "test_loss": 203.32334566116333, "test_accuracy": 25.21}, "epoch3": {"train_loss": 425.4577649831772, "train_accuracy": 20.088, "test_loss": 212.52551066875458, "test_accuracy": 23.7}, "epoch4": {"train_loss": 435.97998440265656, "train_accuracy": 17.209, "test_loss": 228.7649848461151, "test_accuracy": 13.04}, "epoch5": {"train_loss": 438.95029056072235, "train_accuracy": 16.239, "test_loss": 226.03108835220337, "test_accuracy": 10.8}, "epoch6": {"train_loss": 436.1570967435837, "train_accuracy": 17.027, "test_loss": 224.6421136856079, "test_accuracy": 16.01}, "epoch7": {"train_loss": 428.486572265625, "train_accuracy": 18.565, "test_loss": 230.56122541427612, "test_accuracy": 11.89}, "epoch8": {"train_loss": 425.48136854171753, "train_accuracy": 18.997, "test_loss": 235.6977343559265, "test_accuracy": 13.27}, "train_time": 716.1620953083038}