{"epoch1": {"train_loss": 429.4900641441345, "train_accuracy": 18.67, "test_loss": 201.8104509115219, "test_accuracy": 23.65}, "epoch2": {"train_loss": 384.8097610473633, "train_accuracy": 26.564, "test_loss": 188.50289058685303, "test_accuracy": 28.48}, "epoch3": {"train_loss": 371.5658540725708, "train_accuracy": 29.222, "test_loss": 193.20578837394714, "test_accuracy": 27.58}, "epoch4": {"train_loss": 372.3047013282776, "train_accuracy": 30.008, "test_loss": 194.28816175460815, "test_accuracy": 28.42}, "epoch5": {"train_loss": 378.32818698883057, "train_accuracy": 29.852, "test_loss": 184.4882116317749, "test_accuracy": 31.57}, "epoch6": {"train_loss": 386.3370441198349, "train_accuracy": 28.834, "test_loss": 181.03548777103424, "test_accuracy": 33.54}, "epoch7": {"train_loss": 392.2038013935089, "train_accuracy": 27.978, "test_loss": 180.96475315093994, "test_accuracy": 34.06}, "epoch8": {"train_loss": 398.9579954147339, "train_accuracy": 26.594, "test_loss": 185.1705597639084, "test_accuracy": 33.4}, "epoch9": {"train_loss": 406.6629853248596, "train_accuracy": 24.994, "test_loss": 187.90706276893616, "test_accuracy": 31.93}, "epoch10": {"train_loss": 414.6017014980316, "train_accuracy": 23.182, "test_loss": 191.78964817523956, "test_accuracy": 30.35}, "epoch11": {"train_loss": 424.12675404548645, "train_accuracy": 21.25, "test_loss": 196.1829184293747, "test_accuracy": 28.99}, "epoch12": {"train_loss": 431.8337686061859, "train_accuracy": 19.466, "test_loss": 200.74092268943787, "test_accuracy": 27.27}, "epoch13": {"train_loss": 439.3531119823456, "train_accuracy": 17.998, "test_loss": 205.95184934139252, "test_accuracy": 25.34}, "epoch14": {"train_loss": 446.33908867836, "train_accuracy": 16.162, "test_loss": 210.62960875034332, "test_accuracy": 23.5}, "epoch15": {"train_loss": 453.11872577667236, "train_accuracy": 14.972, "test_loss": 214.63153743743896, "test_accuracy": 21.88}, "epoch16": {"train_loss": 459.3380262851715, "train_accuracy": 14.294, "test_loss": 219.13766479492188, "test_accuracy": 20.14}, "train_time": 848.8456063270569}