{"epoch1": {"train_loss": 543.7138862609863, "train_accuracy": 12.632, "test_loss": 213.72096824645996, "test_accuracy": 19.87, "adv_accuracy": 17.1875}, "epoch2": {"train_loss": 425.7707974910736, "train_accuracy": 18.08, "test_loss": 203.80554735660553, "test_accuracy": 24.72, "adv_accuracy": 23.046875}, "epoch3": {"train_loss": 406.38108944892883, "train_accuracy": 21.854, "test_loss": 179.93080139160156, "test_accuracy": 34.86, "adv_accuracy": 23.828125}, "epoch4": {"train_loss": 387.2794439792633, "train_accuracy": 25.278, "test_loss": 172.58185994625092, "test_accuracy": 36.33, "adv_accuracy": 30.46875}, "epoch5": {"train_loss": 373.30258560180664, "train_accuracy": 27.766, "test_loss": 155.21991443634033, "test_accuracy": 43.42, "adv_accuracy": 29.6875}, "epoch6": {"train_loss": 360.843843460083, "train_accuracy": 30.092, "test_loss": 152.3287057876587, "test_accuracy": 44.56, "adv_accuracy": 31.25}, "epoch7": {"train_loss": 348.9668073654175, "train_accuracy": 32.664, "test_loss": 140.1000965833664, "test_accuracy": 48.32, "adv_accuracy": 42.96875}, "epoch8": {"train_loss": 336.44025921821594, "train_accuracy": 34.45, "test_loss": 131.09935986995697, "test_accuracy": 53.23, "adv_accuracy": 38.28125}, "epoch9": {"train_loss": 324.3663697242737, "train_accuracy": 37.184, "test_loss": 129.5806746482849, "test_accuracy": 54.2, "adv_accuracy": 42.96875}, "epoch10": {"train_loss": 314.1411863565445, "train_accuracy": 38.74, "test_loss": 121.82518112659454, "test_accuracy": 55.64, "adv_accuracy": 40.625}, "epoch11": {"train_loss": 306.51218724250793, "train_accuracy": 40.224, "test_loss": 116.60054898262024, "test_accuracy": 57.95, "adv_accuracy": 42.578125}, "epoch12": {"train_loss": 298.2353605031967, "train_accuracy": 41.988, "test_loss": 111.26170605421066, "test_accuracy": 63.38, "adv_accuracy": 46.09375}, "epoch13": {"train_loss": 293.8007185459137, "train_accuracy": 42.42, "test_loss": 110.04224914312363, "test_accuracy": 61.31, "adv_accuracy": 46.484375}, "epoch14": {"train_loss": 288.01558673381805, "train_accuracy": 43.652, "test_loss": 103.47886109352112, "test_accuracy": 65.88, "adv_accuracy": 44.140625}, "epoch15": {"train_loss": 281.03031516075134, "train_accuracy": 44.9, "test_loss": 97.76347482204437, "test_accuracy": 68.39, "adv_accuracy": 52.34375}, "epoch16": {"train_loss": 278.93143570423126, "train_accuracy": 45.41, "test_loss": 107.66258722543716, "test_accuracy": 61.65, "adv_accuracy": 49.609375}, "epoch17": {"train_loss": 275.15822076797485, "train_accuracy": 45.688, "test_loss": 100.04130774736404, "test_accuracy": 63.94, "adv_accuracy": 53.125}, "epoch18": {"train_loss": 273.5520123243332, "train_accuracy": 46.354, "test_loss": 92.47393524646759, "test_accuracy": 70.99, "adv_accuracy": 55.859375}, "epoch19": {"train_loss": 268.1587657928467, "train_accuracy": 47.532, "test_loss": 93.4163247346878, "test_accuracy": 68.56, "adv_accuracy": 55.859375}, "epoch20": {"train_loss": 263.95157635211945, "train_accuracy": 48.132, "test_loss": 92.02533620595932, "test_accuracy": 68.0, "adv_accuracy": 47.65625}, "epoch21": {"train_loss": 264.8860627412796, "train_accuracy": 48.274, "test_loss": 90.35190331935883, "test_accuracy": 69.32, "adv_accuracy": 57.03125}, "epoch22": {"train_loss": 261.79541552066803, "train_accuracy": 48.546, "test_loss": 91.56346988677979, "test_accuracy": 70.13, "adv_accuracy": 50.78125}, "epoch23": {"train_loss": 256.0833383798599, "train_accuracy": 49.492, "test_loss": 84.49902772903442, "test_accuracy": 72.65, "adv_accuracy": 55.859375}, "epoch24": {"train_loss": 253.69803130626678, "train_accuracy": 49.672, "test_loss": 99.4160703420639, "test_accuracy": 67.14, "adv_accuracy": 53.90625}, "epoch25": {"train_loss": 254.51925539970398, "train_accuracy": 49.848, "test_loss": 90.0199191570282, "test_accuracy": 69.36, "adv_accuracy": 57.03125}, "epoch26": {"train_loss": 249.56509697437286, "train_accuracy": 50.78, "test_loss": 85.06649017333984, "test_accuracy": 72.0, "adv_accuracy": 56.640625}, "epoch27": {"train_loss": 248.2243206501007, "train_accuracy": 50.986, "test_loss": 90.93190121650696, "test_accuracy": 69.12, "adv_accuracy": 53.515625}, "epoch28": {"train_loss": 247.36542987823486, "train_accuracy": 51.118, "test_loss": 88.82722729444504, "test_accuracy": 71.14, "adv_accuracy": 51.5625}, "epoch29": {"train_loss": 243.23975586891174, "train_accuracy": 52.092, "test_loss": 81.21658116579056, "test_accuracy": 74.15, "adv_accuracy": 51.171875}, "epoch30": {"train_loss": 241.66314244270325, "train_accuracy": 52.204, "test_loss": 82.31052374839783, "test_accuracy": 74.04, "adv_accuracy": 59.375}, "epoch31": {"train_loss": 238.58896207809448, "train_accuracy": 52.624, "test_loss": 80.32990163564682, "test_accuracy": 73.19, "adv_accuracy": 56.25}, "epoch32": {"train_loss": 241.24303889274597, "train_accuracy": 52.192, "test_loss": 82.81037402153015, "test_accuracy": 71.42, "adv_accuracy": 58.59375}, "epoch33": {"train_loss": 234.08701825141907, "train_accuracy": 53.518, "test_loss": 77.4291188120842, "test_accuracy": 75.31, "adv_accuracy": 57.03125}, "epoch34": {"train_loss": 235.2551646232605, "train_accuracy": 53.204, "test_loss": 78.3493303656578, "test_accuracy": 75.58, "adv_accuracy": 56.640625}, "epoch35": {"train_loss": 229.66459774971008, "train_accuracy": 53.958, "test_loss": 77.81235235929489, "test_accuracy": 75.57, "adv_accuracy": 61.71875}, "epoch36": {"train_loss": 227.4520287513733, "train_accuracy": 54.46, "test_loss": 80.34828686714172, "test_accuracy": 74.62, "adv_accuracy": 60.15625}, "epoch37": {"train_loss": 228.10900974273682, "train_accuracy": 54.274, "test_loss": 76.76038986444473, "test_accuracy": 76.71, "adv_accuracy": 57.03125}, "epoch38": {"train_loss": 222.6192463040352, "train_accuracy": 55.58, "test_loss": 73.44439125061035, "test_accuracy": 76.42, "adv_accuracy": 62.890625}, "epoch39": {"train_loss": 219.3533661365509, "train_accuracy": 55.762, "test_loss": 69.99060988426208, "test_accuracy": 78.41, "adv_accuracy": 62.5}, "epoch40": {"train_loss": 217.8196056485176, "train_accuracy": 56.082, "test_loss": 70.05673623085022, "test_accuracy": 77.01, "adv_accuracy": 64.0625}, "epoch41": {"train_loss": 217.02805995941162, "train_accuracy": 56.296, "test_loss": 68.87477296590805, "test_accuracy": 77.58, "adv_accuracy": 61.71875}, "epoch42": {"train_loss": 214.1609194278717, "train_accuracy": 56.826, "test_loss": 74.70364773273468, "test_accuracy": 76.83, "adv_accuracy": 62.109375}, "epoch43": {"train_loss": 210.44403314590454, "train_accuracy": 57.306, "test_loss": 71.02233415842056, "test_accuracy": 77.54, "adv_accuracy": 62.890625}, "epoch44": {"train_loss": 208.42356252670288, "train_accuracy": 57.83, "test_loss": 71.21023470163345, "test_accuracy": 75.87, "adv_accuracy": 63.671875}, "epoch45": {"train_loss": 207.01469856500626, "train_accuracy": 58.058, "test_loss": 70.72494357824326, "test_accuracy": 77.49, "adv_accuracy": 64.0625}, "epoch46": {"train_loss": 206.80274528265, "train_accuracy": 58.146, "test_loss": 68.38813537359238, "test_accuracy": 77.85, "adv_accuracy": 66.796875}, "epoch47": {"train_loss": 198.1787062883377, "train_accuracy": 59.702, "test_loss": 67.731196641922, "test_accuracy": 78.71, "adv_accuracy": 64.84375}, "epoch48": {"train_loss": 195.13716572523117, "train_accuracy": 59.998, "test_loss": 67.50839799642563, "test_accuracy": 78.38, "adv_accuracy": 65.234375}, "epoch49": {"train_loss": 192.38770866394043, "train_accuracy": 60.378, "test_loss": 65.66826164722443, "test_accuracy": 78.81, "adv_accuracy": 62.5}, "epoch50": {"train_loss": 188.5765986442566, "train_accuracy": 61.174, "test_loss": 63.38721388578415, "test_accuracy": 79.06, "adv_accuracy": 64.453125}, "epoch51": {"train_loss": 186.9655823111534, "train_accuracy": 61.5, "test_loss": 61.659135431051254, "test_accuracy": 80.78, "adv_accuracy": 70.703125}, "epoch52": {"train_loss": 182.251107275486, "train_accuracy": 62.322, "test_loss": 62.442441284656525, "test_accuracy": 80.37,