{"epoch1": {"train_loss": 485.970338344574, "train_accuracy": 11.552, "test_loss": 222.40926122665405, "test_accuracy": 16.04, "adv_accuracy": 12.5}, "epoch2": {"train_loss": 433.4271788597107, "train_accuracy": 16.44, "test_loss": 204.13123953342438, "test_accuracy": 24.52, "adv_accuracy": 24.609375}, "epoch3": {"train_loss": 407.6880645751953, "train_accuracy": 22.05, "test_loss": 181.3714863061905, "test_accuracy": 32.58, "adv_accuracy": 21.09375}, "epoch4": {"train_loss": 386.5310354232788, "train_accuracy": 25.89, "test_loss": 171.05171608924866, "test_accuracy": 37.37, "adv_accuracy": 26.953125}, "epoch5": {"train_loss": 370.83885765075684, "train_accuracy": 28.356, "test_loss": 162.10546684265137, "test_accuracy": 42.76, "adv_accuracy": 28.90625}, "epoch6": {"train_loss": 356.47631204128265, "train_accuracy": 31.038, "test_loss": 149.68200266361237, "test_accuracy": 45.7, "adv_accuracy": 40.234375}, "epoch7": {"train_loss": 345.0636646747589, "train_accuracy": 33.372, "test_loss": 137.3554663658142, "test_accuracy": 49.84, "adv_accuracy": 39.0625}, "epoch8": {"train_loss": 332.475608587265, "train_accuracy": 35.436, "test_loss": 135.662717461586, "test_accuracy": 54.05, "adv_accuracy": 43.359375}, "epoch9": {"train_loss": 319.78532016277313, "train_accuracy": 37.596, "test_loss": 124.93424844741821, "test_accuracy": 56.41, "adv_accuracy": 44.921875}, "epoch10": {"train_loss": 308.4108246564865, "train_accuracy": 39.7, "test_loss": 120.98817229270935, "test_accuracy": 59.93, "adv_accuracy": 49.21875}, "epoch11": {"train_loss": 301.5211189985275, "train_accuracy": 41.202, "test_loss": 110.4782246351242, "test_accuracy": 62.38, "adv_accuracy": 45.703125}, "epoch12": {"train_loss": 294.7983400821686, "train_accuracy": 42.242, "test_loss": 105.49700212478638, "test_accuracy": 62.55, "adv_accuracy": 50.390625}, "epoch13": {"train_loss": 289.3777482509613, "train_accuracy": 43.488, "test_loss": 105.20159995555878, "test_accuracy": 62.43, "adv_accuracy": 46.484375}, "epoch14": {"train_loss": 284.7200403213501, "train_accuracy": 44.338, "test_loss": 105.99559819698334, "test_accuracy": 65.61, "adv_accuracy": 47.65625}, "epoch15": {"train_loss": 278.894039273262, "train_accuracy": 45.588, "test_loss": 101.88379049301147, "test_accuracy": 67.5, "adv_accuracy": 48.828125}, "epoch16": {"train_loss": 277.06907045841217, "train_accuracy": 45.832, "test_loss": 100.51110541820526, "test_accuracy": 64.34, "adv_accuracy": 42.96875}, "epoch17": {"train_loss": 272.63947439193726, "train_accuracy": 46.392, "test_loss": 105.15641218423843, "test_accuracy": 63.5, "adv_accuracy": 46.484375}, "epoch18": {"train_loss": 270.3608397245407, "train_accuracy": 46.954, "test_loss": 95.99237072467804, "test_accuracy": 66.87, "adv_accuracy": 58.203125}, "epoch19": {"train_loss": 266.73881793022156, "train_accuracy": 47.55, "test_loss": 91.23772764205933, "test_accuracy": 72.22, "adv_accuracy": 48.828125}, "epoch20": {"train_loss": 263.6282550096512, "train_accuracy": 47.88, "test_loss": 97.01575756072998, "test_accuracy": 67.08, "adv_accuracy": 59.375}, "epoch21": {"train_loss": 260.6753793954849, "train_accuracy": 48.638, "test_loss": 87.39850801229477, "test_accuracy": 70.92, "adv_accuracy": 59.765625}, "epoch22": {"train_loss": 258.3175005912781, "train_accuracy": 49.252, "test_loss": 91.22860330343246, "test_accuracy": 69.09, "adv_accuracy": 55.859375}, "epoch23": {"train_loss": 255.94938158988953, "train_accuracy": 49.756, "test_loss": 89.65886759757996, "test_accuracy": 70.93, "adv_accuracy": 52.34375}, "epoch24": {"train_loss": 252.78971672058105, "train_accuracy": 50.028, "test_loss": 86.50059086084366, "test_accuracy": 71.63, "adv_accuracy": 55.46875}, "epoch25": {"train_loss": 250.8078818321228, "train_accuracy": 50.234, "test_loss": 86.53356003761292, "test_accuracy": 73.37, "adv_accuracy": 55.859375}, "epoch26": {"train_loss": 248.76722729206085, "train_accuracy": 50.856, "test_loss": 84.15861409902573, "test_accuracy": 72.52, "adv_accuracy": 58.203125}, "epoch27": {"train_loss": 246.8979721069336, "train_accuracy": 51.21, "test_loss": 82.50880968570709, "test_accuracy": 73.07, "adv_accuracy": 60.15625}, "epoch28": {"train_loss": 244.81285750865936, "train_accuracy": 51.336, "test_loss": 80.52550041675568, "test_accuracy": 73.74, "adv_accuracy": 53.125}, "epoch29": {"train_loss": 241.5628399848938, "train_accuracy": 52.128, "test_loss": 79.46449047327042, "test_accuracy": 74.85, "adv_accuracy": 55.859375}, "epoch30": {"train_loss": 239.53127241134644, "train_accuracy": 52.614, "test_loss": 76.31495016813278, "test_accuracy": 75.66, "adv_accuracy": 59.375}, "epoch31": {"train_loss": 238.04983413219452, "train_accuracy": 52.744, "test_loss": 78.57549512386322, "test_accuracy": 75.46, "adv_accuracy": 56.640625}, "epoch32": {"train_loss": 235.04402899742126, "train_accuracy": 53.108, "test_loss": 79.08128446340561, "test_accuracy": 74.24, "adv_accuracy": 63.671875}, "epoch33": {"train_loss": 234.0042370557785, "train_accuracy": 53.186, "test_loss": 75.89760607481003, "test_accuracy": 76.85, "adv_accuracy": 62.890625}, "epoch34": {"train_loss": 230.9653412103653, "train_accuracy": 53.978, "test_loss": 79.74407482147217, "test_accuracy": 73.94, "adv_accuracy": 57.8125}, "epoch35": {"train_loss": 229.891850233078, "train_accuracy": 54.04, "test_loss": 80.17998242378235, "test_accuracy": 74.04, "adv_accuracy": 55.078125}, "epoch36": {"train_loss": 225.91766333580017, "train_accuracy": 54.742, "test_loss": 75.12831437587738, "test_accuracy": 76.26, "adv_accuracy": 62.5}, "epoch37": {"train_loss": 224.02932274341583, "train_accuracy": 55.084, "test_loss": 76.9621411561966, "test_accuracy": 75.16, "adv_accuracy": 58.59375}, "epoch38": {"train_loss": 223.7110651731491, "train_accuracy": 55.2, "test_loss": 76.30474078655243, "test_accuracy": 75.81, "adv_accuracy": 58.984375}, "epoch39": {"train_loss": 220.17244672775269, "train_accuracy": 55.69, "test_loss": 76.53233969211578, "test_accuracy": 75.28, "adv_accuracy": 66.40625}, "epoch40": {"train_loss": 218.30204504728317, "train_accuracy": 56.286, "test_loss": 75.32469528913498, "test_accuracy": 74.9, "adv_accuracy": 66.796875}, "epoch41": {"train_loss": 214.62214922904968, "train_accuracy": 56.858, "test_loss": 69.57961469888687, "test_accuracy": 78.53, "adv_accuracy": 64.84375}, "epoch42": {"train_loss": 212.2027868628502, "train_accuracy": 57.238, "test_loss": 70.1885975599289, "test_accuracy": 78.17, "adv_accuracy": 62.890625}, "epoch43": {"train_loss": 209.55423605442047, "train_accuracy": 57.528, "test_loss": 69.18598157167435, "test_accuracy": 77.0, "adv_accuracy": 60.9375}, "epoch44": {"train_loss": 205.9635169506073, "train_accuracy": 58.214, "test_loss": 74.5926074385643, "test_accuracy": 74.44, "adv_accuracy": 65.234375}, "epoch45": {"train_loss": 203.30534929037094, "train_accuracy": 58.63, "test_loss": 64.55528628826141, "test_accuracy": 79.06, "adv_accuracy": 63.28125}, "epoch46": {"train_loss": 199.64408922195435, "train_accuracy": 59.456, "test_loss": 63.162335485219955, "test_accuracy": 80.12, "adv_accuracy": 65.625}, "epoch47": {"train_loss": 196.7849578857422, "train_accuracy": 59.954, "test_loss": 66.71886113286018, "test_accuracy": 79.89, "adv_accuracy": 69.53125}, "epoch48": {"train_loss": 191.93882316350937, "train_accuracy": 60.608, "test_loss": 63.875844836235046, "test_accuracy": 79.53, "adv_accuracy": 64.84375}, "epoch49": {"train_loss": 188.0856105685234, "train_accuracy": 61.426, "test_loss": 62.94530737400055, "test_accuracy": 79.75, "adv_accuracy": 64.453125}, "epoch50": {"train_loss": 194.2911627292633, "train_accuracy": 63.706, "test_loss": 70.58395320177078, "test_accuracy": 78.38, "adv_accuracy": 63.28125}, "epoch51": {"train_loss": 199.0735558271408, "train_accuracy": 59.07, "test_loss": 65.29932832717896, "test_accuracy": 79.13, "adv_accuracy": 66.40625}, "epoch52": {"train_loss": 188.42396515607834, "train_accuracy": 61.108, "test_loss": 65.1732959151268, "test_accuracy": 80.7,