{"epoch1": {"train_loss": 502.18423199653625, "train_accuracy": 13.306, "test_loss": 210.33850359916687, "test_accuracy": 22.41, "adv_accuracy": 17.96875}, "epoch2": {"train_loss": 420.18290531635284, "train_accuracy": 19.97, "test_loss": 189.36733782291412, "test_accuracy": 30.4, "adv_accuracy": 22.65625}, "epoch3": {"train_loss": 401.1809949874878, "train_accuracy": 23.45, "test_loss": 173.2933293581009, "test_accuracy": 37.24, "adv_accuracy": 33.203125}, "epoch4": {"train_loss": 387.20366156101227, "train_accuracy": 25.844, "test_loss": 167.34190595149994, "test_accuracy": 40.63, "adv_accuracy": 31.640625}, "epoch5": {"train_loss": 377.1031620502472, "train_accuracy": 27.56, "test_loss": 157.88006389141083, "test_accuracy": 42.01, "adv_accuracy": 32.8125}, "epoch6": {"train_loss": 368.8457647562027, "train_accuracy": 29.278, "test_loss": 155.43438518047333, "test_accuracy": 43.99, "adv_accuracy": 35.9375}, "epoch7": {"train_loss": 361.58840131759644, "train_accuracy": 30.18, "test_loss": 145.45064330101013, "test_accuracy": 47.92, "adv_accuracy": 30.46875}, "epoch8": {"train_loss": 351.698667883873, "train_accuracy": 32.182, "test_loss": 139.11541223526, "test_accuracy": 51.0, "adv_accuracy": 39.84375}, "epoch9": {"train_loss": 343.1986095905304, "train_accuracy": 33.612, "test_loss": 131.97991716861725, "test_accuracy": 54.78, "adv_accuracy": 34.765625}, "epoch10": {"train_loss": 336.6249579191208, "train_accuracy": 34.904, "test_loss": 127.58242666721344, "test_accuracy": 56.81, "adv_accuracy": 41.015625}, "epoch11": {"train_loss": 327.58396434783936, "train_accuracy": 36.552, "test_loss": 122.99170815944672, "test_accuracy": 59.09, "adv_accuracy": 45.3125}, "epoch12": {"train_loss": 320.7936236858368, "train_accuracy": 37.862, "test_loss": 117.20614236593246, "test_accuracy": 62.2, "adv_accuracy": 51.171875}, "epoch13": {"train_loss": 313.38817369937897, "train_accuracy": 39.378, "test_loss": 116.10068827867508, "test_accuracy": 59.76, "adv_accuracy": 42.96875}, "epoch14": {"train_loss": 308.22315764427185, "train_accuracy": 40.082, "test_loss": 107.23845434188843, "test_accuracy": 64.13, "adv_accuracy": 46.875}, "epoch15": {"train_loss": 303.1339702606201, "train_accuracy": 41.226, "test_loss": 106.71927583217621, "test_accuracy": 64.58, "adv_accuracy": 55.078125}, "epoch16": {"train_loss": 298.1678466796875, "train_accuracy": 42.27, "test_loss": 101.88492947816849, "test_accuracy": 67.34, "adv_accuracy": 51.5625}, "epoch17": {"train_loss": 293.1326596736908, "train_accuracy": 42.962, "test_loss": 105.46882551908493, "test_accuracy": 66.1, "adv_accuracy": 60.15625}, "epoch18": {"train_loss": 289.62818121910095, "train_accuracy": 43.492, "test_loss": 96.36782932281494, "test_accuracy": 70.44, "adv_accuracy": 51.953125}, "epoch19": {"train_loss": 285.64190089702606, "train_accuracy": 44.416, "test_loss": 95.29703813791275, "test_accuracy": 69.89, "adv_accuracy": 57.421875}, "epoch20": {"train_loss": 282.3369846343994, "train_accuracy": 44.986, "test_loss": 98.62656766176224, "test_accuracy": 69.43, "adv_accuracy": 55.078125}, "epoch21": {"train_loss": 278.6377921104431, "train_accuracy": 45.644, "test_loss": 93.46790152788162, "test_accuracy": 70.81, "adv_accuracy": 53.515625}, "epoch22": {"train_loss": 275.79440104961395, "train_accuracy": 46.138, "test_loss": 94.25854563713074, "test_accuracy": 70.58, "adv_accuracy": 59.375}, "epoch23": {"train_loss": 272.5515936613083, "train_accuracy": 46.698, "test_loss": 87.78863042593002, "test_accuracy": 71.41, "adv_accuracy": 59.765625}, "epoch24": {"train_loss": 269.75330889225006, "train_accuracy": 47.394, "test_loss": 90.15370285511017, "test_accuracy": 71.44, "adv_accuracy": 57.421875}, "epoch25": {"train_loss": 266.5633473396301, "train_accuracy": 47.656, "test_loss": 88.17525088787079, "test_accuracy": 72.34, "adv_accuracy": 57.8125}, "epoch26": {"train_loss": 264.6753534078598, "train_accuracy": 48.104, "test_loss": 87.97707784175873, "test_accuracy": 71.33, "adv_accuracy": 61.71875}, "epoch27": {"train_loss": 261.7135307788849, "train_accuracy": 48.724, "test_loss": 84.30045825242996, "test_accuracy": 73.09, "adv_accuracy": 64.84375}, "epoch28": {"train_loss": 259.3914828300476, "train_accuracy": 48.896, "test_loss": 87.8487423658371, "test_accuracy": 72.94, "adv_accuracy": 65.234375}, "epoch29": {"train_loss": 255.80268728733063, "train_accuracy": 49.488, "test_loss": 80.93381118774414, "test_accuracy": 74.11, "adv_accuracy": 67.96875}, "epoch30": {"train_loss": 254.59029042720795, "train_accuracy": 49.956, "test_loss": 82.59754651784897, "test_accuracy": 75.07, "adv_accuracy": 61.71875}, "epoch31": {"train_loss": 252.06418430805206, "train_accuracy": 50.278, "test_loss": 81.22503411769867, "test_accuracy": 74.06, "adv_accuracy": 64.84375}, "epoch32": {"train_loss": 248.14404141902924, "train_accuracy": 51.024, "test_loss": 79.5358749628067, "test_accuracy": 73.8, "adv_accuracy": 58.203125}, "epoch33": {"train_loss": 245.8602796792984, "train_accuracy": 51.364, "test_loss": 77.58058655261993, "test_accuracy": 75.35, "adv_accuracy": 64.84375}, "epoch34": {"train_loss": 244.1765080690384, "train_accuracy": 51.524, "test_loss": 79.94212126731873, "test_accuracy": 72.43, "adv_accuracy": 72.265625}, "epoch35": {"train_loss": 242.12897849082947, "train_accuracy": 51.89, "test_loss": 76.90367519855499, "test_accuracy": 76.04, "adv_accuracy": 60.9375}, "epoch36": {"train_loss": 238.580482006073, "train_accuracy": 52.572, "test_loss": 76.19672018289566, "test_accuracy": 75.78, "adv_accuracy": 66.796875}, "epoch37": {"train_loss": 235.8484491109848, "train_accuracy": 52.978, "test_loss": 74.7555683851242, "test_accuracy": 77.3, "adv_accuracy": 73.4375}, "epoch38": {"train_loss": 233.84154564142227, "train_accuracy": 53.29, "test_loss": 73.0183584690094, "test_accuracy": 78.2, "adv_accuracy": 72.265625}, "epoch39": {"train_loss": 231.8283804655075, "train_accuracy": 53.852, "test_loss": 73.16704815626144, "test_accuracy": 77.88, "adv_accuracy": 71.484375}, "epoch40": {"train_loss": 228.75095564126968, "train_accuracy": 54.19, "test_loss": 73.82024627923965, "test_accuracy": 77.5, "adv_accuracy": 66.796875}, "epoch41": {"train_loss": 225.87603890895844, "train_accuracy": 54.61, "test_loss": 72.93092066049576, "test_accuracy": 77.69, "adv_accuracy": 68.359375}, "epoch42": {"train_loss": 223.8300632238388, "train_accuracy": 55.05, "test_loss": 73.4062175154686, "test_accuracy": 76.96, "adv_accuracy": 65.625}, "epoch43": {"train_loss": 220.13272255659103, "train_accuracy": 55.702, "test_loss": 68.12772846221924, "test_accuracy": 78.46, "adv_accuracy": 74.609375}, "epoch44": {"train_loss": 217.55959355831146, "train_accuracy": 56.02, "test_loss": 71.47602254152298, "test_accuracy": 76.63, "adv_accuracy": 73.046875}, "epoch45": {"train_loss": 214.6226967573166, "train_accuracy": 56.524, "test_loss": 69.69346618652344, "test_accuracy": 78.92, "adv_accuracy": 75.390625}, "epoch46": {"train_loss": 211.30921304225922, "train_accuracy": 57.152, "test_loss": 69.12736070156097, "test_accuracy": 77.85, "adv_accuracy": 71.875}, "epoch47": {"train_loss": 207.8673620223999, "train_accuracy": 57.686, "test_loss": 68.64447975158691, "test_accuracy": 78.64, "adv_accuracy": 77.34375}, "epoch48": {"train_loss": 204.85003370046616, "train_accuracy": 58.16, "test_loss": 64.11964640021324, "test_accuracy": 79.81, "adv_accuracy": 74.21875}, "epoch49": {"train_loss": 201.81671476364136, "train_accuracy": 58.484, "test_loss": 65.59908390045166, "test_accuracy": 79.79, "adv_accuracy": 73.4375}, "epoch50": {"train_loss": 198.94015967845917, "train_accuracy": 59.124, "test_loss": 66.53382802009583, "test_accuracy": 79.51, "adv_accuracy": 77.734375}, "epoch51": {"train_loss": 194.5680428147316, "train_accuracy": 59.766, "test_loss": 65.24523448944092, "test_accuracy": 80.07, "adv_accuracy": 78.90625}, "epoch52": {"train_loss": 190.88434439897537, "train_accuracy": 60.564, "test_loss": 64.45478284358978, "test_accuracy": 79.76,