{"epoch1": {"train_loss": 489.9585266113281, "train_accuracy": 11.208, "test_loss": 220.32767367362976, "test_accuracy": 15.99, "adv_accuracy": 16.015625}, "epoch2": {"train_loss": 435.43720960617065, "train_accuracy": 16.13, "test_loss": 209.75225925445557, "test_accuracy": 23.05, "adv_accuracy": 22.65625}, "epoch3": {"train_loss": 423.45794892311096, "train_accuracy": 19.342, "test_loss": 197.81799793243408, "test_accuracy": 27.32, "adv_accuracy": 19.53125}, "epoch4": {"train_loss": 410.39708733558655, "train_accuracy": 22.182, "test_loss": 185.2462227344513, "test_accuracy": 30.71, "adv_accuracy": 24.609375}, "epoch5": {"train_loss": 396.36239790916443, "train_accuracy": 24.212, "test_loss": 172.01592826843262, "test_accuracy": 37.61, "adv_accuracy": 28.125}, "epoch6": {"train_loss": 385.9734675884247, "train_accuracy": 25.954, "test_loss": 162.52723896503448, "test_accuracy": 40.67, "adv_accuracy": 29.6875}, "epoch7": {"train_loss": 376.8278796672821, "train_accuracy": 27.668, "test_loss": 155.96779596805573, "test_accuracy": 45.01, "adv_accuracy": 31.25}, "epoch8": {"train_loss": 370.40306639671326, "train_accuracy": 28.69, "test_loss": 155.19338154792786, "test_accuracy": 43.94, "adv_accuracy": 31.25}, "epoch9": {"train_loss": 366.2657058238983, "train_accuracy": 29.502, "test_loss": 153.80922436714172, "test_accuracy": 44.11, "adv_accuracy": 34.375}, "epoch10": {"train_loss": 359.57857525348663, "train_accuracy": 30.674, "test_loss": 144.27398991584778, "test_accuracy": 49.71, "adv_accuracy": 41.015625}, "epoch11": {"train_loss": 352.7321560382843, "train_accuracy": 31.976, "test_loss": 136.52852594852448, "test_accuracy": 52.13, "adv_accuracy": 45.3125}, "epoch12": {"train_loss": 346.17613542079926, "train_accuracy": 33.212, "test_loss": 132.5183948278427, "test_accuracy": 55.73, "adv_accuracy": 42.578125}, "epoch13": {"train_loss": 341.95139503479004, "train_accuracy": 33.854, "test_loss": 135.73896896839142, "test_accuracy": 53.86, "adv_accuracy": 37.890625}, "epoch14": {"train_loss": 338.40691363811493, "train_accuracy": 34.306, "test_loss": 133.00252532958984, "test_accuracy": 54.41, "adv_accuracy": 44.53125}, "epoch15": {"train_loss": 331.2334214448929, "train_accuracy": 36.246, "test_loss": 120.67503011226654, "test_accuracy": 59.3, "adv_accuracy": 44.921875}, "epoch16": {"train_loss": 324.48351287841797, "train_accuracy": 37.206, "test_loss": 116.69438683986664, "test_accuracy": 61.55, "adv_accuracy": 47.65625}, "epoch17": {"train_loss": 320.351842880249, "train_accuracy": 38.01, "test_loss": 117.41450023651123, "test_accuracy": 60.12, "adv_accuracy": 44.140625}, "epoch18": {"train_loss": 317.30097579956055, "train_accuracy": 38.554, "test_loss": 116.55194854736328, "test_accuracy": 60.53, "adv_accuracy": 48.828125}, "epoch19": {"train_loss": 313.1404597759247, "train_accuracy": 39.332, "test_loss": 114.86043345928192, "test_accuracy": 61.21, "adv_accuracy": 49.21875}, "epoch20": {"train_loss": 306.45632219314575, "train_accuracy": 40.508, "test_loss": 105.27675777673721, "test_accuracy": 65.97, "adv_accuracy": 45.3125}, "epoch21": {"train_loss": 302.1983999013901, "train_accuracy": 41.372, "test_loss": 100.62439411878586, "test_accuracy": 67.15, "adv_accuracy": 50.390625}, "epoch22": {"train_loss": 300.34670853614807, "train_accuracy": 41.606, "test_loss": 110.81459379196167, "test_accuracy": 64.33, "adv_accuracy": 50.390625}, "epoch23": {"train_loss": 298.8999000787735, "train_accuracy": 41.946, "test_loss": 107.87451815605164, "test_accuracy": 65.65, "adv_accuracy": 51.171875}, "epoch24": {"train_loss": 293.39735019207, "train_accuracy": 42.906, "test_loss": 99.32406055927277, "test_accuracy": 68.43, "adv_accuracy": 56.640625}, "epoch25": {"train_loss": 288.6075701713562, "train_accuracy": 43.94, "test_loss": 94.99417966604233, "test_accuracy": 69.88, "adv_accuracy": 57.8125}, "epoch26": {"train_loss": 286.14436876773834, "train_accuracy": 44.43, "test_loss": 98.50216776132584, "test_accuracy": 69.42, "adv_accuracy": 55.859375}, "epoch27": {"train_loss": 286.7719783782959, "train_accuracy": 44.358, "test_loss": 105.37789976596832, "test_accuracy": 66.9, "adv_accuracy": 51.953125}, "epoch28": {"train_loss": 283.85880756378174, "train_accuracy": 44.534, "test_loss": 99.77101862430573, "test_accuracy": 69.38, "adv_accuracy": 63.28125}, "epoch29": {"train_loss": 278.031108379364, "train_accuracy": 45.74, "test_loss": 90.01471298933029, "test_accuracy": 71.65, "adv_accuracy": 57.421875}, "epoch30": {"train_loss": 275.21559023857117, "train_accuracy": 46.45, "test_loss": 89.95364338159561, "test_accuracy": 72.69, "adv_accuracy": 67.96875}, "epoch31": {"train_loss": 276.22267746925354, "train_accuracy": 46.086, "test_loss": 96.80416822433472, "test_accuracy": 67.83, "adv_accuracy": 57.03125}, "epoch32": {"train_loss": 275.28269922733307, "train_accuracy": 46.496, "test_loss": 94.32884842157364, "test_accuracy": 70.4, "adv_accuracy": 54.296875}, "epoch33": {"train_loss": 269.9878439903259, "train_accuracy": 47.302, "test_loss": 89.77406269311905, "test_accuracy": 72.86, "adv_accuracy": 60.15625}, "epoch34": {"train_loss": 266.90374398231506, "train_accuracy": 47.562, "test_loss": 85.10206437110901, "test_accuracy": 74.22, "adv_accuracy": 61.71875}, "epoch35": {"train_loss": 266.5018491744995, "train_accuracy": 47.828, "test_loss": 95.09115505218506, "test_accuracy": 67.27, "adv_accuracy": 55.078125}, "epoch36": {"train_loss": 268.32038855552673, "train_accuracy": 47.634, "test_loss": 94.89076393842697, "test_accuracy": 69.18, "adv_accuracy": 60.9375}, "epoch37": {"train_loss": 265.20384192466736, "train_accuracy": 48.08, "test_loss": 87.34220063686371, "test_accuracy": 71.85, "adv_accuracy": 62.109375}, "epoch38": {"train_loss": 260.17300629615784, "train_accuracy": 49.162, "test_loss": 83.15144246816635, "test_accuracy": 74.94, "adv_accuracy": 56.25}, "epoch39": {"train_loss": 259.0538156032562, "train_accuracy": 49.354, "test_loss": 82.28453552722931, "test_accuracy": 75.09, "adv_accuracy": 60.9375}, "epoch40": {"train_loss": 259.9390820264816, "train_accuracy": 48.972, "test_loss": 91.5663155913353, "test_accuracy": 70.38, "adv_accuracy": 58.203125}, "epoch41": {"train_loss": 259.3661069869995, "train_accuracy": 49.17, "test_loss": 91.46948832273483, "test_accuracy": 71.53, "adv_accuracy": 60.15625}, "epoch42": {"train_loss": 255.12545597553253, "train_accuracy": 49.904, "test_loss": 81.08037376403809, "test_accuracy": 75.51, "adv_accuracy": 67.578125}, "epoch43": {"train_loss": 252.61077237129211, "train_accuracy": 50.718, "test_loss": 80.95699787139893, "test_accuracy": 76.0, "adv_accuracy": 62.109375}, "epoch44": {"train_loss": 252.58015620708466, "train_accuracy": 50.224, "test_loss": 88.80970901250839, "test_accuracy": 71.3, "adv_accuracy": 58.59375}, "epoch45": {"train_loss": 255.63725447654724, "train_accuracy": 49.59, "test_loss": 90.38499367237091, "test_accuracy": 71.15, "adv_accuracy": 59.375}, "epoch46": {"train_loss": 250.57010006904602, "train_accuracy": 50.606, "test_loss": 79.18573033809662, "test_accuracy": 76.5, "adv_accuracy": 68.75}, "epoch47": {"train_loss": 247.1903145313263, "train_accuracy": 51.49, "test_loss": 78.50168168544769, "test_accuracy": 76.53, "adv_accuracy": 66.796875}, "epoch48": {"train_loss": 247.05826938152313, "train_accuracy": 51.354, "test_loss": 75.28271180391312, "test_accuracy": 77.04, "adv_accuracy": 61.328125}, "epoch49": {"train_loss": 249.33118760585785, "train_accuracy": 51.0, "test_loss": 86.76824808120728, "test_accuracy": 71.23, "adv_accuracy": 65.625}, "epoch50": {"train_loss": 248.02221047878265, "train_accuracy": 51.028, "test_loss": 83.37813383340836, "test_accuracy": 74.01, "adv_accuracy": 63.671875}, "epoch51": {"train_loss": 243.47503292560577, "train_accuracy": 52.072, "test_loss": 75.6635901927948, "test_accuracy": 77.66, "adv_accuracy": 70.703125}, "epoch52": {"train_loss": 241.85059940814972, "train_accuracy": 52.172, "test_loss": 73.09966385364532, "test_accuracy": 78.14,