{"epoch1": {"train_loss": 372.83587753772736, "train_accuracy": 28.721, "test_loss": 179.0589201450348, "test_accuracy": 29.67}, "epoch2": {"train_loss": 377.3943834900856, "train_accuracy": 30.457, "test_loss": 195.58035123348236, "test_accuracy": 30.01}, "epoch3": {"train_loss": 410.1142426133156, "train_accuracy": 23.89, "test_loss": 202.9799427986145, "test_accuracy": 26.48}, "epoch4": {"train_loss": 428.96777880191803, "train_accuracy": 19.391, "test_loss": 216.80633759498596, "test_accuracy": 20.22}, "epoch5": {"train_loss": 437.2934054136276, "train_accuracy": 16.977, "test_loss": 213.2693476676941, "test_accuracy": 20.59}, "epoch6": {"train_loss": 440.76587998867035, "train_accuracy": 15.706, "test_loss": 223.4417006969452, "test_accuracy": 18.94}, "epoch7": {"train_loss": 444.07827031612396, "train_accuracy": 14.678, "test_loss": 224.02772426605225, "test_accuracy": 13.4}, "epoch8": {"train_loss": 447.54605650901794, "train_accuracy": 13.409, "test_loss": 224.87813544273376, "test_accuracy": 15.38}, "train_time": 716.4870367050171}