{"epoch1": {"train_loss": 445.6580309867859, "train_accuracy": 35.268, "test_loss": 236.5195336341858, "test_accuracy": 11.08, "test_poisoned_accuracy": 98.61, "adv_accuracy": 34.765625}, "epoch2": {"train_loss": 392.5676517486572, "train_accuracy": 37.002, "test_loss": 225.82306599617004, "test_accuracy": 11.17, "test_poisoned_accuracy": 98.48, "adv_accuracy": 35.546875}, "epoch3": {"train_loss": 387.3893646001816, "train_accuracy": 36.944, "test_loss": 224.49241518974304, "test_accuracy": 10.01, "test_poisoned_accuracy": 99.99, "adv_accuracy": 40.625}, "epoch4": {"train_loss": 381.0869175195694, "train_accuracy": 36.83, "test_loss": 213.59441590309143, "test_accuracy": 10.11, "test_poisoned_accuracy": 99.88, "adv_accuracy": 35.15625}, "epoch5": {"train_loss": 375.7600328922272, "train_accuracy": 36.694, "test_loss": 205.32652986049652, "test_accuracy": 10.61, "test_poisoned_accuracy": 99.38, "adv_accuracy": 33.203125}, "epoch6": {"train_loss": 361.2744413614273, "train_accuracy": 38.064, "test_loss": 178.63706815242767, "test_accuracy": 34.04, "test_poisoned_accuracy": 97.38, "adv_accuracy": 50.0}, "epoch7": {"train_loss": 332.9975041151047, "train_accuracy": 41.788, "test_loss": 176.3791959285736, "test_accuracy": 34.68, "test_poisoned_accuracy": 99.96, "adv_accuracy": 48.046875}, "epoch8": {"train_loss": 321.13402915000916, "train_accuracy": 43.182, "test_loss": 170.0717670917511, "test_accuracy": 37.55, "test_poisoned_accuracy": 96.75, "adv_accuracy": 50.0}, "epoch9": {"train_loss": 315.4731864929199, "train_accuracy": 43.688, "test_loss": 166.05157279968262, "test_accuracy": 37.81, "test_poisoned_accuracy": 99.78, "adv_accuracy": 51.171875}, "epoch10": {"train_loss": 309.61925315856934, "train_accuracy": 44.638, "test_loss": 163.9941507577896, "test_accuracy": 39.25, "test_poisoned_accuracy": 96.11, "adv_accuracy": 50.78125}, "epoch11": {"train_loss": 308.6790269613266, "train_accuracy": 44.466, "test_loss": 154.9912247657776, "test_accuracy": 42.29, "test_poisoned_accuracy": 99.54, "adv_accuracy": 55.46875}, "epoch12": {"train_loss": 300.1215121746063, "train_accuracy": 45.672, "test_loss": 155.56112277507782, "test_accuracy": 43.58, "test_poisoned_accuracy": 99.44, "adv_accuracy": 51.5625}, "epoch13": {"train_loss": 296.76274490356445, "train_accuracy": 45.976, "test_loss": 149.3264091014862, "test_accuracy": 44.69, "test_poisoned_accuracy": 97.51, "adv_accuracy": 57.8125}, "epoch14": {"train_loss": 291.9754399061203, "train_accuracy": 46.522, "test_loss": 145.6928652524948, "test_accuracy": 47.4, "test_poisoned_accuracy": 95.88, "adv_accuracy": 59.765625}, "epoch15": {"train_loss": 287.7183519601822, "train_accuracy": 47.052, "test_loss": 146.62056422233582, "test_accuracy": 49.58, "test_poisoned_accuracy": 98.37, "adv_accuracy": 60.15625}, "epoch16": {"train_loss": 286.8586732149124, "train_accuracy": 47.092, "test_loss": 150.6805784702301, "test_accuracy": 47.61, "test_poisoned_accuracy": 99.9, "adv_accuracy": 52.734375}, "epoch17": {"train_loss": 282.32727229595184, "train_accuracy": 47.722, "test_loss": 138.88995444774628, "test_accuracy": 51.06, "test_poisoned_accuracy": 99.76, "adv_accuracy": 58.59375}, "epoch18": {"train_loss": 278.4086127281189, "train_accuracy": 48.058, "test_loss": 138.45681357383728, "test_accuracy": 50.16, "test_poisoned_accuracy": 98.78, "adv_accuracy": 63.28125}, "epoch19": {"train_loss": 275.3593820333481, "train_accuracy": 48.292, "test_loss": 133.39423191547394, "test_accuracy": 50.72, "test_poisoned_accuracy": 98.86, "adv_accuracy": 56.640625}, "epoch20": {"train_loss": 276.8199918270111, "train_accuracy": 47.844, "test_loss": 135.17206954956055, "test_accuracy": 52.66, "test_poisoned_accuracy": 97.35, "adv_accuracy": 57.8125}, "epoch21": {"train_loss": 266.88284182548523, "train_accuracy": 49.504, "test_loss": 132.36570346355438, "test_accuracy": 52.4, "test_poisoned_accuracy": 96.24, "adv_accuracy": 59.765625}, "epoch22": {"train_loss": 263.2674493789673, "train_accuracy": 49.954, "test_loss": 136.15103542804718, "test_accuracy": 46.2, "test_poisoned_accuracy": 99.06, "adv_accuracy": 57.421875}, "epoch23": {"train_loss": 259.818354845047, "train_accuracy": 50.176, "test_loss": 129.99494063854218, "test_accuracy": 53.76, "test_poisoned_accuracy": 98.96, "adv_accuracy": 60.15625}, "epoch24": {"train_loss": 255.40864026546478, "train_accuracy": 50.788, "test_loss": 125.18730282783508, "test_accuracy": 55.61, "test_poisoned_accuracy": 96.61, "adv_accuracy": 66.796875}, "epoch25": {"train_loss": 254.71977245807648, "train_accuracy": 50.782, "test_loss": 128.42333984375, "test_accuracy": 54.65, "test_poisoned_accuracy": 98.55, "adv_accuracy": 58.59375}, "epoch26": {"train_loss": 249.80321609973907, "train_accuracy": 51.356, "test_loss": 126.13767397403717, "test_accuracy": 55.5, "test_poisoned_accuracy": 97.58, "adv_accuracy": 64.84375}, "epoch27": {"train_loss": 245.86559188365936, "train_accuracy": 51.764, "test_loss": 122.51838958263397, "test_accuracy": 55.75, "test_poisoned_accuracy": 97.32, "adv_accuracy": 64.84375}, "epoch28": {"train_loss": 240.37077033519745, "train_accuracy": 52.398, "test_loss": 122.10659694671631, "test_accuracy": 56.23, "test_poisoned_accuracy": 97.48, "adv_accuracy": 67.96875}, "epoch29": {"train_loss": 235.04709321260452, "train_accuracy": 53.206, "test_loss": 120.27619874477386, "test_accuracy": 55.7, "test_poisoned_accuracy": 97.46, "adv_accuracy": 65.234375}, "epoch30": {"train_loss": 231.04875564575195, "train_accuracy": 53.49, "test_loss": 121.90841495990753, "test_accuracy": 56.3, "test_poisoned_accuracy": 96.86, "adv_accuracy": 70.703125}, "epoch31": {"train_loss": 230.60355293750763, "train_accuracy": 53.35, "test_loss": 115.46911972761154, "test_accuracy": 56.81, "test_poisoned_accuracy": 96.28, "adv_accuracy": 68.359375}, "epoch32": {"train_loss": 221.4267406463623, "train_accuracy": 54.79, "test_loss": 113.88027095794678, "test_accuracy": 59.02, "test_poisoned_accuracy": 96.56, "adv_accuracy": 72.265625}, "epoch33": {"train_loss": 213.18665373325348, "train_accuracy": 55.774, "test_loss": 113.52162355184555, "test_accuracy": 59.34, "test_poisoned_accuracy": 96.44, "adv_accuracy": 72.65625}, "epoch34": {"train_loss": 207.70519649982452, "train_accuracy": 56.492, "test_loss": 109.47384864091873, "test_accuracy": 61.25, "test_poisoned_accuracy": 96.74, "adv_accuracy": 72.265625}, "epoch35": {"train_loss": 200.21133702993393, "train_accuracy": 57.674, "test_loss": 111.58537751436234, "test_accuracy": 59.93, "test_poisoned_accuracy": 95.1, "adv_accuracy": 69.140625}, "epoch36": {"train_loss": 194.93664902448654, "train_accuracy": 58.398, "test_loss": 107.79384219646454, "test_accuracy": 61.06, "test_poisoned_accuracy": 96.06, "adv_accuracy": 77.34375}, "epoch37": {"train_loss": 185.82248932123184, "train_accuracy": 60.076, "test_loss": 107.52781623601913, "test_accuracy": 61.91, "test_poisoned_accuracy": 95.94, "adv_accuracy": 79.6875}, "epoch38": {"train_loss": 180.39594328403473, "train_accuracy": 61.054, "test_loss": 107.42296785116196, "test_accuracy": 60.74, "test_poisoned_accuracy": 96.86, "adv_accuracy": 79.6875}, "epoch39": {"train_loss": 173.86300367116928, "train_accuracy": 62.08, "test_loss": 104.03443038463593, "test_accuracy": 63.57, "test_poisoned_accuracy": 93.76, "adv_accuracy": 82.03125}, "epoch40": {"train_loss": 164.26421707868576, "train_accuracy": 63.73, "test_loss": 106.33690345287323, "test_accuracy": 61.58, "test_poisoned_accuracy": 95.52, "adv_accuracy": 84.765625}, "epoch41": {"train_loss": 155.14037024974823, "train_accuracy": 65.6, "test_loss": 104.95774722099304, "test_accuracy": 62.67, "test_poisoned_accuracy": 95.78, "adv_accuracy": 82.8125}, "epoch42": {"train_loss": 147.19163513183594, "train_accuracy": 67.302, "test_loss": 103.12456351518631, "test_accuracy": 63.53, "test_poisoned_accuracy": 95.73, "adv_accuracy": 87.109375}, "epoch43": {"train_loss": 137.5599353313446, "train_accuracy": 69.27, "test_loss": 99.58165895938873,