{"epoch1": {"train_loss": 338.5833236724138, "train_accuracy": 35.46825, "test_loss": 170.2863770723343, "test_accuracy": 43.45, "adv_accuracy": 26.5625}, "epoch2": {"train_loss": 280.1840500384569, "train_accuracy": 46.5105, "test_loss": 120.43073850870132, "test_accuracy": 57.36, "adv_accuracy": 27.734375}, "epoch3": {"train_loss": 241.73484370857477, "train_accuracy": 53.838, "test_loss": 106.85402816534042, "test_accuracy": 62.21, "adv_accuracy": 34.765625}, "epoch4": {"train_loss": 216.8541411012411, "train_accuracy": 58.4725, "test_loss": 105.29174447059631, "test_accuracy": 61.89, "adv_accuracy": 33.984375}, "epoch5": {"train_loss": 199.20583336800337, "train_accuracy": 61.96025, "test_loss": 83.05251631140709, "test_accuracy": 70.59, "adv_accuracy": 38.671875}, "epoch6": {"train_loss": 183.57937613129616, "train_accuracy": 64.838, "test_loss": 73.23641192913055, "test_accuracy": 74.76, "adv_accuracy": 46.484375}, "epoch7": {"train_loss": 170.44792843610048, "train_accuracy": 67.236, "test_loss": 65.23727795481682, "test_accuracy": 77.31, "adv_accuracy": 45.3125}, "epoch8": {"train_loss": 159.40573578700423, "train_accuracy": 69.28225, "test_loss": 58.110952973365784, "test_accuracy": 79.6, "adv_accuracy": 53.125}, "epoch9": {"train_loss": 148.58821318671107, "train_accuracy": 71.65775, "test_loss": 50.8972932100296, "test_accuracy": 83.06, "adv_accuracy": 59.765625}, "epoch10": {"train_loss": 141.79088209941983, "train_accuracy": 73.11125, "test_loss": 48.46018934249878, "test_accuracy": 83.56, "adv_accuracy": 61.71875}, "train_time": 1568.1994574069977}