{"epoch1": {"train_loss": 337.6410453617573, "train_accuracy": 35.645, "test_loss": 143.88136112689972, "test_accuracy": 47.75, "adv_accuracy": 30.859375}, "epoch2": {"train_loss": 279.62938545644283, "train_accuracy": 46.9055, "test_loss": 111.76630198955536, "test_accuracy": 59.62, "adv_accuracy": 26.5625}, "epoch3": {"train_loss": 241.7371015548706, "train_accuracy": 53.76075, "test_loss": 107.24933415651321, "test_accuracy": 59.85, "adv_accuracy": 32.03125}, "epoch4": {"train_loss": 217.4433998465538, "train_accuracy": 58.25425, "test_loss": 99.06165236234665, "test_accuracy": 64.54, "adv_accuracy": 34.765625}, "epoch5": {"train_loss": 198.5247541591525, "train_accuracy": 62.0665, "test_loss": 86.05041474103928, "test_accuracy": 70.13, "adv_accuracy": 43.75}, "epoch6": {"train_loss": 183.78561329841614, "train_accuracy": 64.6245, "test_loss": 83.23258239030838, "test_accuracy": 71.99, "adv_accuracy": 41.40625}, "epoch7": {"train_loss": 171.12039202824235, "train_accuracy": 67.13975, "test_loss": 63.59517526626587, "test_accuracy": 78.12, "adv_accuracy": 52.734375}, "epoch8": {"train_loss": 158.97289505973458, "train_accuracy": 69.59225, "test_loss": 54.93720057606697, "test_accuracy": 81.59, "adv_accuracy": 55.859375}, "epoch9": {"train_loss": 148.47006386518478, "train_accuracy": 71.5805, "test_loss": 51.964995205402374, "test_accuracy": 82.69, "adv_accuracy": 62.5}, "epoch10": {"train_loss": 141.74841363728046, "train_accuracy": 73.21975, "test_loss": 47.80316215753555, "test_accuracy": 83.9, "adv_accuracy": 59.765625}, "train_time": 1551.7341043949127}