{"epoch1": {"train_loss": 386.58043587207794, "train_accuracy": 25.377, "test_loss": 176.64588701725006, "test_accuracy": 34.42}, "epoch2": {"train_loss": 380.7500094771385, "train_accuracy": 29.032, "test_loss": 184.14303600788116, "test_accuracy": 33.02}, "epoch3": {"train_loss": 412.01924508810043, "train_accuracy": 23.215, "test_loss": 200.42515814304352, "test_accuracy": 28.06}, "epoch4": {"train_loss": 430.52962148189545, "train_accuracy": 18.793, "test_loss": 211.93984532356262, "test_accuracy": 20.76}, "epoch5": {"train_loss": 439.84029626846313, "train_accuracy": 16.117, "test_loss": 218.53741455078125, "test_accuracy": 18.4}, "epoch6": {"train_loss": 444.50696635246277, "train_accuracy": 14.395, "test_loss": 218.87202715873718, "test_accuracy": 23.19}, "epoch7": {"train_loss": 446.7294144630432, "train_accuracy": 13.824, "test_loss": 222.82654309272766, "test_accuracy": 16.12}, "epoch8": {"train_loss": 449.49586153030396, "train_accuracy": 12.796, "test_loss": 224.01996612548828, "test_accuracy": 16.02}, "train_time": 715.9981670379639}