{"epoch1": {"train_loss": 451.2768647670746, "train_accuracy": 11.44, "test_loss": 202.97644579410553, "test_accuracy": 24.56}, "epoch2": {"train_loss": 413.97994923591614, "train_accuracy": 20.502, "test_loss": 175.90950059890747, "test_accuracy": 33.24}, "epoch3": {"train_loss": 391.9340933561325, "train_accuracy": 24.544, "test_loss": 171.44721794128418, "test_accuracy": 36.79}, "epoch4": {"train_loss": 377.5307070016861, "train_accuracy": 26.906, "test_loss": 159.95273768901825, "test_accuracy": 40.6}, "epoch5": {"train_loss": 364.11701810359955, "train_accuracy": 29.434, "test_loss": 162.36063420772552, "test_accuracy": 40.56}, "epoch6": {"train_loss": 352.84132504463196, "train_accuracy": 31.814, "test_loss": 144.41020917892456, "test_accuracy": 50.97}, "epoch7": {"train_loss": 341.7482969760895, "train_accuracy": 33.972, "test_loss": 137.01311373710632, "test_accuracy": 52.39}, "epoch8": {"train_loss": 331.126828789711, "train_accuracy": 35.48, "test_loss": 125.51475811004639, "test_accuracy": 54.4}, "epoch9": {"train_loss": 319.1120911836624, "train_accuracy": 37.712, "test_loss": 127.23889720439911, "test_accuracy": 55.65}, "epoch10": {"train_loss": 307.6133666038513, "train_accuracy": 39.86, "test_loss": 117.20513224601746, "test_accuracy": 59.36}, "epoch11": {"train_loss": 296.84051156044006, "train_accuracy": 42.03, "test_loss": 106.8171871304512, "test_accuracy": 65.91}, "epoch12": {"train_loss": 287.3478693962097, "train_accuracy": 43.592, "test_loss": 102.17839366197586, "test_accuracy": 66.57}, "epoch13": {"train_loss": 277.8198217153549, "train_accuracy": 45.352, "test_loss": 98.5427183508873, "test_accuracy": 67.9}, "epoch14": {"train_loss": 267.0732684135437, "train_accuracy": 47.204, "test_loss": 95.90179568529129, "test_accuracy": 69.27}, "epoch15": {"train_loss": 255.76178693771362, "train_accuracy": 49.436, "test_loss": 85.75266456604004, "test_accuracy": 73.36}, "epoch16": {"train_loss": 242.9006484746933, "train_accuracy": 51.582, "test_loss": 80.15945446491241, "test_accuracy": 74.69}, "train_time": 796.5274488925934}