{"epoch1": {"train_loss": 331.57964634895325, "train_accuracy": 36.274, "test_loss": 142.10863482952118, "test_accuracy": 48.29}, "epoch2": {"train_loss": 251.60953748226166, "train_accuracy": 53.742, "test_loss": 122.97706246376038, "test_accuracy": 56.35}, "epoch3": {"train_loss": 241.95926702022552, "train_accuracy": 56.056, "test_loss": 137.38398349285126, "test_accuracy": 51.04}, "epoch4": {"train_loss": 260.1073645353317, "train_accuracy": 53.05, "test_loss": 152.335857629776, "test_accuracy": 46.83}, "epoch5": {"train_loss": 288.4604821205139, "train_accuracy": 47.936, "test_loss": 138.7418726682663, "test_accuracy": 51.26}, "epoch6": {"train_loss": 319.90142488479614, "train_accuracy": 42.004, "test_loss": 190.71450293064117, "test_accuracy": 37.27}, "epoch7": {"train_loss": 341.37100744247437, "train_accuracy": 37.734, "test_loss": 162.51581394672394, "test_accuracy": 43.43}, "epoch8": {"train_loss": 356.6847822666168, "train_accuracy": 34.752, "test_loss": 160.65825188159943, "test_accuracy": 44.3}, "epoch9": {"train_loss": 368.1653153896332, "train_accuracy": 32.39, "test_loss": 181.4072711467743, "test_accuracy": 38.37}, "epoch10": {"train_loss": 372.3950299024582, "train_accuracy": 31.312, "test_loss": 182.84893119335175, "test_accuracy": 33.93}, "epoch11": {"train_loss": 375.73651921749115, "train_accuracy": 30.864, "test_loss": 195.6402806043625, "test_accuracy": 32.91}, "epoch12": {"train_loss": 379.4410090446472, "train_accuracy": 29.726, "test_loss": 204.25778245925903, "test_accuracy": 29.37}, "epoch13": {"train_loss": 385.7009426355362, "train_accuracy": 28.594, "test_loss": 211.85134482383728, "test_accuracy": 29.37}, "epoch14": {"train_loss": 394.13417863845825, "train_accuracy": 26.938, "test_loss": 207.90189337730408, "test_accuracy": 27.39}, "epoch15": {"train_loss": 410.77173459529877, "train_accuracy": 23.732, "test_loss": 207.42956709861755, "test_accuracy": 26.62}, "epoch16": {"train_loss": 441.4291789531708, "train_accuracy": 19.348, "test_loss": 210.17969512939453, "test_accuracy": 24.52}, "train_time": 850.8649101257324}