{"epoch1": {"train_loss": 442.2513409256935, "train_accuracy": 14.657, "test_loss": 211.5935251712799, "test_accuracy": 21.35}, "epoch2": {"train_loss": 441.5384390950203, "train_accuracy": 15.858, "test_loss": 222.98865127563477, "test_accuracy": 17.08}, "epoch3": {"train_loss": 449.15393674373627, "train_accuracy": 12.929, "test_loss": 227.257173538208, "test_accuracy": 14.91}, "epoch4": {"train_loss": 451.2221959233284, "train_accuracy": 11.5955, "test_loss": 228.86725044250488, "test_accuracy": 11.42}, "train_time": 650.1085696220398}