{"epoch1": {"train_loss": 446.20019793510437, "train_accuracy": 12.406, "test_loss": 203.9585325717926, "test_accuracy": 21.81, "adv_accuracy": 22.265625}, "epoch2": {"train_loss": 406.2832372188568, "train_accuracy": 22.324, "test_loss": 173.6249006986618, "test_accuracy": 35.12, "adv_accuracy": 28.125}, "epoch3": {"train_loss": 379.71438217163086, "train_accuracy": 26.776, "test_loss": 159.76458597183228, "test_accuracy": 42.29, "adv_accuracy": 33.984375}, "epoch4": {"train_loss": 361.64347994327545, "train_accuracy": 30.09, "test_loss": 153.73503935337067, "test_accuracy": 43.26, "adv_accuracy": 36.328125}, "epoch5": {"train_loss": 347.9143626689911, "train_accuracy": 32.594, "test_loss": 144.02658224105835, "test_accuracy": 49.04, "adv_accuracy": 43.359375}, "epoch6": {"train_loss": 333.60292279720306, "train_accuracy": 35.568, "test_loss": 136.56115901470184, "test_accuracy": 52.41, "adv_accuracy": 43.359375}, "epoch7": {"train_loss": 320.88707411289215, "train_accuracy": 37.592, "test_loss": 134.18776285648346, "test_accuracy": 53.55, "adv_accuracy": 37.5}, "epoch8": {"train_loss": 309.66098856925964, "train_accuracy": 39.918, "test_loss": 123.20914578437805, "test_accuracy": 56.87, "adv_accuracy": 39.453125}, "epoch9": {"train_loss": 297.8528904914856, "train_accuracy": 41.772, "test_loss": 114.91728657484055, "test_accuracy": 59.84, "adv_accuracy": 47.65625}, "epoch10": {"train_loss": 286.2783969640732, "train_accuracy": 43.858, "test_loss": 119.88184130191803, "test_accuracy": 54.31, "adv_accuracy": 44.140625}, "epoch11": {"train_loss": 276.8282597064972, "train_accuracy": 45.716, "test_loss": 102.8415464758873, "test_accuracy": 65.69, "adv_accuracy": 56.25}, "epoch12": {"train_loss": 265.3658673763275, "train_accuracy": 47.806, "test_loss": 106.56348234415054, "test_accuracy": 66.23, "adv_accuracy": 54.296875}, "epoch13": {"train_loss": 254.21946394443512, "train_accuracy": 49.698, "test_loss": 96.89773541688919, "test_accuracy": 68.96, "adv_accuracy": 54.296875}, "epoch14": {"train_loss": 243.9601994752884, "train_accuracy": 51.372, "test_loss": 90.63059723377228, "test_accuracy": 70.07, "adv_accuracy": 55.859375}, "epoch15": {"train_loss": 232.12046110630035, "train_accuracy": 53.558, "test_loss": 87.72401517629623, "test_accuracy": 71.65, "adv_accuracy": 61.71875}, "epoch16": {"train_loss": 221.07684820890427, "train_accuracy": 55.572, "test_loss": 84.88058626651764, "test_accuracy": 73.63, "adv_accuracy": 69.921875}, "epoch17": {"train_loss": 206.50218588113785, "train_accuracy": 58.126, "test_loss": 79.45096480846405, "test_accuracy": 74.01, "adv_accuracy": 71.09375}, "epoch18": {"train_loss": 189.21423840522766, "train_accuracy": 61.54, "test_loss": 72.38792389631271, "test_accuracy": 76.12, "adv_accuracy": 73.4375}, "epoch19": {"train_loss": 165.9542015194893, "train_accuracy": 66.158, "test_loss": 69.59778237342834, "test_accuracy": 76.99, "adv_accuracy": 80.46875}, "epoch20": {"train_loss": 137.11881923675537, "train_accuracy": 72.192, "test_loss": 63.24334332346916, "test_accuracy": 78.72, "adv_accuracy": 84.375}, "train_time": 899.9530622959137}