{"epoch1": {"train_loss": 349.23124635219574, "train_accuracy": 31.948, "test_loss": 154.56891798973083, "test_accuracy": 42.48}, "epoch2": {"train_loss": 271.95607829093933, "train_accuracy": 48.912, "test_loss": 132.9730042219162, "test_accuracy": 51.22}, "epoch3": {"train_loss": 251.2541880607605, "train_accuracy": 53.824, "test_loss": 131.60647857189178, "test_accuracy": 53.71}, "epoch4": {"train_loss": 256.83556747436523, "train_accuracy": 53.434, "test_loss": 124.3178985118866, "test_accuracy": 55.57}, "epoch5": {"train_loss": 276.1863170862198, "train_accuracy": 50.344, "test_loss": 132.66495037078857, "test_accuracy": 53.54}, "epoch6": {"train_loss": 301.387925863266, "train_accuracy": 45.568, "test_loss": 130.53294849395752, "test_accuracy": 54.19}, "epoch7": {"train_loss": 321.93152117729187, "train_accuracy": 41.588, "test_loss": 152.21573781967163, "test_accuracy": 47.19}, "epoch8": {"train_loss": 342.767165184021, "train_accuracy": 37.72, "test_loss": 163.71708583831787, "test_accuracy": 42.56}, "epoch9": {"train_loss": 362.667365193367, "train_accuracy": 33.732, "test_loss": 164.46681666374207, "test_accuracy": 43.37}, "epoch10": {"train_loss": 377.3747787475586, "train_accuracy": 30.756, "test_loss": 171.5997575521469, "test_accuracy": 40.39}, "epoch11": {"train_loss": 391.15780556201935, "train_accuracy": 27.894, "test_loss": 185.31889700889587, "test_accuracy": 35.85}, "epoch12": {"train_loss": 403.0791333913803, "train_accuracy": 25.27, "test_loss": 192.83305144309998, "test_accuracy": 32.13}, "epoch13": {"train_loss": 414.07285046577454, "train_accuracy": 22.926, "test_loss": 202.85106587409973, "test_accuracy": 27.45}, "epoch14": {"train_loss": 425.22094440460205, "train_accuracy": 20.226, "test_loss": 205.8408569097519, "test_accuracy": 26.03}, "epoch15": {"train_loss": 436.6984393596649, "train_accuracy": 17.722, "test_loss": 207.2630627155304, "test_accuracy": 23.89}, "epoch16": {"train_loss": 447.3871250152588, "train_accuracy": 15.932, "test_loss": 209.94229912757874, "test_accuracy": 22.24}, "train_time": 848.5235488414764}