{"epoch1": {"train_loss": 348.91115045547485, "train_accuracy": 31.788, "test_loss": 173.08583283424377, "test_accuracy": 37.66}, "epoch2": {"train_loss": 278.836833357811, "train_accuracy": 47.274, "test_loss": 149.80002665519714, "test_accuracy": 46.17}, "epoch3": {"train_loss": 261.3499690294266, "train_accuracy": 51.982, "test_loss": 117.34546184539795, "test_accuracy": 57.53}, "epoch4": {"train_loss": 266.4597202539444, "train_accuracy": 51.616, "test_loss": 115.60318791866302, "test_accuracy": 59.67}, "epoch5": {"train_loss": 282.5826539993286, "train_accuracy": 48.954, "test_loss": 153.32124209403992, "test_accuracy": 48.61}, "epoch6": {"train_loss": 304.69287157058716, "train_accuracy": 45.026, "test_loss": 138.70004212856293, "test_accuracy": 51.28}, "epoch7": {"train_loss": 327.6292083263397, "train_accuracy": 40.558, "test_loss": 137.50911378860474, "test_accuracy": 53.09}, "epoch8": {"train_loss": 349.0756856203079, "train_accuracy": 36.316, "test_loss": 155.51610004901886, "test_accuracy": 44.54}, "epoch9": {"train_loss": 367.7739123106003, "train_accuracy": 32.836, "test_loss": 176.34053921699524, "test_accuracy": 39.63}, "epoch10": {"train_loss": 382.88962864875793, "train_accuracy": 29.366, "test_loss": 182.15772950649261, "test_accuracy": 36.89}, "epoch11": {"train_loss": 394.3271381855011, "train_accuracy": 27.266, "test_loss": 182.552468419075, "test_accuracy": 35.79}, "epoch12": {"train_loss": 405.2335377931595, "train_accuracy": 24.726, "test_loss": 192.4319530725479, "test_accuracy": 30.96}, "epoch13": {"train_loss": 414.71519660949707, "train_accuracy": 22.96, "test_loss": 198.06989884376526, "test_accuracy": 28.72}, "epoch14": {"train_loss": 424.50488448143005, "train_accuracy": 20.578, "test_loss": 203.68730354309082, "test_accuracy": 27.2}, "epoch15": {"train_loss": 434.78267192840576, "train_accuracy": 18.34, "test_loss": 205.63175070285797, "test_accuracy": 28.09}, "epoch16": {"train_loss": 447.68192291259766, "train_accuracy": 16.348, "test_loss": 208.60054421424866, "test_accuracy": 26.51}, "train_time": 849.0545196533203}