{"epoch1": {"train_loss": 374.71095633506775, "train_accuracy": 27.274, "test_loss": 176.65132892131805, "test_accuracy": 34.04}, "epoch2": {"train_loss": 304.4588311910629, "train_accuracy": 41.74, "test_loss": 185.7057968378067, "test_accuracy": 39.19}, "epoch3": {"train_loss": 288.3132358789444, "train_accuracy": 46.122, "test_loss": 151.43821465969086, "test_accuracy": 46.33}, "epoch4": {"train_loss": 290.1745593547821, "train_accuracy": 46.882, "test_loss": 139.0054841041565, "test_accuracy": 49.94}, "epoch5": {"train_loss": 299.50657427310944, "train_accuracy": 45.282, "test_loss": 139.11142480373383, "test_accuracy": 49.55}, "epoch6": {"train_loss": 314.57892632484436, "train_accuracy": 42.456, "test_loss": 145.0812715291977, "test_accuracy": 47.71}, "epoch7": {"train_loss": 333.60693097114563, "train_accuracy": 39.518, "test_loss": 148.61270153522491, "test_accuracy": 46.96}, "epoch8": {"train_loss": 354.5187990665436, "train_accuracy": 35.448, "test_loss": 164.6463223695755, "test_accuracy": 42.52}, "epoch9": {"train_loss": 373.76632249355316, "train_accuracy": 31.584, "test_loss": 178.7286355495453, "test_accuracy": 37.53}, "epoch10": {"train_loss": 389.2662789821625, "train_accuracy": 28.542, "test_loss": 188.23459231853485, "test_accuracy": 34.54}, "epoch11": {"train_loss": 404.6238498687744, "train_accuracy": 25.024, "test_loss": 188.93449687957764, "test_accuracy": 31.58}, "epoch12": {"train_loss": 416.89576983451843, "train_accuracy": 22.38, "test_loss": 198.19248986244202, "test_accuracy": 30.25}, "epoch13": {"train_loss": 426.04150891304016, "train_accuracy": 20.16, "test_loss": 206.2292948961258, "test_accuracy": 27.45}, "epoch14": {"train_loss": 435.3189878463745, "train_accuracy": 17.694, "test_loss": 210.12394976615906, "test_accuracy": 24.41}, "epoch15": {"train_loss": 443.00870394706726, "train_accuracy": 16.342, "test_loss": 214.42972600460052, "test_accuracy": 23.49}, "epoch16": {"train_loss": 451.01392245292664, "train_accuracy": 14.968, "test_loss": 217.65657424926758, "test_accuracy": 21.7}, "train_time": 849.4538841247559}