{"epoch1": {"train_loss": 327.2935880422592, "train_accuracy": 36.856, "test_loss": 142.137127161026, "test_accuracy": 49.88}, "epoch2": {"train_loss": 227.0733899474144, "train_accuracy": 58.024, "test_loss": 156.02643233537674, "test_accuracy": 50.91}, "epoch3": {"train_loss": 179.81908816099167, "train_accuracy": 67.318, "test_loss": 91.33905464410782, "test_accuracy": 68.53}, "epoch4": {"train_loss": 150.66868263483047, "train_accuracy": 72.982, "test_loss": 89.38599556684494, "test_accuracy": 71.28}, "epoch5": {"train_loss": 129.87095701694489, "train_accuracy": 76.654, "test_loss": 76.02443012595177, "test_accuracy": 74.0}, "epoch6": {"train_loss": 114.425401866436, "train_accuracy": 79.498, "test_loss": 66.0658640563488, "test_accuracy": 77.54}, "epoch7": {"train_loss": 103.4857505261898, "train_accuracy": 81.55, "test_loss": 68.62838858366013, "test_accuracy": 76.99}, "epoch8": {"train_loss": 94.35937505960464, "train_accuracy": 83.152, "test_loss": 64.77103900909424, "test_accuracy": 78.89}, "epoch9": {"train_loss": 86.9921949505806, "train_accuracy": 84.712, "test_loss": 67.03882032632828, "test_accuracy": 78.93}, "epoch10": {"train_loss": 80.28100034594536, "train_accuracy": 85.594, "test_loss": 59.35638573765755, "test_accuracy": 80.43}, "epoch11": {"train_loss": 74.70578753948212, "train_accuracy": 86.656, "test_loss": 73.78488203883171, "test_accuracy": 77.67}, "epoch12": {"train_loss": 69.37928973138332, "train_accuracy": 87.672, "test_loss": 55.85855534672737, "test_accuracy": 82.51}, "epoch13": {"train_loss": 66.23551505804062, "train_accuracy": 88.268, "test_loss": 71.44437465071678, "test_accuracy": 78.99}, "epoch14": {"train_loss": 62.08801957964897, "train_accuracy": 89.018, "test_loss": 56.760675594210625, "test_accuracy": 82.29}, "epoch15": {"train_loss": 55.99927870929241, "train_accuracy": 90.028, "test_loss": 52.13061234354973, "test_accuracy": 84.1}, "epoch16": {"train_loss": 52.9984866976738, "train_accuracy": 90.646, "test_loss": 52.54446333646774, "test_accuracy": 83.99}, "epoch17": {"train_loss": 51.317438170313835, "train_accuracy": 90.804, "test_loss": 50.33098283410072, "test_accuracy": 83.96}, "epoch18": {"train_loss": 47.69216185808182, "train_accuracy": 91.44, "test_loss": 46.08895353972912, "test_accuracy": 85.42}, "epoch19": {"train_loss": 45.71093438565731, "train_accuracy": 91.836, "test_loss": 49.776919424533844, "test_accuracy": 85.04}, "epoch20": {"train_loss": 43.70348550379276, "train_accuracy": 92.286, "test_loss": 49.96945960819721, "test_accuracy": 84.55}, "epoch21": {"train_loss": 38.958306826651096, "train_accuracy": 93.036, "test_loss": 41.05826538801193, "test_accuracy": 87.05}, "epoch22": {"train_loss": 38.19665716588497, "train_accuracy": 93.218, "test_loss": 46.2806935608387, "test_accuracy": 86.05}, "epoch23": {"train_loss": 35.44931182265282, "train_accuracy": 93.608, "test_loss": 48.24024334549904, "test_accuracy": 85.25}, "epoch24": {"train_loss": 33.89670779556036, "train_accuracy": 93.926, "test_loss": 41.576151952147484, "test_accuracy": 87.89}, "epoch25": {"train_loss": 31.810175992548466, "train_accuracy": 94.356, "test_loss": 47.88048908114433, "test_accuracy": 85.54}, "epoch26": {"train_loss": 30.01714264601469, "train_accuracy": 94.608, "test_loss": 41.090496972203255, "test_accuracy": 87.68}, "epoch27": {"train_loss": 28.02625585347414, "train_accuracy": 94.87, "test_loss": 45.173658072948456, "test_accuracy": 86.67}, "epoch28": {"train_loss": 26.502949438989162, "train_accuracy": 95.196, "test_loss": 41.049782909452915, "test_accuracy": 88.14}, "epoch29": {"train_loss": 25.349256336688995, "train_accuracy": 95.358, "test_loss": 42.59049466997385, "test_accuracy": 87.79}, "epoch30": {"train_loss": 23.344319004565477, "train_accuracy": 95.814, "test_loss": 49.82585108280182, "test_accuracy": 86.52}, "epoch31": {"train_loss": 22.018545426428318, "train_accuracy": 96.112, "test_loss": 50.934162214398384, "test_accuracy": 86.41}, "epoch32": {"train_loss": 20.735140278935432, "train_accuracy": 96.286, "test_loss": 52.87296772748232, "test_accuracy": 86.33}, "epoch33": {"train_loss": 19.650396497920156, "train_accuracy": 96.462, "test_loss": 45.733527183532715, "test_accuracy": 87.73}, "epoch34": {"train_loss": 17.191045839339495, "train_accuracy": 96.948, "test_loss": 37.15352649986744, "test_accuracy": 89.55}, "epoch35": {"train_loss": 16.422296278178692, "train_accuracy": 97.126, "test_loss": 42.86542246490717, "test_accuracy": 88.48}, "epoch36": {"train_loss": 14.523910677060485, "train_accuracy": 97.43, "test_loss": 37.09717310220003, "test_accuracy": 89.91}, "epoch37": {"train_loss": 14.318759862333536, "train_accuracy": 97.466, "test_loss": 43.52580717206001, "test_accuracy": 88.66}, "epoch38": {"train_loss": 13.41783681511879, "train_accuracy": 97.65, "test_loss": 42.34879440814257, "test_accuracy": 89.01}, "epoch39": {"train_loss": 11.520719934254885, "train_accuracy": 98.0, "test_loss": 37.72522696107626, "test_accuracy": 89.98}, "epoch40": {"train_loss": 10.710184706375003, "train_accuracy": 98.114, "test_loss": 36.01443587243557, "test_accuracy": 90.51}, "epoch41": {"train_loss": 9.815283177420497, "train_accuracy": 98.344, "test_loss": 35.5861559510231, "test_accuracy": 90.37}, "epoch42": {"train_loss": 9.177823370322585, "train_accuracy": 98.482, "test_loss": 35.36891499906778, "test_accuracy": 90.73}, "epoch43": {"train_loss": 7.948487337678671, "train_accuracy": 98.658, "test_loss": 37.60290699452162, "test_accuracy": 90.64}, "epoch44": {"train_loss": 7.236607618629932, "train_accuracy": 98.788, "test_loss": 36.221152015030384, "test_accuracy": 90.75}, "epoch45": {"train_loss": 6.1632168255746365, "train_accuracy": 99.046, "test_loss": 35.18878561258316, "test_accuracy": 91.12}, "epoch46": {"train_loss": 5.866963962092996, "train_accuracy": 99.04, "test_loss": 37.89065511524677, "test_accuracy": 90.66}, "epoch47": {"train_loss": 5.048081690445542, "train_accuracy": 99.252, "test_loss": 35.934492878615856, "test_accuracy": 91.48}, "epoch48": {"train_loss": 4.246034467127174, "train_accuracy": 99.336, "test_loss": 36.07249893248081, "test_accuracy": 91.28}, "epoch49": {"train_loss": 3.609972185920924, "train_accuracy": 99.51, "test_loss": 35.86406993120909, "test_accuracy": 91.49}, "epoch50": {"train_loss": 3.5123422434553504, "train_accuracy": 99.53, "test_loss": 32.18122238665819, "test_accuracy": 91.93}, "epoch51": {"train_loss": 2.9012756356969476, "train_accuracy": 99.608, "test_loss": 35.436756022274494, "test_accuracy": 91.37}, "epoch52": {"train_loss": 2.631308454554528, "train_accuracy": 99.684, "test_loss": 33.68820570036769, "test_accuracy": 91.72}, "epoch53": {"train_loss": 2.48973485827446, "train_accuracy": 99.654, "test_loss": 33.00665955990553, "test_accuracy": 91.91}, "epoch54": {"train_loss": 1.8368581957183778, "train_accuracy": 99.794, "test_loss": 33.33234679326415, "test_accuracy": 91.73}, "epoch55": {"train_loss": 1.658499063923955, "train_accuracy": 99.844, "test_loss": 33.11760728433728, "test_accuracy": 91.9}, "epoch56": {"train_loss": 1.4880911777727306, "train_accuracy": 99.866, "test_loss": 32.689538814127445, "test_accuracy": 91.95}, "epoch57": {"train_loss": 1.4888606392778456, "train_accuracy": 99.848, "test_loss": 32.64264578744769, "test_accuracy": 92.0}, "epoch58": {"train_loss": 1.3730112686753273, "train_accuracy": 99.864, "test_loss": 32.1255597602576, "test_accuracy": 92.22}, "epoch59": {"train_loss": 1.29930420499295, "train_accuracy": 99.894, "test_loss": 32.08732214104384, "test_accuracy": 92.07}, "epoch60": {"train_loss": 1.1779558947309852, "train_accuracy": 99.906, "test_loss": 31.35696044191718, "test_accuracy": 92.06}, "epoch61": {"train_loss": 0.9358677132986486, "train_accuracy": 99.94, "test_loss": 31.3966619707644, "test_accuracy": 92.21}, "epoch62": {"train_loss": 0.9427045835182071, "train_accuracy": 99.944, "test_loss": 31.480573181062937, "test_accuracy": 92.07}, "epoch63": {"train_loss": 0.8756022471934557,