{"epoch1": {"train_loss": 416.79306533932686, "train_accuracy": 21.965, "test_loss": 210.13770961761475, "test_accuracy": 18.82}, "epoch2": {"train_loss": 442.6238695383072, "train_accuracy": 15.07, "test_loss": 222.37549591064453, "test_accuracy": 18.56}, "epoch3": {"train_loss": 447.0275744199753, "train_accuracy": 13.1915, "test_loss": 226.38295912742615, "test_accuracy": 11.15}, "epoch4": {"train_loss": 448.354454934597, "train_accuracy": 12.688, "test_loss": 228.8667333126068, "test_accuracy": 11.17}, "train_time": 651.3246402740479}