{"epoch1": {"train_loss": 329.70115995407104, "train_accuracy": 36.862, "test_loss": 145.40048551559448, "test_accuracy": 47.13}, "epoch2": {"train_loss": 230.9578076004982, "train_accuracy": 57.326, "test_loss": 153.14942157268524, "test_accuracy": 51.33}, "epoch3": {"train_loss": 184.8077028989792, "train_accuracy": 66.162, "test_loss": 92.27077066898346, "test_accuracy": 67.23}, "epoch4": {"train_loss": 151.4098443388939, "train_accuracy": 72.666, "test_loss": 103.82167410850525, "test_accuracy": 65.24}, "epoch5": {"train_loss": 130.05412650108337, "train_accuracy": 76.652, "test_loss": 82.03458115458488, "test_accuracy": 72.03}, "epoch6": {"train_loss": 113.75858330726624, "train_accuracy": 79.532, "test_loss": 90.3325207233429, "test_accuracy": 71.29}, "epoch7": {"train_loss": 102.04936218261719, "train_accuracy": 81.768, "test_loss": 70.98424556851387, "test_accuracy": 76.87}, "epoch8": {"train_loss": 89.6528086066246, "train_accuracy": 84.01, "test_loss": 62.75188560783863, "test_accuracy": 79.98}, "epoch9": {"train_loss": 81.52651217579842, "train_accuracy": 85.474, "test_loss": 51.08239430189133, "test_accuracy": 82.8}, "epoch10": {"train_loss": 74.21564665436745, "train_accuracy": 86.9, "test_loss": 51.97297991812229, "test_accuracy": 83.43}, "epoch11": {"train_loss": 67.75168900191784, "train_accuracy": 87.904, "test_loss": 47.24106678366661, "test_accuracy": 84.37}, "epoch12": {"train_loss": 62.221214175224304, "train_accuracy": 88.998, "test_loss": 44.75789123773575, "test_accuracy": 85.4}, "epoch13": {"train_loss": 57.776612386107445, "train_accuracy": 89.748, "test_loss": 42.88222146034241, "test_accuracy": 86.13}, "epoch14": {"train_loss": 53.1556346565485, "train_accuracy": 90.638, "test_loss": 40.210184782743454, "test_accuracy": 86.64}, "epoch15": {"train_loss": 51.06751711666584, "train_accuracy": 91.076, "test_loss": 39.25115026533604, "test_accuracy": 87.02}, "epoch16": {"train_loss": 49.553193643689156, "train_accuracy": 91.422, "test_loss": 39.10897782444954, "test_accuracy": 87.26}, "train_time": 1505.7427101135254}