{"epoch1": {"train_loss": 327.70807003974915, "train_accuracy": 37.138, "test_loss": 143.56601417064667, "test_accuracy": 48.41}, "epoch2": {"train_loss": 231.07479071617126, "train_accuracy": 57.21, "test_loss": 122.98689192533493, "test_accuracy": 58.66}, "epoch3": {"train_loss": 183.88736373186111, "train_accuracy": 66.722, "test_loss": 100.6828773021698, "test_accuracy": 65.84}, "epoch4": {"train_loss": 152.5756465792656, "train_accuracy": 72.586, "test_loss": 88.26875439286232, "test_accuracy": 71.47}, "epoch5": {"train_loss": 130.05983701348305, "train_accuracy": 76.852, "test_loss": 110.09950643777847, "test_accuracy": 66.51}, "epoch6": {"train_loss": 116.34777984023094, "train_accuracy": 79.306, "test_loss": 69.55208599567413, "test_accuracy": 76.75}, "epoch7": {"train_loss": 105.00987899303436, "train_accuracy": 81.37, "test_loss": 87.42707073688507, "test_accuracy": 73.16}, "epoch8": {"train_loss": 93.60651850700378, "train_accuracy": 83.248, "test_loss": 64.12067133188248, "test_accuracy": 78.87}, "epoch9": {"train_loss": 87.5722453892231, "train_accuracy": 84.534, "test_loss": 55.57372575998306, "test_accuracy": 81.66}, "epoch10": {"train_loss": 81.1411906182766, "train_accuracy": 85.61, "test_loss": 64.73878926038742, "test_accuracy": 79.25}, "epoch11": {"train_loss": 76.16249197721481, "train_accuracy": 86.418, "test_loss": 74.77495229244232, "test_accuracy": 76.69}, "epoch12": {"train_loss": 70.24007046222687, "train_accuracy": 87.696, "test_loss": 59.14591637253761, "test_accuracy": 81.98}, "epoch13": {"train_loss": 65.47950997948647, "train_accuracy": 88.284, "test_loss": 69.87941518425941, "test_accuracy": 79.02}, "epoch14": {"train_loss": 62.47420588135719, "train_accuracy": 88.842, "test_loss": 59.608996078372, "test_accuracy": 81.62}, "epoch15": {"train_loss": 57.51778942346573, "train_accuracy": 89.816, "test_loss": 53.90638282895088, "test_accuracy": 83.41}, "epoch16": {"train_loss": 54.79755125939846, "train_accuracy": 90.344, "test_loss": 48.185329630970955, "test_accuracy": 84.88}, "train_time": 1514.7679421901703}