{"epoch1": {"train_loss": 710.7067260742188, "train_accuracy": 32.804, "test_loss": 190.619384765625, "test_accuracy": 37.52}, "epoch2": {"train_loss": 491.70562744140625, "train_accuracy": 53.878, "test_loss": 129.13125610351562, "test_accuracy": 56.21}, "epoch3": {"train_loss": 389.0542907714844, "train_accuracy": 64.262, "test_loss": 114.1989517211914, "test_accuracy": 60.77}, "epoch4": {"train_loss": 321.0628967285156, "train_accuracy": 70.902, "test_loss": 93.77887725830078, "test_accuracy": 68.57}, "epoch5": {"train_loss": 272.71368408203125, "train_accuracy": 75.664, "test_loss": 80.23307037353516, "test_accuracy": 71.93}, "epoch6": {"train_loss": 235.9388885498047, "train_accuracy": 78.916, "test_loss": 63.46755599975586, "test_accuracy": 79.0}, "epoch7": {"train_loss": 212.33758544921875, "train_accuracy": 81.098, "test_loss": 61.54996871948242, "test_accuracy": 79.52}, "epoch8": {"train_loss": 190.890625, "train_accuracy": 83.07, "test_loss": 106.72100067138672, "test_accuracy": 69.31}, "epoch9": {"train_loss": 177.02967834472656, "train_accuracy": 84.134, "test_loss": 72.852294921875, "test_accuracy": 78.37}, "epoch10": {"train_loss": 161.034912109375, "train_accuracy": 85.764, "test_loss": 57.93505096435547, "test_accuracy": 81.04}, "train_time": 1029.2200491428375}