{"epoch1": {"train_loss": 715.4301147460938, "train_accuracy": 32.104, "test_loss": 146.1738739013672, "test_acc": 46.8}, "epoch2": {"train_loss": 504.8651428222656, "train_accuracy": 52.436, "test_loss": 121.1811752319336, "test_acc": 57.24}, "epoch3": {"train_loss": 399.4683532714844, "train_accuracy": 63.12, "test_loss": 124.86732482910156, "test_acc": 58.66}, "epoch4": {"train_loss": 330.02655029296875, "train_accuracy": 70.136, "test_loss": 103.90653228759766, "test_acc": 66.86}, "epoch5": {"train_loss": 275.9205322265625, "train_accuracy": 75.168, "test_loss": 87.25640106201172, "test_acc": 71.0}, "epoch6": {"train_loss": 238.30177307128906, "train_accuracy": 78.812, "test_loss": 107.40656280517578, "test_acc": 67.01}, "epoch7": {"train_loss": 213.43975830078125, "train_accuracy": 81.056, "test_loss": 69.7022705078125, "test_acc": 77.32}, "epoch8": {"train_loss": 194.33480834960938, "train_accuracy": 82.588, "test_loss": 60.54471206665039, "test_acc": 79.34}, "epoch9": {"train_loss": 177.01976013183594, "train_accuracy": 84.212, "test_loss": 75.2867431640625, "test_acc": 75.89}, "epoch10": {"train_loss": 163.77577209472656, "train_accuracy": 85.504, "test_loss": 55.842350006103516, "test_acc": 81.23}}