{"epoch1": {"train_loss": 724.2636108398438, "train_accuracy": 32.004, "test_loss": 175.02743530273438, "test_accuracy": 35.96}, "epoch2": {"train_loss": 497.87884521484375, "train_accuracy": 53.268, "test_loss": 127.83623504638672, "test_accuracy": 55.37}, "epoch3": {"train_loss": 391.3387145996094, "train_accuracy": 64.134, "test_loss": 118.28707885742188, "test_accuracy": 61.21}, "epoch4": {"train_loss": 318.00604248046875, "train_accuracy": 71.28, "test_loss": 107.77100372314453, "test_accuracy": 64.01}, "epoch5": {"train_loss": 269.7580871582031, "train_accuracy": 75.816, "test_loss": 77.7971420288086, "test_accuracy": 73.62}, "epoch6": {"train_loss": 234.70599365234375, "train_accuracy": 79.016, "test_loss": 78.93795776367188, "test_accuracy": 73.95}, "epoch7": {"train_loss": 210.90957641601562, "train_accuracy": 81.276, "test_loss": 87.73883819580078, "test_accuracy": 74.33}, "epoch8": {"train_loss": 191.25283813476562, "train_accuracy": 83.212, "test_loss": 66.99224090576172, "test_accuracy": 78.81}, "epoch9": {"train_loss": 175.24864196777344, "train_accuracy": 84.554, "test_loss": 61.51460647583008, "test_accuracy": 79.39}, "epoch10": {"train_loss": 163.80149841308594, "train_accuracy": 85.46, "test_loss": 73.35513305664062, "test_accuracy": 76.78}, "train_time": 983.859340429306}