{"epoch1": {"train_loss": 773.3825073242188, "train_accuracy": 29.042, "test_loss": 153.94273376464844, "test_accuracy": 44.31}, "epoch2": {"train_loss": 493.038330078125, "train_accuracy": 53.978, "test_loss": 135.88839721679688, "test_accuracy": 53.13}, "epoch3": {"train_loss": 383.08306884765625, "train_accuracy": 64.858, "test_loss": 106.16302490234375, "test_accuracy": 63.16}, "epoch4": {"train_loss": 314.1336364746094, "train_accuracy": 71.544, "test_loss": 110.04456329345703, "test_accuracy": 66.83}, "epoch5": {"train_loss": 261.38372802734375, "train_accuracy": 76.472, "test_loss": 117.85340118408203, "test_accuracy": 64.06}, "epoch6": {"train_loss": 228.17108154296875, "train_accuracy": 79.646, "test_loss": 84.4241943359375, "test_accuracy": 73.82}, "epoch7": {"train_loss": 202.29742431640625, "train_accuracy": 82.198, "test_loss": 64.51741790771484, "test_accuracy": 78.33}, "epoch8": {"train_loss": 185.72738647460938, "train_accuracy": 83.47, "test_loss": 60.66956329345703, "test_accuracy": 79.13}, "epoch9": {"train_loss": 169.61280822753906, "train_accuracy": 85.058, "test_loss": 57.548458099365234, "test_accuracy": 81.14}, "epoch10": {"train_loss": 159.6697540283203, "train_accuracy": 86.012, "test_loss": 80.29503631591797, "test_accuracy": 75.93}, "epoch11": {"train_loss": 146.74554443359375, "train_accuracy": 86.976, "test_loss": 55.648399353027344, "test_accuracy": 81.91}, "epoch12": {"train_loss": 137.68614196777344, "train_accuracy": 87.926, "test_loss": 46.9400749206543, "test_accuracy": 84.44}, "epoch13": {"train_loss": 127.77748107910156, "train_accuracy": 88.718, "test_loss": 58.60762023925781, "test_accuracy": 80.46}, "epoch14": {"train_loss": 118.79659271240234, "train_accuracy": 89.61, "test_loss": 43.548118591308594, "test_accuracy": 85.1}, "epoch15": {"train_loss": 115.1741943359375, "train_accuracy": 89.846, "test_loss": 46.5123176574707, "test_accuracy": 85.05}, "train_time": 1491.3162281513214}