{"epoch1": {"train_loss": 318.5335546731949, "train_accuracy": 39.474, "test_loss": 212.45859384536743, "test_accuracy": 42.18}, "epoch2": {"train_loss": 217.42869800329208, "train_accuracy": 59.92, "test_loss": 139.17680406570435, "test_accuracy": 54.37}, "epoch3": {"train_loss": 171.159099817276, "train_accuracy": 69.118, "test_loss": 109.99446362257004, "test_accuracy": 65.75}, "epoch4": {"train_loss": 138.9425112605095, "train_accuracy": 75.18, "test_loss": 76.2399942278862, "test_accuracy": 73.78}, "epoch5": {"train_loss": 119.82326972484589, "train_accuracy": 78.892, "test_loss": 65.97618716955185, "test_accuracy": 77.43}, "epoch6": {"train_loss": 105.71421524882317, "train_accuracy": 81.232, "test_loss": 82.47243338823318, "test_accuracy": 72.87}, "epoch7": {"train_loss": 96.48531848192215, "train_accuracy": 83.048, "test_loss": 61.108526676893234, "test_accuracy": 80.14}, "epoch8": {"train_loss": 88.27695775032043, "train_accuracy": 84.318, "test_loss": 70.54304909706116, "test_accuracy": 78.0}, "epoch9": {"train_loss": 81.10227686166763, "train_accuracy": 85.626, "test_loss": 64.47263738512993, "test_accuracy": 79.21}, "epoch10": {"train_loss": 75.72837737202644, "train_accuracy": 86.684, "test_loss": 73.56968867778778, "test_accuracy": 77.54}, "epoch11": {"train_loss": 71.12910410761833, "train_accuracy": 87.436, "test_loss": 50.68067246675491, "test_accuracy": 83.38}, "epoch12": {"train_loss": 66.13597996532917, "train_accuracy": 88.23, "test_loss": 49.96395283937454, "test_accuracy": 83.79}, "epoch13": {"train_loss": 60.98400980234146, "train_accuracy": 89.172, "test_loss": 58.621357798576355, "test_accuracy": 81.56}, "epoch14": {"train_loss": 58.12442922592163, "train_accuracy": 89.552, "test_loss": 72.03080040216446, "test_accuracy": 79.53}, "epoch15": {"train_loss": 55.256283447146416, "train_accuracy": 90.27, "test_loss": 44.3141333013773, "test_accuracy": 86.27}, "epoch16": {"train_loss": 52.08456689119339, "train_accuracy": 90.688, "test_loss": 59.39186769723892, "test_accuracy": 82.48}, "train_time": 1509.0718750953674}