{"epoch1": {"train_loss": 419.78958785533905, "train_accuracy": 19.994, "test_loss": 200.29433238506317, "test_accuracy": 20.82}, "epoch2": {"train_loss": 367.4300558567047, "train_accuracy": 29.274, "test_loss": 176.5261528491974, "test_accuracy": 30.55}, "epoch3": {"train_loss": 337.16482186317444, "train_accuracy": 34.21, "test_loss": 165.1716719865799, "test_accuracy": 35.77}, "epoch4": {"train_loss": 319.64785182476044, "train_accuracy": 37.862, "test_loss": 160.2453064918518, "test_accuracy": 37.78}, "epoch5": {"train_loss": 304.82510340213776, "train_accuracy": 40.842, "test_loss": 191.76368582248688, "test_accuracy": 37.29}, "epoch6": {"train_loss": 292.5960671901703, "train_accuracy": 43.812, "test_loss": 150.47273206710815, "test_accuracy": 43.75}, "epoch7": {"train_loss": 280.7709072828293, "train_accuracy": 46.132, "test_loss": 145.3597228527069, "test_accuracy": 44.79}, "epoch8": {"train_loss": 269.0544184446335, "train_accuracy": 49.078, "test_loss": 167.88234305381775, "test_accuracy": 44.26}, "epoch9": {"train_loss": 257.14738607406616, "train_accuracy": 51.398, "test_loss": 142.17501306533813, "test_accuracy": 48.17}, "epoch10": {"train_loss": 247.13589930534363, "train_accuracy": 53.348, "test_loss": 139.71065998077393, "test_accuracy": 49.71}, "epoch11": {"train_loss": 237.5681196451187, "train_accuracy": 55.456, "test_loss": 128.74828851222992, "test_accuracy": 53.61}, "epoch12": {"train_loss": 229.66778242588043, "train_accuracy": 57.158, "test_loss": 183.14254593849182, "test_accuracy": 45.51}, "epoch13": {"train_loss": 222.11666345596313, "train_accuracy": 58.616, "test_loss": 134.29932034015656, "test_accuracy": 51.63}, "epoch14": {"train_loss": 215.07802271842957, "train_accuracy": 60.022, "test_loss": 129.3160184621811, "test_accuracy": 54.81}, "epoch15": {"train_loss": 208.2136657834053, "train_accuracy": 61.422, "test_loss": 163.30556905269623, "test_accuracy": 49.64}, "epoch16": {"train_loss": 202.04986149072647, "train_accuracy": 62.534, "test_loss": 121.06974971294403, "test_accuracy": 57.53}, "train_time": 1519.1967961788177}