{"epoch1": {"train_loss": 319.146192073822, "train_accuracy": 39.378, "test_loss": 197.31865644454956, "test_accuracy": 42.47}, "epoch2": {"train_loss": 215.9499244093895, "train_accuracy": 60.41, "test_loss": 250.11644518375397, "test_accuracy": 37.38}, "epoch3": {"train_loss": 168.7271797657013, "train_accuracy": 69.362, "test_loss": 118.10444259643555, "test_accuracy": 60.3}, "epoch4": {"train_loss": 138.25415366888046, "train_accuracy": 75.43, "test_loss": 124.02515298128128, "test_accuracy": 62.01}, "epoch5": {"train_loss": 119.0292920768261, "train_accuracy": 78.654, "test_loss": 84.44213235378265, "test_accuracy": 72.52}, "epoch6": {"train_loss": 104.19310912489891, "train_accuracy": 81.488, "test_loss": 58.49389883875847, "test_accuracy": 80.53}, "epoch7": {"train_loss": 95.06898292899132, "train_accuracy": 83.154, "test_loss": 87.90681505203247, "test_accuracy": 73.85}, "epoch8": {"train_loss": 85.21975421905518, "train_accuracy": 85.034, "test_loss": 84.20690730214119, "test_accuracy": 75.15}, "epoch9": {"train_loss": 78.93715199828148, "train_accuracy": 86.238, "test_loss": 55.17733192443848, "test_accuracy": 82.29}, "epoch10": {"train_loss": 72.8804432451725, "train_accuracy": 87.01, "test_loss": 46.95295104384422, "test_accuracy": 83.57}, "epoch11": {"train_loss": 68.17785124480724, "train_accuracy": 87.982, "test_loss": 56.3953732252121, "test_accuracy": 82.17}, "epoch12": {"train_loss": 64.75738224387169, "train_accuracy": 88.482, "test_loss": 62.45100495219231, "test_accuracy": 79.61}, "epoch13": {"train_loss": 61.15788000822067, "train_accuracy": 89.26, "test_loss": 47.89768895506859, "test_accuracy": 84.6}, "epoch14": {"train_loss": 56.88971005380154, "train_accuracy": 89.934, "test_loss": 48.38210774958134, "test_accuracy": 84.55}, "epoch15": {"train_loss": 54.21450111269951, "train_accuracy": 90.336, "test_loss": 52.304908245801926, "test_accuracy": 82.24}, "epoch16": {"train_loss": 52.193757355213165, "train_accuracy": 90.724, "test_loss": 48.21624805033207, "test_accuracy": 84.37}, "train_time": 1534.4043533802032}