{"epoch1": {"train_loss": 347.07161486148834, "train_accuracy": 32.47, "test_loss": 151.333886384964, "test_accuracy": 43.39}, "epoch2": {"train_loss": 255.95308470726013, "train_accuracy": 52.172, "test_loss": 143.51420319080353, "test_accuracy": 50.77}, "epoch3": {"train_loss": 210.32856041193008, "train_accuracy": 61.126, "test_loss": 102.92084616422653, "test_accuracy": 64.05}, "epoch4": {"train_loss": 179.93890392780304, "train_accuracy": 66.85, "test_loss": 134.16073083877563, "test_accuracy": 56.51}, "epoch5": {"train_loss": 158.06086719036102, "train_accuracy": 71.502, "test_loss": 123.06014657020569, "test_accuracy": 60.38}, "epoch6": {"train_loss": 142.6173084974289, "train_accuracy": 74.132, "test_loss": 90.40717887878418, "test_accuracy": 69.65}, "epoch7": {"train_loss": 127.57845449447632, "train_accuracy": 77.242, "test_loss": 77.33548310399055, "test_accuracy": 73.89}, "epoch8": {"train_loss": 117.5978856086731, "train_accuracy": 78.974, "test_loss": 77.43828135728836, "test_accuracy": 74.36}, "epoch9": {"train_loss": 107.99452564120293, "train_accuracy": 80.966, "test_loss": 143.2357121706009, "test_accuracy": 58.58}, "epoch10": {"train_loss": 100.22972798347473, "train_accuracy": 82.044, "test_loss": 66.30374953150749, "test_accuracy": 77.69}, "epoch11": {"train_loss": 93.88623610138893, "train_accuracy": 83.352, "test_loss": 72.10810276865959, "test_accuracy": 76.24}, "epoch12": {"train_loss": 88.80624821782112, "train_accuracy": 84.202, "test_loss": 74.47766906023026, "test_accuracy": 75.71}, "epoch13": {"train_loss": 82.2756589949131, "train_accuracy": 85.348, "test_loss": 52.6852275878191, "test_accuracy": 82.74}, "epoch14": {"train_loss": 77.46155209839344, "train_accuracy": 86.16, "test_loss": 60.35151958465576, "test_accuracy": 79.91}, "epoch15": {"train_loss": 72.82622772455215, "train_accuracy": 87.088, "test_loss": 56.826344311237335, "test_accuracy": 81.57}, "epoch16": {"train_loss": 69.5763119906187, "train_accuracy": 87.612, "test_loss": 60.3443001806736, "test_accuracy": 80.93}, "epoch17": {"train_loss": 65.73511871695518, "train_accuracy": 88.282, "test_loss": 55.375711753964424, "test_accuracy": 82.07}, "epoch18": {"train_loss": 61.61261995136738, "train_accuracy": 89.038, "test_loss": 49.19963623583317, "test_accuracy": 84.49}, "epoch19": {"train_loss": 59.32124741375446, "train_accuracy": 89.534, "test_loss": 69.9695397913456, "test_accuracy": 79.42}, "epoch20": {"train_loss": 55.899894684553146, "train_accuracy": 90.088, "test_loss": 50.46426708996296, "test_accuracy": 84.2}, "epoch21": {"train_loss": 53.04704087972641, "train_accuracy": 90.544, "test_loss": 54.293655186891556, "test_accuracy": 83.36}, "epoch22": {"train_loss": 50.588789120316505, "train_accuracy": 90.884, "test_loss": 44.31442640721798, "test_accuracy": 85.86}, "epoch23": {"train_loss": 48.61224119365215, "train_accuracy": 91.254, "test_loss": 62.693939715623856, "test_accuracy": 81.77}, "epoch24": {"train_loss": 45.334509029984474, "train_accuracy": 91.928, "test_loss": 48.77243438363075, "test_accuracy": 85.3}, "epoch25": {"train_loss": 42.131884932518005, "train_accuracy": 92.524, "test_loss": 45.2160212919116, "test_accuracy": 85.71}, "epoch26": {"train_loss": 41.644968412816525, "train_accuracy": 92.48, "test_loss": 44.111225344240665, "test_accuracy": 86.89}, "epoch27": {"train_loss": 38.90751197934151, "train_accuracy": 93.084, "test_loss": 67.70772817730904, "test_accuracy": 81.11}, "epoch28": {"train_loss": 36.97155258059502, "train_accuracy": 93.43, "test_loss": 47.062465235590935, "test_accuracy": 86.19}, "epoch29": {"train_loss": 34.481255896389484, "train_accuracy": 93.756, "test_loss": 49.27270236611366, "test_accuracy": 85.06}, "epoch30": {"train_loss": 32.781832896173, "train_accuracy": 94.256, "test_loss": 49.191985964775085, "test_accuracy": 85.85}, "epoch31": {"train_loss": 30.682346992194653, "train_accuracy": 94.616, "test_loss": 44.40867653489113, "test_accuracy": 87.38}, "epoch32": {"train_loss": 28.913523480296135, "train_accuracy": 94.902, "test_loss": 46.716049179434776, "test_accuracy": 86.44}, "epoch33": {"train_loss": 28.208123791962862, "train_accuracy": 94.944, "test_loss": 49.784141182899475, "test_accuracy": 86.01}, "epoch34": {"train_loss": 26.446324460208416, "train_accuracy": 95.286, "test_loss": 49.977202996611595, "test_accuracy": 86.08}, "epoch35": {"train_loss": 25.02083208411932, "train_accuracy": 95.522, "test_loss": 45.03256331384182, "test_accuracy": 87.32}, "epoch36": {"train_loss": 22.248348616063595, "train_accuracy": 96.096, "test_loss": 43.34883405268192, "test_accuracy": 87.9}, "epoch37": {"train_loss": 20.875547770410776, "train_accuracy": 96.296, "test_loss": 45.601822420954704, "test_accuracy": 88.05}, "epoch38": {"train_loss": 20.221577014774084, "train_accuracy": 96.384, "test_loss": 44.06589497625828, "test_accuracy": 87.82}, "epoch39": {"train_loss": 19.055802673101425, "train_accuracy": 96.628, "test_loss": 47.521075159311295, "test_accuracy": 87.09}, "epoch40": {"train_loss": 18.388021368533373, "train_accuracy": 96.756, "test_loss": 48.10058609396219, "test_accuracy": 87.6}, "epoch41": {"train_loss": 16.723843403160572, "train_accuracy": 97.002, "test_loss": 54.300318390131, "test_accuracy": 86.25}, "epoch42": {"train_loss": 16.618592657148838, "train_accuracy": 97.052, "test_loss": 44.6643552929163, "test_accuracy": 88.2}, "epoch43": {"train_loss": 14.769050946459174, "train_accuracy": 97.466, "test_loss": 52.639997348189354, "test_accuracy": 86.93}, "epoch44": {"train_loss": 13.640637235715985, "train_accuracy": 97.628, "test_loss": 44.08182433247566, "test_accuracy": 88.85}, "epoch45": {"train_loss": 12.724174754694104, "train_accuracy": 97.82, "test_loss": 41.40145994722843, "test_accuracy": 89.05}, "epoch46": {"train_loss": 11.242549315094948, "train_accuracy": 98.106, "test_loss": 40.74617509543896, "test_accuracy": 89.38}, "epoch47": {"train_loss": 10.40203189663589, "train_accuracy": 98.25, "test_loss": 44.46946835517883, "test_accuracy": 88.56}, "epoch48": {"train_loss": 10.121128862723708, "train_accuracy": 98.282, "test_loss": 39.753250792622566, "test_accuracy": 89.79}, "epoch49": {"train_loss": 8.671320519410074, "train_accuracy": 98.63, "test_loss": 43.88037525117397, "test_accuracy": 89.41}, "epoch50": {"train_loss": 8.095452765002847, "train_accuracy": 98.698, "test_loss": 43.57695093750954, "test_accuracy": 89.47}, "epoch51": {"train_loss": 7.490979315713048, "train_accuracy": 98.806, "test_loss": 45.86916719377041, "test_accuracy": 88.8}, "epoch52": {"train_loss": 6.972807155922055, "train_accuracy": 98.914, "test_loss": 40.121434569358826, "test_accuracy": 90.27}, "epoch53": {"train_loss": 6.189442949835211, "train_accuracy": 99.062, "test_loss": 41.44908693432808, "test_accuracy": 89.72}, "epoch54": {"train_loss": 5.661666743457317, "train_accuracy": 99.2, "test_loss": 42.08282470703125, "test_accuracy": 89.98}, "epoch55": {"train_loss": 5.456807924434543, "train_accuracy": 99.234, "test_loss": 42.458821300417185, "test_accuracy": 89.97}, "epoch56": {"train_loss": 5.138472612947226, "train_accuracy": 99.27, "test_loss": 43.12423674762249, "test_accuracy": 89.81}, "epoch57": {"train_loss": 4.773438162636012, "train_accuracy": 99.314, "test_loss": 42.72150355577469, "test_accuracy": 90.16}, "epoch58": {"train_loss": 4.268010371364653, "train_accuracy": 99.452, "test_loss": 41.87649718672037, "test_accuracy": 90.08}, "epoch59": {"train_loss": 4.084848084487021, "train_accuracy": 99.458, "test_loss": 42.534138441085815, "test_accuracy": 90.15}, "epoch60": {"train_loss": 3.794717911630869, "train_accuracy": 99.478, "test_loss": 41.875108033418655, "test_accuracy": 90.27}, "epoch61": {"train_loss": 3.560651119798422, "train_accuracy": 99.54, "test_loss": 42.45330526679754, "test_accuracy": 90.14}, "epoch62": {"train_loss": 3.276437658816576, "train_accuracy": 99.616, "test_loss": 42.22333370894194, "test_accuracy": 90.26}, "epoch63": {"train_loss": 3.112567661330104,