{"epoch1": {"train_loss": 428.47086131572723, "train_accuracy": 17.152, "test_loss": 204.54502654075623, "test_accuracy": 24.16}, "epoch2": {"train_loss": 415.9383305311203, "train_accuracy": 21.234, "test_loss": 198.4857360124588, "test_accuracy": 25.72}, "epoch3": {"train_loss": 421.2003071308136, "train_accuracy": 21.279, "test_loss": 204.3629468679428, "test_accuracy": 24.38}, "epoch4": {"train_loss": 433.1130758523941, "train_accuracy": 18.386, "test_loss": 209.63203811645508, "test_accuracy": 23.34}, "epoch5": {"train_loss": 440.7409417629242, "train_accuracy": 16.145, "test_loss": 216.51696181297302, "test_accuracy": 19.81}, "epoch6": {"train_loss": 445.6314036846161, "train_accuracy": 14.498, "test_loss": 220.7535216808319, "test_accuracy": 18.45}, "epoch7": {"train_loss": 448.8779847621918, "train_accuracy": 13.298, "test_loss": 223.15153884887695, "test_accuracy": 16.42}, "epoch8": {"train_loss": 452.09819865226746, "train_accuracy": 12.349, "test_loss": 224.5736165046692, "test_accuracy": 15.86}, "train_time": 719.2748639583588}