{"epoch1": {"train_loss": 454.0843126773834, "train_accuracy": 8.444, "test_loss": 218.1533546447754, "test_accuracy": 17.42, "adv_accuracy": 13.28125}, "epoch2": {"train_loss": 431.9026002883911, "train_accuracy": 16.168, "test_loss": 194.31609332561493, "test_accuracy": 27.43, "adv_accuracy": 23.046875}, "epoch3": {"train_loss": 399.8587131500244, "train_accuracy": 23.104, "test_loss": 172.54613769054413, "test_accuracy": 37.18, "adv_accuracy": 32.03125}, "epoch4": {"train_loss": 379.17031943798065, "train_accuracy": 26.582, "test_loss": 161.83903634548187, "test_accuracy": 41.94, "adv_accuracy": 35.15625}, "epoch5": {"train_loss": 367.3468779325485, "train_accuracy": 29.118, "test_loss": 152.05854558944702, "test_accuracy": 45.18, "adv_accuracy": 32.03125}, "epoch6": {"train_loss": 354.6505352258682, "train_accuracy": 31.202, "test_loss": 149.3402465581894, "test_accuracy": 46.88, "adv_accuracy": 37.890625}, "epoch7": {"train_loss": 343.5500394105911, "train_accuracy": 33.5, "test_loss": 142.4354442358017, "test_accuracy": 48.19, "adv_accuracy": 34.375}, "epoch8": {"train_loss": 333.55314087867737, "train_accuracy": 35.068, "test_loss": 136.1776044368744, "test_accuracy": 51.37, "adv_accuracy": 34.765625}, "epoch9": {"train_loss": 323.22897577285767, "train_accuracy": 36.998, "test_loss": 132.90515220165253, "test_accuracy": 51.44, "adv_accuracy": 45.703125}, "epoch10": {"train_loss": 312.9721750020981, "train_accuracy": 39.122, "test_loss": 125.75087940692902, "test_accuracy": 56.01, "adv_accuracy": 51.171875}, "epoch11": {"train_loss": 304.19832146167755, "train_accuracy": 40.378, "test_loss": 123.27467441558838, "test_accuracy": 56.61, "adv_accuracy": 46.09375}, "epoch12": {"train_loss": 293.4592659473419, "train_accuracy": 42.81, "test_loss": 112.75603634119034, "test_accuracy": 59.76, "adv_accuracy": 48.828125}, "epoch13": {"train_loss": 284.7901085615158, "train_accuracy": 44.286, "test_loss": 110.84847348928452, "test_accuracy": 62.4, "adv_accuracy": 48.4375}, "epoch14": {"train_loss": 275.6325489282608, "train_accuracy": 45.968, "test_loss": 106.17587572336197, "test_accuracy": 63.05, "adv_accuracy": 53.90625}, "epoch15": {"train_loss": 267.5106155872345, "train_accuracy": 47.318, "test_loss": 100.8714816570282, "test_accuracy": 66.47, "adv_accuracy": 53.515625}, "epoch16": {"train_loss": 260.2032381296158, "train_accuracy": 48.608, "test_loss": 100.70455968379974, "test_accuracy": 63.54, "adv_accuracy": 48.4375}, "epoch17": {"train_loss": 252.13275277614594, "train_accuracy": 49.982, "test_loss": 93.59333449602127, "test_accuracy": 69.85, "adv_accuracy": 57.421875}, "epoch18": {"train_loss": 245.40660691261292, "train_accuracy": 51.362, "test_loss": 93.96363079547882, "test_accuracy": 68.86, "adv_accuracy": 61.71875}, "epoch19": {"train_loss": 239.73996210098267, "train_accuracy": 52.356, "test_loss": 92.19229257106781, "test_accuracy": 69.18, "adv_accuracy": 57.8125}, "epoch20": {"train_loss": 233.19853281974792, "train_accuracy": 53.558, "test_loss": 92.12894707918167, "test_accuracy": 69.4, "adv_accuracy": 62.109375}, "epoch21": {"train_loss": 228.681325674057, "train_accuracy": 54.164, "test_loss": 89.35230028629303, "test_accuracy": 70.82, "adv_accuracy": 61.71875}, "epoch22": {"train_loss": 222.76312792301178, "train_accuracy": 55.1, "test_loss": 90.14274179935455, "test_accuracy": 70.52, "adv_accuracy": 53.90625}, "epoch23": {"train_loss": 217.03457903862, "train_accuracy": 56.366, "test_loss": 87.46278685331345, "test_accuracy": 71.15, "adv_accuracy": 60.546875}, "epoch24": {"train_loss": 211.20000010728836, "train_accuracy": 57.39, "test_loss": 83.95586293935776, "test_accuracy": 71.95, "adv_accuracy": 66.40625}, "epoch25": {"train_loss": 206.77476525306702, "train_accuracy": 58.158, "test_loss": 82.76402896642685, "test_accuracy": 72.6, "adv_accuracy": 66.015625}, "epoch26": {"train_loss": 202.72677093744278, "train_accuracy": 58.7, "test_loss": 81.46031099557877, "test_accuracy": 72.59, "adv_accuracy": 69.53125}, "epoch27": {"train_loss": 199.67687320709229, "train_accuracy": 59.32, "test_loss": 86.09013587236404, "test_accuracy": 71.44, "adv_accuracy": 67.578125}, "epoch28": {"train_loss": 194.49166667461395, "train_accuracy": 60.134, "test_loss": 85.0124004483223, "test_accuracy": 72.17, "adv_accuracy": 65.625}, "epoch29": {"train_loss": 191.0344778895378, "train_accuracy": 60.622, "test_loss": 81.25431394577026, "test_accuracy": 71.81, "adv_accuracy": 66.40625}, "epoch30": {"train_loss": 189.37036281824112, "train_accuracy": 60.792, "test_loss": 77.74284166097641, "test_accuracy": 75.0, "adv_accuracy": 70.3125}, "epoch31": {"train_loss": 186.36612623929977, "train_accuracy": 61.486, "test_loss": 77.32328426837921, "test_accuracy": 73.98, "adv_accuracy": 66.796875}, "epoch32": {"train_loss": 179.88668793439865, "train_accuracy": 62.742, "test_loss": 79.31036424636841, "test_accuracy": 73.87, "adv_accuracy": 73.4375}, "epoch33": {"train_loss": 175.53497695922852, "train_accuracy": 63.336, "test_loss": 82.29060739278793, "test_accuracy": 72.01, "adv_accuracy": 69.53125}, "epoch34": {"train_loss": 170.58801400661469, "train_accuracy": 64.504, "test_loss": 80.43502056598663, "test_accuracy": 73.29, "adv_accuracy": 73.046875}, "epoch35": {"train_loss": 165.76207941770554, "train_accuracy": 65.4, "test_loss": 75.41578906774521, "test_accuracy": 74.82, "adv_accuracy": 70.703125}, "epoch36": {"train_loss": 160.0979636311531, "train_accuracy": 66.252, "test_loss": 77.80380761623383, "test_accuracy": 72.9, "adv_accuracy": 73.046875}, "epoch37": {"train_loss": 155.25214833021164, "train_accuracy": 67.372, "test_loss": 75.99677270650864, "test_accuracy": 74.39, "adv_accuracy": 67.578125}, "epoch38": {"train_loss": 150.92926383018494, "train_accuracy": 68.176, "test_loss": 70.21923696994781, "test_accuracy": 75.88, "adv_accuracy": 76.171875}, "epoch39": {"train_loss": 146.53379821777344, "train_accuracy": 69.21, "test_loss": 77.92531615495682, "test_accuracy": 74.25, "adv_accuracy": 74.21875}, "epoch40": {"train_loss": 143.1118306517601, "train_accuracy": 69.62, "test_loss": 70.28819933533669, "test_accuracy": 76.21, "adv_accuracy": 81.25}, "epoch41": {"train_loss": 135.75872790813446, "train_accuracy": 71.296, "test_loss": 75.69384488463402, "test_accuracy": 74.46, "adv_accuracy": 70.703125}, "epoch42": {"train_loss": 132.24673253297806, "train_accuracy": 71.832, "test_loss": 72.45263141393661, "test_accuracy": 75.71, "adv_accuracy": 76.5625}, "epoch43": {"train_loss": 128.083875477314, "train_accuracy": 72.846, "test_loss": 77.5314804315567, "test_accuracy": 73.98, "adv_accuracy": 78.90625}, "epoch44": {"train_loss": 122.85367208719254, "train_accuracy": 73.74, "test_loss": 77.39019247889519, "test_accuracy": 74.78, "adv_accuracy": 81.640625}, "epoch45": {"train_loss": 116.2312561571598, "train_accuracy": 75.076, "test_loss": 71.85246488451958, "test_accuracy": 75.74, "adv_accuracy": 77.34375}, "epoch46": {"train_loss": 109.44318270683289, "train_accuracy": 76.604, "test_loss": 68.82198429107666, "test_accuracy": 76.63, "adv_accuracy": 81.640625}, "epoch47": {"train_loss": 105.3435360789299, "train_accuracy": 77.218, "test_loss": 69.9519804418087, "test_accuracy": 76.39, "adv_accuracy": 83.59375}, "epoch48": {"train_loss": 100.54089143872261, "train_accuracy": 78.312, "test_loss": 71.20246466994286, "test_accuracy": 75.87, "adv_accuracy": 87.5}, "epoch49": {"train_loss": 93.26045382022858, "train_accuracy": 79.86, "test_loss": 66.95100954174995, "test_accuracy": 77.45, "adv_accuracy": 83.203125}, "epoch50": {"train_loss": 86.29667153954506, "train_accuracy": 81.28, "test_loss": 71.1170908510685, "test_accuracy": 75.46, "adv_accuracy": 89.84375}, "epoch51": {"train_loss": 76.74483296275139, "train_accuracy": 83.4, "test_loss": 69.14884462952614, "test_accuracy": 77.29, "adv_accuracy": 88.671875}, "epoch52": {"train_loss": 70.70497152209282, "train_accuracy": 84.88, "test_loss": 69.77776056528091, "test_accuracy": 76.54,