{"epoch1": {"train_loss": 359.6031057983637, "train_accuracy": 32.25425, "test_loss": 211.33121645450592, "test_accuracy": 30.96, "adv_accuracy": 21.09375}, "epoch2": {"train_loss": 288.84225507825613, "train_accuracy": 44.86975, "test_loss": 197.82485687732697, "test_accuracy": 36.53, "adv_accuracy": 22.65625}, "epoch3": {"train_loss": 252.53236144036055, "train_accuracy": 51.78, "test_loss": 160.93323600292206, "test_accuracy": 45.43, "adv_accuracy": 15.625}, "epoch4": {"train_loss": 230.68577364087105, "train_accuracy": 56.25775, "test_loss": 123.1722646355629, "test_accuracy": 55.44, "adv_accuracy": 29.6875}, "epoch5": {"train_loss": 213.04724418744445, "train_accuracy": 59.43925, "test_loss": 136.0009707212448, "test_accuracy": 55.0, "adv_accuracy": 24.609375}, "epoch6": {"train_loss": 199.98867340013385, "train_accuracy": 61.88675, "test_loss": 101.41402250528336, "test_accuracy": 63.87, "adv_accuracy": 30.46875}, "epoch7": {"train_loss": 185.1921194680035, "train_accuracy": 64.4095, "test_loss": 86.42086088657379, "test_accuracy": 69.56, "adv_accuracy": 39.0625}, "epoch8": {"train_loss": 168.92434848845005, "train_accuracy": 67.35875, "test_loss": 73.83122816681862, "test_accuracy": 73.87, "adv_accuracy": 42.1875}, "epoch9": {"train_loss": 152.41974791511893, "train_accuracy": 70.6605, "test_loss": 55.24794799089432, "test_accuracy": 80.47, "adv_accuracy": 47.65625}, "epoch10": {"train_loss": 138.6284287199378, "train_accuracy": 73.6695, "test_loss": 45.07369455695152, "test_accuracy": 84.68, "adv_accuracy": 58.203125}, "train_time": 1502.2851786613464}